starter,challenge,iteration
neato,sales,7
neato,login,7
neato,added,7
neato,color,7
neato,means,9
neato,works,7
neato,linux,7
neato,makes,7
neato,shows,7
neato,stuff,7
neato,japan,7
neato,asked,7
neato,blood,7
neato,rated,7
neato,takes,7
neato,fixed,7
neato,looks,7
neato,latin,7
neato,virus,7
neato,owned,7
neato,tried,7
neato,ended,7
neato,fight,7
neato,filed,7
neato,korea,7
neato,wales,7
neato,scene,7
neato,mixed,7
neato,knows,7
neato,bound,7
neato,boobs,7
neato,yours,7
neato,moore,7
neato,strip,7
neato,tight,7
neato,finds,7
neato,rhode,7
neato,talks,7
neato,cocks,7
neato,radar,7
neato,shock,7
neato,dicke,7
neato,opens,7
neato,tokyo,7
neato,saudi,7
neato,fluid,7
neato,sized,7
neato,dated,7
neato,shoot,7
neato,corps,7
neato,valve,7
neato,liked,7
neato,fotos,7
neato,cited,7
neato,skype,7
neato,tired,7
neato,sauce,7
neato,lanka,7
neato,voted,7
neato,lycos,7
neato,zdnet,7
neato,toner,7
neato,latex,7
neato,wanna,7
neato,salon,7
neato,kodak,7
neato,faced,7
neato,lotus,7
neato,likes,7
neato,lopez,7
neato,ebook,7
neato,dicks,7
neato,stuck,7
neato,wired,7
neato,bitch,7
neato,myers,7
neato,wider,7
neato,screw,7
neato,cabin,7
neato,fired,7
neato,syria,7
neato,klein,7
neato,tribe,7
neato,thong,7
neato,msgid,7
neato,mazda,7
neato,ascii,7
neato,mardi,7
neato,qatar,7
neato,sheer,7
neato,scuba,7
neato,dried,7
neato,singh,7
neato,vsnet,7
neato,papua,7
neato,lined,7
neato,boxed,7
neato,elect,7
neato,tions,7
neato,token,7
neato,kinda,7
neato,johns,7
neato,mpegs,7
neato,mixer,7
neato,sbjct,7
neato,tahoe,7
neato,apnic,7
neato,scoop,7
neato,whore,7
neato,fibre,7
neato,bored,7
neato,allah,7
neato,safer,7
neato,sided,7
neato,lynch,7
neato,urine,7
neato,sears,9
neato,popup,7
neato,coupe,7
neato,tonga,7
neato,libya,7
neato,kazaa,7
neato,baked,7
neato,couch,7
neato,optic,7
neato,acted,7
neato,steak,7
neato,cobra,7
neato,cried,7
neato,coded,7
neato,rolex,7
neato,bauer,7
neato,qaeda,7
neato,macau,7
neato,acura,7
neato,aston,7
neato,whois,7
neato,sioux,7
neato,didnt,7
neato,forex,7
neato,uncut,7
neato,winxp,7
neato,widow,7
neato,juicy,8
neato,mayer,7
neato,vapor,7
neato,winnt,7
neato,socio,8
neato,typed,7
neato,satan,7
neato,tarot,7
neato,aires,7
neato,biker,7
neato,bates,7
neato,rabbi,7
neato,razor,7
neato,cough,7
neato,tibet,7
neato,isuzu,7
neato,dinar,7
neato,tesco,8
neato,lohan,7
neato,toons,7
neato,aided,7
neato,lacks,7
neato,akron,7
neato,maths,7
neato,silva,7
neato,swear,7
neato,intra,7
neato,enron,7
neato,codec,7
neato,msnbc,7
neato,hurts,7
neato,mikes,7
neato,shook,7
neato,faroe,7
neato,logon,7
neato,vinci,7
neato,kappa,7
neato,liter,7
neato,sings,7
neato,vioxx,7
neato,sobre,7
neato,torah,7
neato,mafia,7
neato,lyons,7
neato,lipid,7
neato,oprah,7
neato,eaton,7
neato,swept,7
neato,lesbo,8
neato,chung,7
neato,stoke,7
neato,kauai,7
neato,diggs,7
neato,macon,7
neato,prada,9
neato,ipods,7
neato,roche,7
neato,warez,7
neato,ditch,7
neato,slept,7
neato,ibook,7
neato,cocos,7
neato,thurs,7
neato,ricoh,7
neato,cared,7
neato,expat,7
neato,maori,7
neato,moran,7
neato,macos,7
neato,fauna,7
neato,zyban,7
neato,dolce,7
neato,magna,7
neato,cajun,7
neato,mound,7
neato,wears,9
neato,raton,7
neato,banff,7
neato,viper,7
neato,litre,7
neato,wight,7
neato,steer,7
neato,aired,7
neato,sakai,7
neato,inlog,7
neato,entre,7
neato,saxon,7
neato,aloha,7
neato,algae,7
neato,byrne,7
neato,cheng,7
neato,jihad,7
neato,raped,7
neato,rotor,7
neato,yates,7
neato,infos,7
neato,lange,7
neato,locke,7
neato,bogus,7
neato,faded,7
neato,diode,7
neato,voyer,7
neato,asean,7
neato,barre,7
neato,cooke,7
neato,bayer,7
neato,topps,7
neato,wilde,7
neato,mayen,7
neato,vitae,7
neato,conan,7
neato,sinus,7
neato,todos,7
neato,monde,7
neato,opted,7
neato,shrek,7
neato,eater,7
neato,layup,7
neato,rican,7
neato,tummy,8
neato,wigan,7
neato,astra,7
neato,mondo,8
neato,mcgee,7
neato,fined,7
neato,corba,7
neato,yummy,8
neato,annan,7
neato,mower,7
neato,abort,7
neato,votre,7
neato,edged,7
neato,lupus,7
neato,sachs,7
neato,taxed,7
neato,taped,7
neato,shure,7
neato,antec,7
neato,matic,7
neato,iconv,7
neato,fitch,7
neato,sinai,7
neato,aopen,7
neato,mater,7
neato,aiken,7
neato,wiped,7
neato,baden,7
neato,duffy,8
neato,cowan,7
neato,abbas,7
neato,eweek,7
neato,infra,7
neato,lycra,7
neato,monet,7
neato,mkdir,7
neato,vader,7
neato,coeur,7
neato,wager,7
neato,youre,7
neato,actin,7
neato,altec,7
neato,sonar,7
neato,taxon,7
neato,earch,7
neato,infor,7
neato,faber,7
neato,acton,7
neato,kinja,7
neato,ligne,7
neato,inode,7
neato,mayan,7
neato,wolff,7
neato,ofthe,7
neato,illus,7
neato,upton,7
neato,libre,7
neato,abode,7
neato,wiper,7
neato,falun,7
neato,lagos,7
neato,uconn,7
neato,codex,7
neato,unhcr,7
neato,skoda,7
neato,spree,7
neato,alles,7
neato,valor,7
neato,sabre,7
neato,banda,7
neato,estee,7
neato,stowe,7
neato,libra,7
neato,slows,7
neato,radon,7
neato,roget,7
neato,coder,7
neato,chong,7
neato,cours,7
neato,zappa,7
neato,milne,7
neato,sheen,7
neato,chobe,7
neato,jabra,7
neato,torre,7
neato,boyer,7
neato,synod,7
neato,marys,7
neato,mckee,7
neato,andes,7
neato,bylaw,7
neato,mcrae,7
neato,maxon,7
neato,mikey,8
neato,corgi,7
neato,dykes,7
neato,fleur,7
neato,einer,7
neato,saber,7
neato,folic,7
neato,wicca,7
neato,exxon,7
neato,gonzo,8
neato,maher,7
neato,botox,7
neato,roxio,8
neato,mined,7
neato,fiori,7
neato,kanji,7
neato,moron,7
neato,winch,7
neato,sarge,7
neato,bahia,7
neato,karat,7
neato,modis,7
neato,ecran,7
neato,miers,7
neato,dakar,7
neato,rsync,7
neato,tween,7
neato,alder,7
neato,midas,7
neato,raced,7
neato,equiv,7
neato,roper,7
neato,indus,7
neato,apnea,7
neato,asker,7
neato,toned,7
neato,dared,7
neato,condi,7
neato,dalai,7
neato,strat,7
neato,mocha,7
neato,dword,7
neato,tonne,7
neato,faxed,7
neato,cadre,7
neato,cabot,7
neato,koran,7
neato,zoned,7
neato,steph,7
neato,bowed,7
neato,alpes,7
neato,ulead,7
neato,einen,7
neato,enews,7
neato,vijay,8
neato,dries,7
neato,waugh,7
neato,inuit,7
neato,adder,7
neato,dolan,7
neato,fatah,7
neato,soooo,10
neato,laude,7
neato,sitio,8
neato,towne,7
neato,boron,7
neato,vowed,7
neato,tiled,7
neato,snuff,7
neato,sonet,7
neato,uship,7
neato,liebe,7
neato,unter,7
neato,sieve,7
neato,bloch,7
neato,janus,7
neato,sykes,7
neato,fiche,7
neato,tabor,7
neato,bowes,7
neato,diced,7
neato,vicar,7
neato,oates,7
neato,ident,7
neato,dwyer,7
neato,wierd,7
neato,marek,7
neato,riken,7
neato,agora,7
neato,amana,9
neato,carer,7
neato,laced,7
neato,lanai,7
neato,verso,8
neato,zheng,7
neato,bower,7
neato,biggs,7
neato,salud,7
neato,longs,7
neato,dawes,7
neato,studi,7
neato,girly,8
neato,oiled,7
neato,varna,7
neato,fodor,7
neato,acces,7
neato,byers,7
neato,codon,7
neato,souza,7
neato,morph,7
neato,bihar,7
neato,uttar,7
neato,flexi,7
neato,magee,7
neato,labia,7
neato,addis,7
neato,makin,7
neato,teeny,9
neato,etext,7
neato,dobbs,7
neato,mitac,7
neato,sabah,7
neato,wagga,7
neato,fopen,7
neato,lizzy,8
neato,einai,7
neato,sions,7
neato,sched,7
neato,bjork,7
neato,rhone,7
neato,schon,7
neato,donne,7
neato,vtech,7
neato,donde,7
neato,aster,7
neato,mitre,7
neato,rapes,7
neato,addon,7
neato,jalan,7
neato,boces,7
neato,trium,7
neato,cadiz,7
neato,shone,7
neato,dolor,7
neato,filer,7
neato,irina,7
neato,mylar,7
neato,astor,7
neato,zocor,7
neato,churn,7
neato,madre,7
neato,iwork,7
neato,libro,8
neato,bumpy,8
neato,aleph,7
neato,spock,7
neato,toric,7
neato,frans,8
neato,titre,7
neato,bonne,7
neato,boyds,7
neato,drier,7
neato,coors,7
neato,dagen,7
neato,todas,7
neato,yikes,7
neato,wonka,7
neato,alcoa,7
neato,etrex,7
neato,tully,8
neato,swore,7
neato,trier,7
neato,anova,7
neato,loewe,7
neato,bondi,7
neato,esque,7
neato,barra,7
neato,aller,7
neato,cajon,7
neato,yarra,7
neato,lobos,7
neato,libxt,7
neato,batik,7
neato,odour,7
neato,doped,7
neato,rocha,7
neato,towed,7
neato,medio,8
neato,facie,7
neato,clout,7
neato,jours,7
neato,coord,7
neato,wynne,7
neato,conde,7
neato,stent,7
neato,taker,7
neato,tioga,7
neato,ayuda,7
neato,linea,7
neato,minot,7
neato,lowes,7
neato,educa,7
neato,kotor,7
neato,klear,7
neato,hippy,8
neato,sheng,7
neato,strep,7
neato,ayres,7
neato,speci,7
neato,lapis,7
neato,synch,7
neato,allis,7
neato,otros,7
neato,mohan,7
neato,mucus,7
neato,loews,7
neato,liege,7
neato,ashok,7
neato,usepa,7
neato,sheik,7
neato,darpa,7
neato,jstor,7
neato,ripon,7
neato,modus,7
neato,kilda,7
neato,solis,7
neato,dvdrw,7
neato,inthe,7
neato,optra,7
neato,canna,7
neato,morin,7
neato,doran,7
neato,oclug,7
neato,steen,7
neato,innes,7
neato,acqua,7
neato,sitka,7
neato,jakub,7
neato,cunny,9
neato,accra,7
neato,sauer,7
neato,estab,7
neato,waged,7
neato,waxed,7
neato,islip,7
neato,jaded,7
neato,radii,7
neato,eines,7
neato,waxes,7
neato,coden,7
neato,struc,7
neato,pppoe,7
neato,oster,7
neato,bayes,7
neato,vipix,7
neato,ender,7
neato,bajar,7
neato,moyer,7
neato,datos,7
neato,sighs,7
neato,wifes,7
neato,fokus,7
neato,corrs,7
neato,kihei,7
neato,antcn,7
neato,cigna,7
neato,bader,7
neato,unger,7
neato,kagan,7
neato,intec,7
neato,targa,7
neato,coker,7
neato,accor,7
neato,libor,7
neato,sider,7
neato,adodb,7
neato,kochi,7
neato,akbar,7
neato,joerg,7
neato,eidos,7
neato,tolar,7
neato,oskar,7
neato,maroc,7
neato,tongs,7
neato,bogen,7
neato,anzac,7
neato,dirac,7
neato,chubb,7
neato,katja,7
neato,laois,7
neato,sigia,7
neato,eigen,7
neato,async,7
neato,achat,7
neato,etoys,7
neato,sigur,7
neato,radix,7
neato,mopar,7
neato,stdin,7
neato,barak,7
neato,rabin,7
neato,eared,7
neato,rigor,7
neato,sager,7
neato,caged,7
neato,ahern,7
neato,torus,7
neato,winer,7
neato,elgar,7
neato,ahora,7
neato,ayala,9
neato,dazed,7
neato,sited,7
neato,surry,7
neato,fleer,7
neato,moped,7
neato,libri,7
neato,mated,7
neato,kafka,7
neato,slurp,7
neato,islas,7
neato,sayin,7
neato,vinny,8
neato,tiene,7
neato,spode,7
neato,bucky,8
neato,johor,7
neato,boggs,7
neato,biden,7
neato,yoder,7
neato,tance,7
neato,syrah,7
neato,zhong,7
neato,tengo,8
neato,youve,7
neato,ryobi,7
neato,kazan,7
neato,eagan,7
neato,soros,7
neato,anche,7
neato,ducky,8
neato,vieux,7
neato,wxdxh,7
neato,bloor,7
neato,tonos,7
neato,lated,7
neato,vries,7
neato,manna,7
neato,inoue,7
neato,adorn,7
neato,mahon,7
neato,squaw,7
neato,corus,7
neato,fader,7
neato,marne,7
neato,ragga,7
neato,macnn,7
neato,danni,7
neato,warne,7
neato,lifes,7
neato,aquos,7
neato,rizzo,8
neato,oakes,7
neato,magix,7
neato,minas,7
neato,joked,7
neato,fared,7
neato,fleck,7
neato,estas,7
neato,estar,7
neato,odeon,7
neato,zacks,7
neato,cowon,7
neato,piero,8
neato,miter,7
neato,fagan,7
neato,darcs,7
neato,steyn,7
neato,prana,9
neato,trike,7
neato,inria,7
neato,iupui,7
neato,catia,7
neato,maris,7
neato,forza,7
neato,faked,7
neato,fiore,7
neato,sabha,7
neato,yorke,7
neato,dodds,7
neato,agric,7
neato,alban,7
neato,litas,7
neato,coyne,7
neato,kleen,7
neato,rojas,7
neato,rouen,7
neato,machu,7
neato,aveda,7
neato,yorks,7
neato,offre,7
neato,unfpa,7
neato,petco,8
neato,ences,7
neato,aphex,7
neato,corre,7
neato,clegg,7
neato,fated,7
neato,lazer,7
neato,babys,7
neato,chuan,7
neato,direc,7
neato,mirza,7
neato,optus,7
neato,mitra,7
neato,avoca,7
neato,lates,7
neato,litho,8
neato,salve,7
neato,meteo,8
neato,avoir,7
neato,cowes,7
neato,mayne,7
neato,agnew,7
neato,cowen,7
neato,alloc,7
neato,mingw,7
neato,dynix,7
neato,usfws,7
neato,tigre,7
neato,cheep,7
neato,unwin,7
neato,lidar,7
neato,perso,8
neato,vocab,7
neato,yonge,7
neato,grier,7
neato,inked,7
neato,licht,7
neato,objet,7
neato,spunk,7
neato,monza,7
neato,ikeda,7
neato,liber,7
neato,linde,7
neato,conus,7
neato,moxie,7
neato,speer,7
neato,engin,7
neato,ronde,7
neato,rodin,7
neato,zandt,7
neato,avent,7
neato,cient,7
neato,mance,7
neato,chown,7
neato,altri,7
neato,aphis,7
neato,lough,7
neato,vigrx,7
neato,kiowa,7
neato,jimbo,7
neato,aslan,7
neato,anoka,7
neato,rajiv,7
neato,boned,7
neato,annes,7
neato,tonka,7
neato,ascap,7
neato,junky,8
neato,carpe,7
neato,catan,7
neato,runny,8
neato,ichat,7
neato,sinha,7
neato,epcot,7
neato,hondo,8
neato,shrew,7
neato,iskin,7
neato,babar,7
neato,mauna,7
neato,dongs,7
neato,evers,7
neato,piezo,8
neato,krieg,7
neato,molex,7
neato,otcbb,7
neato,dacia,7
neato,ritek,7
neato,spect,7
neato,takin,7
neato,altus,7
neato,canis,7
neato,crier,7
neato,sirna,7
neato,swede,7
neato,sheba,7
neato,mears,9
neato,sonne,7
neato,cleat,7
neato,indra,7
neato,sabin,7
neato,clwyd,7
neato,malin,7
neato,manoj,7
neato,volga,7
neato,corea,7
neato,salas,7
neato,sayre,7
neato,soyuz,7
neato,tajik,7
neato,mayes,7
neato,lites,7
neato,mbeki,7
neato,bazar,7
neato,aicpa,7
neato,yadav,7
neato,mnfrs,7
neato,rauch,7
neato,rummy,8
neato,finca,7
neato,kiran,7
neato,stoop,7
neato,fpgas,7
neato,sikhs,7
neato,svlug,7
neato,bodog,7
neato,lxwxh,7
neato,macht,7
neato,forde,7
neato,usted,7
neato,wxhxd,7
neato,scran,7
neato,ishii,7
neato,moyen,7
neato,rajan,7
neato,dopod,7
neato,midob,7
neato,sagan,7
neato,thorp,7
neato,alben,7
neato,sahib,7
neato,facia,7
neato,wsdot,7
neato,dyfed,7
neato,fatwa,7
neato,rabat,7
neato,saleh,7
neato,eport,7
neato,ihren,7
neato,daten,7
neato,borer,7
neato,saeed,7
neato,beene,7
neato,yorba,7
neato,skeet,7
neato,taber,7
neato,akers,7
neato,alcan,7
neato,rhein,7
neato,bijou,7
neato,razer,7
neato,topix,7
neato,txdot,7
neato,barca,7
neato,foros,7
neato,triax,7
neato,lakhs,7
neato,fotze,7
neato,thera,7
neato,magda,7
neato,etude,7
neato,talib,7
neato,fseek,7
neato,vided,7
neato,lancs,7
neato,stora,7
neato,rioja,7
neato,minox,7
neato,msdos,7
neato,filip,7
neato,byrds,7
neato,manet,7
neato,kondo,8
neato,bidet,7
neato,carex,7
neato,manos,7
neato,kendo,8
neato,cokin,7
neato,wilds,7
neato,mache,7
neato,markt,7
neato,blobs,7
neato,banca,7
neato,rondo,8
neato,activ,7
neato,sindh,7
neato,linac,7
neato,loghi,7
neato,manoa,7
neato,tothe,7
neato,ihnen,7
neato,scrip,7
neato,kawai,7
neato,ulong,7
neato,fluor,7
neato,bijan,7
neato,likud,7
neato,rater,7
neato,cated,7
neato,dalek,7
neato,jahre,7
neato,itrip,7
neato,mobic,7
neato,attrs,7
neato,occup,7
neato,sacha,7
neato,dixit,7
neato,raged,7
neato,boyne,7
neato,exten,7
neato,lazar,7
neato,mahdi,7
neato,vilas,7
neato,mijas,7
neato,sanus,7
neato,fylde,7
neato,aptos,7
neato,cayce,7
neato,cgcgg,7
neato,dello,7
neato,spook,7
neato,ionia,7
neato,olden,7
neato,tatar,7
neato,acker,7
neato,minka,7
neato,abuja,7
neato,rader,7
neato,lauer,7
neato,zales,7
neato,espys,7
neato,capra,7
neato,bloat,7
neato,yadda,7
neato,abrir,7
neato,schip,7
neato,otras,7
neato,yohji,7
neato,kylix,7
neato,exchg,7
neato,yiorg,7
neato,mtdna,7
neato,conga,7
neato,adnan,7
neato,wordt,7
neato,equus,7
neato,indep,7
neato,cdnas,7
neato,dynax,7
neato,mnras,7
neato,vides,7
neato,chron,7
neato,milos,7
neato,untuk,7
neato,micha,7
neato,fazer,7
neato,rocca,7
neato,mappa,7
neato,ctype,7
neato,ricks,7
neato,sleet,7
neato,aichi,7
neato,aucun,7
neato,saree,7
neato,longo,8
neato,theor,7
neato,kerio,8
neato,isbns,7
neato,boner,7
neato,coppa,7
neato,aprox,7
neato,carne,7
neato,stron,7
neato,sodas,7
neato,upped,7
neato,faure,7
neato,salah,7
neato,bythe,7
neato,trine,7
neato,zoran,7
neato,finan,7
neato,lieut,7
neato,logit,7
neato,miura,7
neato,inova,7
neato,kolab,7
neato,exper,7
neato,rarer,7
neato,dobra,7
neato,snook,7
neato,sloop,7
neato,effec,7
neato,elura,7
neato,acgih,7
neato,jacek,7
neato,kates,7
neato,ihrer,7
neato,kanda,7
neato,machi,7
neato,ochre,7
neato,karas,7
neato,faris,7
neato,bande,7
neato,badia,7
neato,yonex,7
neato,dined,7
neato,magus,7
neato,bores,7
neato,tokai,7
neato,silex,7
neato,royer,7
neato,rohde,7
neato,ooops,7
neato,laban,7
neato,arima,7
neato,egrep,7
neato,coroa,7
neato,sires,7
neato,onlin,7
neato,roque,7
neato,tcpip,7
neato,sturt,7
neato,mazur,7
neato,caret,7
neato,tclug,7
neato,maeda,7
neato,vichy,7
neato,apres,7
neato,balch,7
neato,neues,10
neato,varia,7
neato,rogan,7
neato,lihue,7
neato,tokio,8
neato,minos,7
neato,tabac,7
neato,anhui,7
neato,graca,8
neato,ficus,7
neato,mcdba,7
neato,carre,7
neato,vinod,7
neato,tubby,7
neato,mired,7
neato,colne,7
neato,aflac,7
neato,volpe,7
neato,bolus,7
neato,dozer,7
neato,mazza,7
neato,snuck,7
neato,fanuc,7
neato,olean,7
neato,mapas,7
neato,altre,7
neato,radha,7
neato,riker,7
neato,satya,7
neato,ahhhh,7
neato,modoc,7
neato,ochoa,7
neato,joris,7
neato,sarin,7
neato,ariat,7
neato,schuh,7
neato,exton,7
neato,scoot,7
neato,toeic,7
neato,yello,8
neato,dooce,7
neato,nitin,8
neato,alors,7
neato,larch,7
neato,iccpr,7
neato,situs,7
neato,boles,7
neato,botha,7
neato,tanga,7
neato,ladys,7
neato,igure,7
neato,mccue,7
neato,larne,7
neato,tecmo,8
neato,mirra,7
neato,malek,7
neato,tseng,7
neato,jager,7
neato,salix,7
neato,loner,7
neato,tbogg,7
neato,kahne,7
neato,ustar,7
neato,kwong,7
neato,uribe,7
neato,spong,7
neato,angen,7
neato,grieg,7
neato,mahan,7
neato,wimpy,8
neato,kolbe,7
neato,actos,7
neato,bigot,7
neato,titer,7
neato,adena,7
neato,downe,7
neato,lenco,8
neato,denso,8
neato,bahru,7
neato,kogan,7
neato,danza,7
neato,rylex,7
neato,lanas,7
neato,fstab,7
neato,abreu,7
neato,gitmo,8
neato,bight,7
neato,entra,7
neato,ooooh,7
neato,ables,7
neato,oxbow,7
neato,calyx,7
neato,janne,7
neato,steht,7
neato,abcde,7
neato,mange,7
neato,mowed,7
neato,lincs,7
neato,choix,7
neato,antje,7
neato,seale,9
neato,fayre,7
neato,raked,7
neato,bizet,7
neato,youie,7
neato,agere,7
neato,journ,7
neato,vikas,7
neato,janos,7
neato,tipps,7
neato,aswan,7
neato,flyin,7
neato,ecori,7
neato,estos,7
neato,regen,7
neato,ligue,7
neato,conds,7
neato,lanza,7
neato,uscis,7
neato,cnews,7
neato,kimmy,8
neato,stenn,7
neato,maken,7
neato,sayer,7
neato,intex,7
neato,micra,7
neato,wylde,7
neato,manag,7
neato,etech,7
neato,madan,7
neato,efter,7
neato,obeys,7
neato,layed,7
neato,bluez,7
neato,signi,7
neato,carib,7
neato,kyung,7
neato,bloks,7
neato,majid,7
neato,lorex,7
neato,lorca,7
neato,varga,7
neato,albee,7
neato,monad,7
neato,matos,7
neato,onder,7
neato,jilin,7
neato,satis,7
neato,astin,7
neato,eilat,7
neato,eldis,7
neato,docid,7
neato,astar,7
neato,fondo,8
neato,bizzy,7
neato,avnet,7
neato,adran,7
neato,sagar,7
neato,oriya,7
neato,shree,7
neato,wiebe,7
neato,alpen,7
neato,ingot,7
neato,mimeo,8
neato,yakov,7
neato,lyris,7
neato,vrije,7
neato,lyred,7
neato,sayed,7
neato,ssris,7
neato,tipos,7
neato,rikku,7
neato,jabba,7
neato,anjou,7
neato,ector,7
neato,carew,7
neato,bajaj,7
neato,poppa,7
neato,wilks,7
neato,manon,7
neato,rakhi,7
neato,allin,7
neato,maran,7
neato,obgyn,7
neato,borda,7
neato,vidar,7
neato,katya,7
neato,thunk,7
neato,dilip,7
neato,beals,8
neato,banos,7
neato,dwodp,7
neato,eshop,7
neato,tring,7
neato,popov,7
neato,zagat,7
neato,fides,7
neato,indic,7
neato,marca,7
neato,tibor,7
neato,boxxx,7
neato,rohit,7
neato,lyrik,7
neato,asuka,7
neato,rafah,7
neato,dards,7
neato,grice,7
neato,finde,7
neato,solas,7
neato,mikko,8
neato,sanur,7
neato,matra,7
neato,scuff,7
neato,anouk,7
neato,akoya,7
neato,adres,7
neato,kinko,8
neato,ingen,7
neato,coche,7
neato,ishop,7
neato,logue,7
neato,apexi,7
neato,iknow,7
neato,fuqua,7
neato,dafoe,7
neato,coeff,7
neato,tyner,7
neato,sired,7
neato,boker,7
neato,bourg,7
neato,taran,7
neato,waren,7
neato,maggi,7
neato,speek,7
neato,knorr,7
neato,effet,7
neato,trigg,7
neato,cored,7
neato,verio,8
neato,atten,7
neato,calor,7
neato,salut,7
neato,laure,7
neato,eicon,7
neato,yaris,7
neato,eldar,7
neato,mappe,7
neato,doron,7
neato,icone,7
neato,ahava,8
neato,pinko,8
neato,saran,7
neato,onthe,7
neato,sowie,7
neato,myung,7
neato,vipps,7
neato,uklug,7
neato,clude,7
neato,farid,7
neato,arion,7
neato,ariba,7
neato,foren,7
neato,torna,7
neato,miler,7
neato,papel,7
neato,facog,7
neato,crips,7
neato,foret,7
neato,roden,7
neato,yanni,7
neato,worcs,7
neato,bibby,7
neato,danke,7
neato,eltax,7
neato,simpy,8
neato,ragin,7
neato,bynes,7
neato,eiger,7
neato,sakar,7
neato,oppor,7
neato,doria,7
neato,cific,7
neato,incas,7
neato,skein,7
neato,bizar,7
neato,matin,7
neato,elles,7
neato,cynon,7
neato,unban,7
neato,stdev,7
neato,cifra,7
neato,flynt,7
neato,lalit,7
neato,aspyr,7
neato,tages,7
neato,waker,7
neato,avena,7
neato,baugh,7
neato,taxid,7
neato,ridin,7
neato,snowe,7
neato,zohar,7
neato,allee,7
neato,marke,7
neato,sonus,7
neato,isere,7
neato,espnu,7
neato,kiely,8
neato,sneer,7
neato,esher,7
neato,minow,7
neato,kirov,7
neato,faria,7
neato,sizer,7
neato,ocoee,7
neato,siglo,8
neato,sucky,8
neato,wneud,7
neato,mcnab,7
neato,siler,7
neato,boyes,7
neato,capex,7
neato,fiero,8
neato,ringe,7
neato,viera,7
neato,oldie,7
neato,tater,7
neato,anniv,7
neato,sybex,7
neato,vinay,8
neato,maxed,7
neato,pippa,7
neato,roedd,7
neato,boren,7
neato,maung,7
neato,ragan,7
neato,roupa,7
neato,topex,7
neato,yager,7
neato,codev,7
neato,chdir,7
neato,irian,7
neato,abcaz,7
neato,roxen,7
neato,zayed,7
neato,lydon,7
neato,copia,7
neato,razed,7
neato,avhrr,7
neato,fotki,7
neato,manus,7
neato,atkin,7
neato,magik,7
neato,japon,7
neato,moree,7
neato,axcis,7
neato,vidya,7
neato,mongo,8
neato,mihai,7
neato,kaoru,7
neato,kanon,7
neato,sipix,7
neato,koren,7
neato,tynan,7
neato,bayan,7
neato,elric,7
neato,ilugc,7
neato,banka,7
neato,oaten,7
neato,macys,7
neato,laker,7
neato,barna,7
neato,jarre,7
neato,afore,7
neato,konig,7
neato,uchar,7
neato,ripen,7
neato,athos,7
neato,wyden,7
neato,dawgs,7
neato,fukui,7
neato,iblog,7
neato,shwrs,7
neato,bodas,7
neato,pinfo,8
neato,minha,7
neato,vicks,7
neato,motos,7
neato,itech,7
neato,inone,7
neato,riche,7
neato,wesco,8
neato,clecs,7
neato,wring,7
neato,caton,7
neato,bogue,7
neato,amano,8
neato,ophir,7
neato,mapes,7
neato,usdot,7
neato,steck,7
neato,sooke,7
neato,adora,7
neato,pippi,7
neato,roped,7
neato,lakin,7
neato,bared,7
neato,humus,7
neato,rspca,7
neato,optik,7
neato,tahir,7
neato,cowie,7
neato,woden,7
neato,kiper,7
neato,ladin,7
neato,datei,7
neato,solus,7
neato,folie,7
neato,bleue,7
neato,rozen,7
neato,sadat,7
neato,ceedy,7
neato,banus,7
neato,chebi,7
neato,ailes,7
neato,torri,7
neato,fixup,7
neato,etwas,7
neato,cogan,7
neato,brama,7
neato,altea,7
neato,waned,7
neato,futur,7
neato,cyrix,7
neato,larus,7
neato,dalit,7
neato,ilana,8
neato,dados,7
neato,bocce,7
neato,mizer,7
neato,showa,7
neato,shqip,7
neato,sheva,7
neato,rappa,7
neato,walid,7
neato,astec,7
neato,bogan,7
neato,tigra,7
neato,dower,7
neato,ricin,7
neato,gitzo,8
neato,michi,7
neato,bskyb,7
neato,adhoc,7
neato,bochs,7
neato,bogie,7
neato,wifey,8
neato,yaron,7
neato,jakks,7
neato,osler,7
neato,bakke,7
neato,mtekk,7
neato,oleic,7
neato,thune,7
neato,siden,7
neato,cacia,7
neato,logix,7
neato,alera,7
neato,asciz,7
neato,kapaa,7
neato,roker,7
neato,ublic,7
neato,soper,7
neato,kozak,7
neato,wchar,7
neato,eades,7
neato,darke,7
neato,albus,7
neato,langa,7
neato,wader,7
neato,moyne,7
neato,rtecs,7
neato,ungar,7
neato,tikka,7
neato,anker,7
neato,calcu,7
neato,sacre,7
neato,ritmo,8
neato,snead,7
neato,asana,9
neato,copie,7
neato,inten,7
neato,elrod,7
neato,sonos,7
neato,chuch,7
neato,marra,7
neato,manas,7
neato,mader,7
neato,flere,7
neato,cocke,7
neato,chern,7
neato,lindh,7
neato,fiken,7
neato,lytic,7
neato,madhu,7
neato,edger,7
neato,radek,7
neato,speex,7
neato,baran,7
neato,magne,7
neato,jinan,7
neato,dired,7
neato,coped,7
neato,kazza,7
neato,indiv,7
neato,votos,7
neato,sinan,7
neato,istat,7
neato,inout,7
neato,lowed,7
neato,tybee,7
neato,chubs,7
neato,moria,7
neato,safin,7
neato,wilke,7
neato,tarek,7
neato,kapok,7
neato,pvpgn,7
neato,sklar,7
neato,alloa,7
neato,askin,7
neato,vendo,8
neato,pipex,7
neato,uhuru,7
neato,folia,7
neato,sawed,7
neato,maree,7
neato,injen,7
neato,eigrp,7
neato,schur,7
neato,kidde,7
neato,dacor,7
neato,sheff,7
neato,ellos,7
neato,rowed,7
neato,loupe,7
neato,kirin,7
neato,oikos,7
neato,robie,7
neato,elkin,7
neato,barat,7
neato,wplug,7
neato,bleek,7
neato,elook,7
neato,abend,7
neato,fibra,7
neato,sania,7
neato,uluru,7
neato,bolin,7
neato,cclrc,7
neato,praca,9
neato,addin,7
neato,astea,7
neato,awwww,7
neato,saenz,7
neato,sorin,7
neato,dabei,7
neato,infix,7
neato,maxdb,7
neato,opoia,7
neato,chowk,7
neato,ciber,7
neato,encad,7
neato,escap,7
neato,tapia,7
neato,loken,7
neato,stori,7
neato,fabre,7
neato,utran,7
neato,calea,7
neato,bawug,7
neato,magni,7
neato,mixin,7
neato,loder,7
neato,sneed,7
neato,ohhhh,7
neato,shoei,7
neato,wythe,7
neato,bocca,7
neato,sipps,7
neato,spork,7
neato,yatra,7
neato,binks,7
neato,shedd,7
neato,isync,7
neato,vachs,7
neato,mylan,7
neato,tilia,7
neato,marrs,7
neato,utena,7
neato,mieux,7
neato,marae,7
neato,lindt,7
neato,sayid,7
neato,dobie,7
neato,kitch,7
neato,jouer,7
neato,vater,7
neato,lapin,7
neato,vanda,7
neato,vieja,7
neato,bloed,7
neato,tatra,7
neato,adjab,7
neato,aguas,7
neato,ystod,7
neato,enuff,7
neato,dungy,8
neato,salou,7
neato,arinc,7
neato,viton,7
neato,stuns,7
neato,adeje,7
neato,binns,7
neato,sikes,7
neato,mbean,7
neato,anbar,7
neato,sacra,7
neato,booed,7
neato,objec,7
neato,moura,7
neato,jaune,7
neato,silke,7
neato,linki,7
neato,zadar,7
neato,kapur,7
neato,sankt,7
neato,ignis,7
neato,unrwa,7
neato,chlor,7
neato,bolan,7
neato,toque,7
neato,atoka,7
neato,jikes,7
neato,milks,7
neato,tidak,7
neato,dport,7
neato,maldi,7
neato,monit,7
neato,lacan,7
neato,cilia,7
neato,salar,7
neato,avera,7
neato,lyles,7
neato,tieng,7
neato,stoxx,7
neato,rajah,7
neato,satie,7
neato,athan,7
neato,uhrde,7
neato,egger,7
neato,waded,7
neato,flore,7
neato,margi,7
neato,fiera,7
neato,copps,7
neato,kofax,7
neato,avons,7
neato,akaka,7
neato,tinny,8
neato,bagan,7
neato,talus,7
neato,wahre,7
neato,eglin,7
neato,carob,7
neato,boric,7
neato,sotec,7
neato,yucky,8
neato,joppa,7
neato,adana,9
neato,jongg,7
neato,vobis,7
neato,rhyne,7
neato,wowbb,7
neato,mckie,7
neato,tawas,7
neato,ached,7
neato,clerc,7
neato,douce,7
neato,sweex,7
neato,attac,7
neato,rconv,7
neato,oiler,7
neato,magia,7
neato,shura,7
neato,tarja,7
neato,marat,7
neato,vixie,7
neato,cgrid,7
neato,rotax,7
neato,longa,7
neato,bindi,7
neato,alcon,7
neato,ashie,7
neato,lorus,7
neato,woche,7
neato,pipet,7
neato,calpe,7
neato,agnus,7
neato,sarch,7
neato,rilke,7
neato,minix,7
neato,elene,7
neato,altai,7
neato,rubus,7
neato,vibra,7
neato,mypet,7
neato,carrs,7
neato,robbs,7
neato,igrep,7
neato,toler,7
neato,antik,7
neato,adlon,7
neato,stour,7
neato,toyed,7
neato,tonks,7
neato,exept,7
neato,strix,7
neato,ydych,7
neato,acord,7
neato,pappa,7
neato,minde,7
neato,jaton,7
neato,barbi,7
neato,onlne,7
neato,scree,7
neato,esgic,7
neato,alten,7
neato,exoyn,7
neato,banja,7
neato,gunny,8
neato,andis,7
neato,trinh,7
neato,zakat,7
neato,tourn,7
neato,actes,7
neato,taras,7
neato,tarun,7
neato,lawes,7
neato,circe,7
neato,steyr,7
neato,vihar,7
neato,boldt,7
neato,vagas,7
neato,mazar,7
neato,tyger,7
neato,menno,8
neato,obras,7
neato,lakai,7
neato,kanab,7
neato,mazen,7
neato,altes,7
neato,ipfix,7
neato,blois,7
neato,ronge,7
neato,tanka,7
neato,execu,7
neato,unece,7
neato,istep,7
neato,attra,7
neato,babor,7
neato,upthu,7
neato,bayne,7
neato,offen,7
neato,lorde,7
neato,aipac,7
neato,cylon,7
neato,origi,7
neato,tinea,7
neato,ofbiz,7
neato,viene,7
neato,taree,7
neato,eatin,7
neato,katha,7
neato,pergo,8
neato,agana,9
neato,kenpo,8
neato,btree,7
neato,soler,7
neato,papai,7
neato,vidoe,7
neato,soria,7
neato,shoop,7
neato,fouad,7
neato,alexi,7
neato,siehe,7
neato,cobbs,7
neato,rhwng,7
neato,fagor,7
neato,lande,7
neato,ecker,7
neato,tokyu,7
neato,exude,7
neato,jiggy,7
neato,landa,7
neato,kopen,7
neato,catie,7
neato,vadis,7
neato,endor,7
neato,alper,7
neato,edlug,7
neato,abbox,7
neato,onlie,7
neato,oberg,7
neato,aider,7
neato,calib,7
neato,abdur,7
neato,datuk,7
neato,cybex,7
neato,sagen,7
neato,swrcb,7
neato,datex,7
neato,sabot,7
neato,iacuc,7
neato,innis,7
neato,tekno,8
neato,dupuy,10
neato,fateh,7
neato,jawed,7
neato,moyes,7
neato,ulnar,7
neato,cpuid,7
neato,shoup,7
neato,lobed,7
neato,vagus,7
neato,angew,7
neato,yogic,7
neato,mylex,7
neato,allez,7
neato,calvi,7
neato,grint,7
neato,kfree,7
neato,ajung,7
neato,jinks,7
neato,kahan,7
neato,jarig,7
neato,zilog,7
neato,swope,7
neato,trini,7
neato,jonge,7
neato,clube,7
neato,lprng,7
neato,fnord,7
neato,mirna,7
neato,tinos,7
neato,lwlan,7
neato,tsuen,7
neato,djgpp,7
neato,satyr,7
neato,altra,7
neato,digic,7
neato,tobit,7
neato,tiket,7
neato,cnooc,7
neato,adama,9
neato,esect,7
neato,vitis,7
neato,souci,7
neato,jahan,7
neato,largs,7
neato,fifra,7
neato,coxon,7
neato,robed,7
neato,ipeds,7
neato,marah,7
neato,ltype,7
neato,maron,7
neato,bahai,7
neato,dhcpd,7
neato,capac,7
neato,salva,7
neato,bitzi,7
neato,typhi,7
neato,cardi,7
neato,andor,7
neato,klong,7
neato,porro,7
neato,moder,7
neato,efnet,7
neato,tauck,7
neato,barba,7
neato,vinca,7
neato,exter,7
neato,satoh,7
neato,kinyo,8
neato,mauer,7
neato,coton,7
neato,ature,7
neato,yoper,7
neato,soong,7
neato,atlus,7
neato,tiber,7
neato,kanga,7
neato,wakka,7
neato,kauri,7
neato,stena,7
neato,malic,7
neato,spoor,7
neato,bnwot,7
neato,wowed,7
neato,ojeda,7
neato,byung,7
neato,enfin,7
neato,bungy,8
neato,vfunc,7
neato,jogos,7
neato,siggy,11
neato,colac,7
neato,dayan,7
neato,alwyn,7
neato,birra,7
neato,khong,7
neato,kluge,7
neato,marui,7
neato,mowat,7
neato,finke,7
neato,oborn,7
neato,mauri,7
neato,fabia,7
neato,eakin,7
neato,salih,7
neato,dinan,7
neato,epoca,7
neato,olbia,7
neato,vajra,7
neato,chert,7
neato,mbone,7
neato,bonin,7
neato,aiche,7
neato,situa,7
neato,buzzy,8
neato,maler,7
neato,blogg,7
neato,evora,7
neato,viren,7
neato,tighe,7
neato,pipit,7
neato,eider,7
neato,espen,7
neato,mikki,7
neato,bluej,7
neato,aleks,7
neato,ajuda,7
neato,jaber,7
neato,wooed,7
neato,randa,7
neato,tinue,7
neato,biter,7
neato,epcra,7
neato,aight,7
neato,aspca,7
neato,sanya,7
neato,wahid,7
neato,boths,7
neato,unruh,7
neato,zatch,7
neato,aboot,7
neato,manne,7
neato,bolen,7
neato,iinet,7
neato,jahia,7
neato,dadra,7
neato,adara,9
neato,unwed,7
neato,anges,7
neato,dakin,7
neato,octek,7
neato,yolen,7
neato,clued,7
neato,takei,7
neato,tabak,7
neato,biche,7
neato,ladda,7
neato,vigna,7
neato,cdrws,7
neato,usdoe,7
neato,blech,7
neato,tuffy,8
neato,slorc,7
neato,tarde,7
neato,viner,7
neato,dager,7
neato,sacds,7
neato,lipps,7
neato,lifer,7
neato,saban,7
neato,falke,7
neato,varun,7
neato,itron,7
neato,libpq,7
neato,apear,7
neato,rober,7
neato,poppe,7
neato,encre,7
neato,malus,7
neato,tagen,7
neato,moono,8
neato,eclat,7
neato,doric,7
neato,bonet,7
neato,ribas,7
neato,aldon,7
neato,toews,7
neato,altix,7
neato,sache,7
neato,skriv,7
neato,minke,7
neato,tices,7
neato,sadiq,7
neato,ladie,7
neato,ostia,7
neato,abled,7
neato,theis,7
neato,racin,7
neato,koloa,7
neato,stoys,7
neato,toure,7
neato,ronni,7
neato,titen,7
neato,acuff,7
neato,knowe,7
neato,inorg,7
neato,mohaa,7
neato,copan,7
neato,aleut,7
neato,lofar,7
neato,syros,7
neato,katzi,7
neato,larga,7
neato,marga,7
neato,sanuk,7
neato,raper,7
neato,fagen,7
neato,ilecs,7
neato,borja,7
neato,asner,7
neato,volun,7
neato,augur,7
neato,micki,7
neato,coleg,7
neato,rabun,7
neato,birks,7
neato,riled,7
neato,zanax,7
neato,sueur,7
neato,encap,7
neato,aycan,7
neato,scons,7
neato,yount,7
neato,vsync,7
neato,tukey,8
neato,vnode,7
neato,sabor,7
neato,mahar,7
neato,robbe,7
neato,dapat,7
neato,jolee,7
neato,koons,7
neato,diwan,7
neato,eowyn,7
neato,doerr,7
neato,rodan,7
neato,mathe,7
neato,inure,7
neato,itweb,7
neato,oscon,7
neato,cobit,7
neato,linke,7
neato,biron,7
neato,innit,7
neato,alber,7
neato,lider,7
neato,aquat,7
neato,mangt,7
neato,tapis,7
neato,fixit,7
neato,cauda,7
neato,bklyn,7
neato,loras,7
neato,rajya,7
neato,vitus,7
neato,tozer,7
neato,bldgs,7
neato,obert,7
neato,shoah,7
neato,stroh,7
neato,tippy,8
neato,mtext,7
neato,sopot,7
neato,vedio,8
neato,stupa,7
neato,tsung,7
neato,zitat,7
neato,foran,7
neato,rodos,7
neato,didax,7
neato,sifry,8
neato,kword,7
neato,kaori,7
neato,jaqui,7
neato,ycbcr,7
neato,bonzo,8
neato,ranga,7
neato,appid,7
neato,zilch,7
neato,varig,7
neato,corin,7
neato,radke,7
neato,corne,7
neato,vidor,7
neato,slone,7
neato,morbi,7
neato,sklep,7
neato,udocs,7
neato,estan,7
neato,kooga,7
neato,vitex,7
neato,ipcop,7
neato,mafic,7
neato,vanna,7
neato,bache,7
neato,tnrcc,7
neato,vande,7
neato,ciena,7
neato,ering,7
neato,limey,8
neato,liger,7
neato,axkit,7
neato,torii,7
neato,ifpri,7
neato,korda,7
neato,sshrc,7
neato,sidhe,7
neato,jayna,7
neato,donzi,7
neato,enced,7
neato,solow,7
neato,choon,7
neato,bilde,7
neato,ecchi,7
neato,minne,7
neato,bowne,7
neato,raghu,7
neato,mccaw,7
neato,apgar,7
neato,radia,7
neato,capon,7
neato,maggs,7
neato,mofos,7
neato,awana,9
neato,yonah,7
neato,sowed,7
neato,jafar,7
neato,mtune,7
neato,daegu,7
neato,wyler,7
neato,canad,7
neato,saens,7
neato,thuja,7
neato,squib,7
neato,konya,7
neato,alpin,7
neato,kinki,7
neato,lagan,7
neato,integ,7
neato,ahuja,7
neato,arava,7
neato,zafar,7
neato,barbe,7
neato,magog,7
neato,macha,7
neato,ypres,7
neato,danze,7
neato,baggs,7
neato,kabhi,7
neato,votze,7
neato,ijcai,7
neato,witha,7
neato,manip,7
neato,kissy,8
neato,wyong,7
neato,cincy,8
neato,zorba,7
neato,sangh,7
neato,aerio,8
neato,ohchr,7
neato,micon,7
neato,spogg,7
neato,citys,7
neato,locka,7
neato,mknod,7
neato,okura,7
neato,ankur,7
neato,wikka,7
neato,zonet,7
neato,tiere,7
neato,angra,7
neato,cardz,7
neato,liles,7
neato,kongo,8
neato,islan,7
neato,popex,7
neato,aplus,7
neato,aalib,7
neato,knode,7
neato,skeen,7
neato,magid,7
neato,offic,7
neato,ainda,7
neato,kaqws,7
neato,sprue,7
neato,tinga,7
neato,babyz,7
neato,kayne,7
neato,rikon,7
neato,valar,7
neato,makan,7
neato,rwqcb,7
neato,babin,7
neato,toten,7
neato,miron,7
neato,sonor,7
neato,tsuji,7
neato,kader,7
neato,dynex,7
neato,mofaz,7
neato,morag,7
neato,benno,8
neato,avner,7
neato,wiens,7
neato,opere,7
neato,daher,7
neato,lahat,7
neato,magie,7
neato,doren,7
neato,bondo,8
neato,bogor,7
neato,dylid,7
neato,sigue,7
neato,amaro,7
neato,hunny,9
neato,logik,7
neato,annot,7
neato,matiz,7
neato,rafik,7
neato,kathe,7
neato,caned,7
neato,malak,7
neato,mcbee,7
neato,bonar,7
neato,obgin,7
neato,mobos,7
neato,donee,7
neato,fgrep,7
neato,lauda,7
neato,sauze,7
neato,sopra,7
neato,kolar,7
neato,eynde,7
neato,lynde,7
neato,ligon,7
neato,safar,7
neato,boeri,7
neato,iqnet,7
neato,wieck,7
neato,atthe,7
neato,balun,7
neato,sahih,7
neato,fores,7
neato,aqhna,7
neato,caput,7
neato,manik,7
neato,lalor,7
neato,kitab,7
neato,daler,7
neato,cohan,7
neato,malan,7
neato,tahun,7
neato,ovoid,7
neato,fwend,7
neato,yunus,7
neato,genio,8
neato,elara,8
neato,asano,7
neato,sidon,7
neato,exhib,7
neato,itext,7
neato,eitan,7
neato,balck,7
neato,calne,7
neato,tonge,7
neato,batra,7
neato,libxi,7
neato,atrix,7
neato,lilug,7
neato,marja,7
neato,fstop,7
neato,fibro,8
neato,bined,7
neato,inker,7
neato,varie,7
neato,forbs,7
neato,vlogs,7
neato,sochi,7
neato,kenco,8
neato,joern,7
neato,thein,7
neato,svend,7
neato,stree,7
neato,malas,7
neato,excep,7
neato,aleve,7
neato,logie,7
neato,reget,7
neato,soled,7
neato,zouch,7
neato,malad,7
neato,kimmo,7
neato,macke,7
neato,rabck,7
neato,adlib,7
neato,igfbp,7
neato,talis,7
neato,fazed,7
neato,fagin,7
neato,minar,7
neato,occhi,7
neato,dagon,7
neato,dolci,7
neato,vitra,7
neato,konus,7
neato,sande,7
neato,jirga,7
neato,wybod,7
neato,abuzz,7
neato,alkyd,7
neato,coreg,7
neato,tilak,7
neato,loong,7
neato,lader,7
neato,huggy,7
neato,bilan,7
neato,saqib,7
neato,libgd,7
neato,optix,7
neato,aktiv,7
neato,otten,7
neato,wixen,7
neato,koepi,7
neato,frama,7
neato,achos,7
neato,muncy,9
neato,shoin,7
neato,linas,7
neato,kiton,7
neato,kacke,7
neato,sippy,8
neato,actus,7
neato,grama,8
neato,stort,7
neato,windu,7
neato,vious,7
neato,mazer,7
neato,roten,7
neato,mixon,7
neato,sidan,7
neato,alcor,7
neato,estep,7
neato,ronja,7
neato,balin,7
neato,ssdna,7
neato,safir,7
neato,carde,7
neato,bodys,7
neato,modas,7
neato,ouput,7
neato,deseo,8
neato,macks,7
neato,marea,7
neato,skene,7
neato,estat,7
neato,skort,7
neato,bybee,7
neato,tacis,7
neato,livro,8
neato,jobcv,7
neato,mjpeg,7
neato,lieve,7
neato,motiv,7
neato,tcpxx,7
neato,tanah,7
neato,caran,7
neato,ances,7
neato,dbget,7
neato,rocki,7
neato,rolen,7
neato,expan,7
neato,fxcop,7
neato,ojjdp,7
neato,effex,7
neato,magis,7
neato,minit,7
neato,scher,7
neato,kobra,7
neato,molec,7
neato,sarda,7
neato,sabri,7
neato,cance,7
neato,lseek,7
neato,cokes,7
neato,tomko,7
neato,endre,7
neato,ronen,7
neato,dsrna,7
neato,bbhub,7
neato,anura,7
neato,sicht,7
neato,ustad,7
neato,incor,7
neato,klerk,7
neato,miken,7
neato,moden,7
neato,salat,7
neato,mooie,7
neato,zajac,7
neato,uteri,7
neato,alara,7
neato,farad,7
neato,pople,7
neato,mowie,7
neato,vidin,7
neato,appin,7
neato,londo,8
neato,latah,7
neato,sidhu,7
neato,rizvi,7
neato,andar,7
neato,mukul,7
neato,zweig,7
neato,copra,7
neato,bahar,7
neato,frase,7
neato,oogie,7
neato,synce,7
neato,kimbo,7
neato,mogas,7
neato,lanos,7
neato,douwe,7
neato,asada,9
neato,korps,7
neato,matix,7
neato,aquis,7
neato,mocca,7
neato,bwrdd,7
neato,manji,7
neato,raddb,7
neato,ollar,7
neato,ffree,7
neato,zadeh,7
neato,bolic,7
neato,oltre,7
neato,fcdrv,7
neato,tanis,7
neato,spohn,7
neato,calen,7
neato,tappi,7
neato,sodus,7
neato,macca,7
neato,biens,7
neato,eadie,7
neato,etten,7
neato,liegt,7
neato,hraka,8
neato,dauer,7
neato,citra,7
neato,ohrid,7
neato,boleh,7
neato,theos,7
neato,jawad,7
neato,balad,7
neato,sakic,7
neato,monuc,7
neato,karch,7
neato,verbo,8
neato,morex,7
neato,osten,7
neato,sigir,7
neato,vwxyz,7
neato,lajos,7
neato,kirke,7
neato,marka,7
neato,enzer,7
neato,shoud,7
neato,griot,7
neato,epcos,7
neato,jinny,8
neato,soldi,7
neato,fizik,7
neato,stepp,7
neato,darya,7
neato,janik,7
neato,racgp,7
neato,lanna,7
neato,lifev,7
neato,waked,7
neato,logis,7
neato,inder,7
neato,ishow,7
neato,atrac,7
neato,aspin,7
neato,maent,7
neato,matej,7
neato,liban,7
neato,botch,7
neato,chora,7
neato,libio,8
neato,voced,7
neato,ihres,7
neato,shupp,7
neato,binet,7
neato,majic,7
neato,booke,7
neato,tient,7
neato,acorp,7
neato,monat,7
neato,figur,7
neato,baber,7
neato,ofwat,7
neato,dordt,7
neato,taxus,7
neato,sapir,7
neato,enyce,7
neato,zahid,7
neato,blued,7
neato,untar,7
neato,eters,7
neato,tello,12
neato,caked,7
neato,fglrx,7
neato,amada,9
neato,calan,7
neato,lochs,7
neato,metso,8
neato,ribes,7
neato,kojak,7
neato,vigne,7
neato,sanna,7
neato,athex,7
neato,catid,7
neato,donot,7
neato,balan,7
neato,dozed,7
neato,rogge,7
neato,annee,7
neato,scena,7
neato,kdeui,7
neato,danie,7
neato,ryton,7
neato,cabra,7
neato,tonon,7
neato,anfon,7
neato,vaduz,7
neato,carus,7
neato,dokic,7
neato,arana,9
neato,altis,7
neato,fanon,7
neato,wolin,7
neato,cgggc,7
neato,fifos,7
neato,joblo,8
neato,kalin,7
neato,bonzi,7
neato,antex,7
neato,lippi,7
neato,aftab,7
neato,dinas,7
neato,zadok,7
neato,infec,7
neato,swppp,7
neato,beery,9
neato,triac,7
neato,acuna,7
neato,souix,7
neato,sanda,7
neato,dogue,7
neato,bojan,7
neato,dyers,7
neato,mauch,7
neato,rayed,7
neato,eirik,7
neato,dicot,7
neato,modra,7
neato,lockd,7
neato,morne,7
neato,dooku,7
neato,cowed,7
neato,dater,7
neato,middx,7
neato,kalki,7
neato,opers,7
neato,dahab,7
neato,sprit,7
neato,vient,7
neato,clyne,7
neato,cboos,7
neato,kabat,7
neato,lotos,7
neato,sabes,7
neato,picno,8
neato,oboes,7
neato,caras,7
neato,liqui,7
neato,trias,7
neato,tagan,7
neato,stong,7
neato,fixin,7
neato,vache,7
neato,janke,7
neato,maner,7
neato,burry,7
neato,mydns,7
neato,scopa,7
neato,inwin,7
neato,bacup,7
neato,socan,7
neato,atech,7
neato,chgrp,7
neato,torun,7
neato,tibbs,7
neato,marit,7
neato,bagot,7
neato,zawya,7
neato,laren,7
neato,chori,7
neato,sibiu,7
neato,fiord,7
neato,jades,7
neato,gesso,8
neato,tiree,7
neato,sated,7
neato,dumpy,8
neato,cspan,7
neato,cicek,7
neato,bothe,7
neato,minet,7
neato,bogut,7
neato,baldi,7
neato,longe,7
neato,robbo,9
neato,hissy,8
neato,spurr,7
neato,dhoni,7
neato,squee,7
neato,eclac,7
neato,cades,7
neato,janez,7
neato,boger,7
neato,indir,7
neato,kohan,7
neato,fatih,7
neato,gries,7
neato,cloze,7
neato,mochi,7
neato,zarah,7
neato,ayton,7
neato,ested,7
neato,lacus,7
neato,vires,7
neato,konga,7
neato,attar,7
neato,kalau,7
neato,yaniv,7
neato,eolas,7
neato,updos,7
neato,lieux,7
neato,lagoa,7
neato,vingt,7
neato,zizek,7
neato,sicko,8
neato,uther,7
neato,barer,7
neato,arius,7
neato,etree,7
neato,silat,7
neato,osdpd,7
neato,mopac,7
neato,rajon,7
neato,monge,7
neato,ospar,7
neato,vitek,7
neato,marya,7
neato,videx,7
neato,radin,7
neato,araba,9
neato,wapen,7
neato,barri,7
neato,monic,7
neato,mahou,7
neato,caped,7
neato,iskra,7
neato,doone,7
neato,kotka,7
neato,popen,7
neato,esure,7
neato,coria,7
neato,kriya,7
neato,istea,7
neato,moxon,7
neato,faxon,7
neato,shuns,7
neato,rinos,7
neato,kanai,7
neato,loper,7
neato,mesmo,8
neato,carps,7
neato,dahon,7
neato,eries,7
neato,incan,7
neato,expor,7
neato,vales,7
neato,selly,7
neato,saner,7
neato,ondcp,7
neato,koopa,7
neato,axboe,7
neato,vnbiz,7
neato,oxted,7
neato,asper,7
neato,cogen,7
neato,cahen,7
neato,dtend,7
neato,varus,7
neato,cbeds,7
neato,shogi,7
neato,taube,7
neato,wsxga,7
neato,mazon,7
neato,rooke,7
neato,corot,7
neato,regel,7
neato,rafiq,7
neato,typer,7
neato,orien,7
neato,baren,7
neato,rizzi,7
neato,ladue,7
neato,cdnow,7
neato,estec,7
neato,daoud,7
neato,kouri,7
neato,sydow,7
neato,oledb,7
neato,virii,7
neato,coreq,7
neato,kiten,7
neato,saxes,7
neato,veeco,8
neato,manis,7
neato,solna,7
neato,woops,7
neato,borde,7
neato,motet,7
neato,aafes,7
neato,indre,7
neato,sarna,7
neato,rania,7
neato,canin,7
neato,indah,7
neato,lspci,7
neato,andru,7
neato,klyne,7
neato,klean,7
neato,engen,7
neato,tidus,7
neato,aring,7
neato,viens,7
neato,sadhu,7
neato,ritzy,8
neato,istar,7
neato,coxxx,7
neato,cowra,7
neato,actua,7
neato,minho,8
neato,myweb,7
neato,facit,7
neato,andys,7
neato,flybe,7
neato,cobre,7
neato,ickes,7
neato,tsuki,7
neato,shere,7
neato,donec,7
neato,bywyd,7
neato,kazak,7
neato,sprog,7
neato,allok,7
neato,ivers,7
neato,konno,8
neato,abord,7
neato,aaeon,7
neato,sinar,7
neato,baeza,7
neato,ebner,7
neato,ryden,7
neato,oswin,7
neato,johne,7
neato,ongar,7
neato,othon,7
neato,atriz,7
neato,tatet,7
neato,calis,7
neato,riyad,7
neato,osher,7
neato,matur,7
neato,clore,7
neato,signo,8
neato,sonix,7
neato,unodc,7
neato,ragas,7
neato,zazen,7
neato,legno,8
neato,cgccc,7
neato,conve,7
neato,okuda,7
neato,ulama,8
neato,kemco,8
neato,wolds,7
neato,moret,7
neato,enjoi,7
neato,sinex,7
neato,volks,7
neato,kempo,8
neato,usbid,7
neato,winex,7
neato,thous,7
neato,ditka,7
neato,equis,7
neato,wylug,7
neato,calcs,7
neato,babak,7
neato,kanya,7
neato,maric,7
neato,thoas,7
neato,sirah,7
neato,manin,7
neato,flori,7
neato,shhhh,7
neato,vicia,7
neato,steig,7
neato,mirai,7
neato,bluer,7
neato,donau,7
neato,dlext,7
neato,kalos,7
neato,torcs,7
neato,biber,7
neato,fabra,7
neato,snood,7
neato,trion,7
neato,dweud,7
neato,elfen,7
neato,banki,7
neato,elwes,7
neato,hongo,8
neato,egnos,7
neato,canet,7
neato,cardd,7
neato,shenk,7
neato,zinda,7
neato,soyez,7
neato,agron,7
neato,milch,7
neato,yaqui,7
neato,roxas,7
neato,svein,7
neato,kahit,7
neato,algor,7
neato,shyne,7
neato,yayoi,7
neato,catus,7
neato,joran,7
neato,zinni,7
neato,karns,7
neato,atque,7
neato,sines,7
neato,kirch,7
neato,agder,7
neato,sourc,7
neato,zakir,7
neato,fstat,7
neato,ccccg,7
neato,stuur,7
neato,riles,7
neato,shope,7
neato,baros,7
neato,timbo,7
neato,boxen,7
neato,irion,7
neato,mcgaw,7
neato,arama,9
neato,fbdev,7
neato,sours,7
neato,spurn,7
neato,oozed,7
neato,molde,7
neato,foood,7
neato,vanya,7
neato,falck,7
neato,dahan,7
neato,flues,7
neato,banen,7
neato,wades,7
neato,bajos,7
neato,alnus,7
neato,isthe,7
neato,ontop,7
neato,bonde,7
neato,esnet,7
neato,lyrcs,7
neato,cerco,8
neato,lucey,8
neato,tauri,7
neato,sonde,7
neato,linee,7
neato,xliii,7
neato,koehn,7
neato,tikki,7
neato,lwork,7
neato,pizzo,8
neato,kolor,7
neato,baled,7
neato,doled,7
neato,jaqua,7
neato,cribb,7
neato,neben,7
neato,mosso,9
neato,digga,7
neato,cshrc,7
neato,dogan,7
neato,cummy,7
neato,borge,7
neato,sates,7
neato,upenn,7
neato,peals,9
neato,anzor,7
neato,tonys,7
neato,thuan,7
neato,asoka,7
neato,mikro,8
neato,vores,7
neato,bidir,7
neato,snrnp,7
neato,salus,7
neato,esler,7
neato,genco,8
neato,cgcca,7
neato,mblog,7
neato,bodin,7
neato,udyog,7
neato,boros,7
neato,klock,7
neato,speke,7
neato,inces,7
neato,fagus,7
neato,cafod,7
neato,valen,7
neato,tabid,7
neato,mikan,7
neato,appar,7
neato,jouni,7
neato,fickt,7
neato,idled,7
neato,seele,7
neato,eloan,7
neato,diene,7
neato,doles,7
neato,dalen,7
neato,booch,7
neato,ratna,7
neato,biped,7
neato,tichy,9
neato,logec,7
neato,dalat,7
neato,dieet,7
neato,kalba,7
neato,wanes,7
neato,stunk,7
neato,fauns,7
neato,tblog,7
neato,dorff,7
neato,lvlug,7
neato,dring,7
neato,vilna,7
neato,warda,7
neato,talat,7
neato,monee,7
neato,dient,7
neato,razak,7
neato,faoin,7
neato,uddin,7
neato,cabri,7
neato,rawat,7
neato,katze,7
neato,osuna,7
neato,iopus,7
neato,cervo,8
neato,dsdna,7
neato,ujena,7
neato,solex,7
neato,nexen,7
neato,mands,7
neato,sabie,7
neato,kaput,7
neato,dodaj,7
neato,radic,7
neato,chuuk,7
neato,enloe,7
neato,apter,7
neato,aldus,7
neato,cheez,7
neato,monon,7
neato,sinds,7
neato,fobus,7
neato,skews,7
neato,rothe,7
neato,usccb,7
neato,matar,7
neato,rinds,7
neato,vikes,7
neato,sinon,7
neato,illes,7
neato,koper,7
neato,altan,7
neato,baris,7
neato,saone,7
neato,toyne,7
neato,augue,7
neato,cabas,7
neato,bocas,7
neato,mplab,7
neato,tagoh,7
neato,dunny,8
neato,valia,7
neato,unced,7
neato,rogar,7
neato,ginko,8
neato,ogura,7
neato,expen,7
neato,moniz,7
neato,agcas,7
neato,sinew,7
neato,mapex,7
neato,knopp,7
neato,exped,7
neato,varda,7
neato,fawns,7
neato,karhu,7
neato,wilko,7
neato,axxis,7
neato,kinde,7
neato,doyen,7
neato,effin,7
neato,farge,7
neato,chere,7
neato,finny,8
neato,rinoa,7
neato,tumut,7
neato,expre,7
neato,sopac,7
neato,vanek,7
neato,kobes,7
neato,ulric,7
neato,oanda,7
neato,loden,7
neato,bourn,7
neato,sobig,7
neato,balik,7
neato,lorre,7
neato,mycnn,7
neato,finno,8
neato,moone,7
neato,sotho,8
neato,sauve,7
neato,ahaha,7
neato,jserv,7
neato,chers,7
neato,dagan,7
neato,foxxx,7
neato,attap,7
neato,ished,7
neato,ipgri,7
neato,baten,7
neato,joxer,7
neato,mande,7
neato,carda,7
neato,cardx,7
neato,etype,7
neato,firey,8
neato,aboba,7
neato,cozad,7
neato,canda,7
neato,rihga,7
neato,efron,7
neato,elche,7
neato,thuis,7
neato,rspan,7
neato,varon,7
neato,cobia,7
neato,monin,7
neato,uspap,7
neato,mizar,7
neato,livio,8
neato,valic,7
neato,storr,7
neato,sicut,7
neato,enger,7
neato,jinja,7
neato,tohru,7
neato,vitor,7
neato,chedi,7
neato,withe,7
neato,ewoks,7
neato,rotan,7
neato,cinet,7
neato,kapor,7
neato,appia,7
neato,tribu,7
neato,follo,10
neato,akong,7
neato,kyles,7
neato,kabob,7
neato,madea,7
neato,dylai,7
neato,vated,7
neato,sones,7
neato,maten,7
neato,uring,7
neato,ected,7
neato,faune,7
neato,kalan,7
neato,knoop,7
neato,anoop,7
neato,mydvd,7
neato,mazak,7
neato,cajas,7
neato,canbe,7
neato,acbee,7
neato,finck,7
neato,voces,7
neato,fslug,7
neato,marad,7
neato,rodda,7
neato,yanuk,7
neato,kotak,7
neato,tique,7
neato,racor,7
neato,chuen,7
neato,valis,7
neato,uncer,7
neato,songz,7
neato,aargh,7
neato,manju,7
neato,echen,7
neato,linie,7
neato,cardc,7
neato,kafir,7
neato,adlut,7
neato,clews,7
neato,stoch,7
neato,yoked,7
neato,ribot,7
neato,annet,7
neato,tares,7
neato,kanha,7
neato,steri,7
neato,kukui,7
neato,kneed,7
neato,sowah,7
neato,fauci,7
neato,steff,7
neato,itype,7
neato,carga,7
neato,tarng,7
neato,kring,7
neato,antin,7
neato,homeo,7
neato,sanet,7
neato,innen,7
neato,swydd,7
neato,sobie,7
neato,ishaq,7
neato,booga,7
neato,altas,7
neato,rscoe,7
neato,shrna,7
neato,ayoub,7
neato,lowen,7
neato,bikez,7
neato,kizer,7
neato,zions,7
neato,peele,7
neato,manar,7
neato,olbas,7
neato,jocko,8
neato,vicon,7
neato,richa,7
neato,buhay,8
neato,sahar,7
neato,erina,7
neato,raphe,7
neato,moher,7
neato,fluka,7
neato,tolan,7
neato,jonze,7
neato,dokie,7
neato,steet,7
neato,chrys,7
neato,janak,7
neato,modog,7
neato,darks,7
neato,deale,9
neato,rafat,7
neato,grijs,7
neato,legco,8
neato,skrev,7
neato,vidas,7
neato,sanja,7
neato,sscra,7
neato,ftype,7
neato,kakar,7
neato,vajda,7
neato,richt,7
neato,doyon,7
neato,maeva,7
neato,cozzi,7
neato,ssues,7
neato,fabri,7
neato,atlan,7
neato,sawai,7
neato,chocs,7
neato,loehr,7
neato,escon,7
neato,kobus,7
neato,sahni,7
neato,cappa,7
neato,qadir,7
neato,skoog,7
neato,folge,7
neato,balak,7
neato,thead,7
neato,cilip,7
neato,shlib,7
neato,asprs,7
neato,botan,7
neato,sarex,7
neato,incre,7
neato,sprat,7
neato,ssdan,7
neato,lyrix,7
neato,vinge,7
neato,ifthe,7
neato,wohin,7
neato,borah,7
neato,coben,7
neato,udupi,7
neato,oaken,7
neato,folha,7
neato,fahad,7
neato,uygur,7
neato,karup,7
neato,agama,9
neato,cifor,7
neato,dynes,7
neato,mynix,7
neato,mabon,7
neato,bloud,7
neato,dogon,7
neato,eales,7
neato,tober,7
neato,borba,7
neato,pelly,10
neato,caldb,7
neato,peery,9
neato,safed,7
neato,rotic,7
neato,chubu,7
neato,vloer,7
neato,volos,7
neato,tsuda,7
neato,unccd,7
neato,valie,7
neato,balas,7
neato,appui,7
neato,tygon,7
neato,dorje,7
neato,modrr,7
neato,exerc,7
neato,adeos,7
neato,rigas,7
neato,rabit,7
neato,fghij,7
neato,layin,7
neato,vardi,7
neato,athen,7
neato,dibbs,7
neato,louer,7
neato,lorch,7
neato,farhi,7
neato,kctcs,7
neato,atlin,7
neato,fsync,7
neato,kivio,8
neato,cycki,7
neato,anada,9
neato,eagar,7
neato,fakir,7
neato,grana,8
neato,lstat,7
neato,farre,7
neato,vogon,7
neato,dadar,7
neato,acros,7
neato,rorke,7
neato,caker,7
neato,tadic,7
neato,konka,7
neato,usdaw,7
neato,landi,7
neato,jigga,7
neato,majik,7
neato,tanie,7
neato,ayler,7
neato,icona,7
neato,danka,7
neato,dinka,7
neato,lodis,7
neato,lages,7
neato,souce,7
neato,ilkka,7
neato,albia,7
neato,teale,9
neato,kikka,7
neato,ofccp,7
neato,silve,7
neato,luque,7
neato,timey,8
neato,obzor,7
neato,tific,7
neato,barve,7
neato,badan,7
neato,clunk,7
neato,wahab,7
neato,cobar,7
neato,fayed,7
neato,unten,7
neato,ebene,7
neato,fighe,7
neato,bakar,7
neato,enfer,7
neato,vaude,7
neato,matas,7
neato,makah,7
neato,aftra,7
neato,bazin,7
neato,kaleu,7
neato,ehows,7
neato,kooka,7
neato,zaken,7
neato,aloes,7
neato,rtype,7
neato,kater,7
neato,dully,8
neato,ritch,7
neato,weepy,7
neato,skoki,7
neato,cardq,7
neato,lares,7
neato,nclug,7
neato,tinys,7
neato,asbos,7
neato,kanna,7
neato,tabus,7
neato,malev,7
neato,zooba,7
neato,egged,7
neato,coren,7
neato,bazza,7
neato,manan,7
neato,lafon,7
neato,racha,7
neato,sogno,8
neato,atlee,7
neato,banke,7
neato,aveva,7
neato,saget,7
neato,bated,7
neato,caner,7
neato,vrana,8
neato,baehr,7
neato,sards,7
neato,cides,7
neato,btech,7
neato,cshcn,7
neato,ignaz,7
neato,ister,7
neato,eares,7
neato,deepo,8
neato,tweek,7
neato,bazan,7
neato,lippe,7
neato,kiron,7
neato,vleck,7
neato,tyrie,7
neato,sneek,7
neato,worde,7
neato,cadrs,7
neato,dorna,7
neato,corex,7
neato,boras,7
neato,sieht,7
neato,vhdci,7
neato,sabrc,7
neato,tolde,7
neato,synge,7
neato,bleus,7
neato,istic,7
neato,vania,7
neato,oller,7
neato,vanni,7
neato,checa,7
neato,akcji,7
neato,calin,7
neato,yohan,7
neato,axper,7
neato,cockk,7
neato,caris,7
neato,splus,7
neato,ficha,7
neato,jobid,7
neato,schwa,7
neato,jagex,7
neato,vcore,7
neato,waqar,7
neato,draka,8
neato,titec,7
neato,farbe,7
neato,woooo,7
neato,metho,8
neato,mixup,7
neato,alona,7
neato,cadou,7
neato,rinex,7
neato,cnnnn,7
neato,kafue,7
neato,tachi,7
neato,axoax,7
neato,salvi,7
neato,shewe,7
neato,zowie,7
neato,laten,7
neato,banat,7
neato,wogan,7
neato,tikva,7
neato,joong,7
neato,lanya,7
neato,latis,7
neato,koori,7
neato,storz,7
neato,lings,7
neato,sonig,7
neato,ablex,7
neato,batak,7
neato,monik,7
neato,ulrik,7
neato,carxs,7
neato,carcs,7
neato,sofer,7
neato,llona,7
neato,oring,7
neato,ispat,7
neato,mohit,7
neato,licit,7
neato,danah,7
neato,annus,7
neato,sadek,7
neato,karna,7
neato,cerno,8
neato,typus,7
neato,exner,7
neato,chupa,7
neato,tanna,7
neato,iceni,7
neato,nslug,7
neato,citie,7
neato,cheon,7
neato,linzi,7
neato,bscat,7
neato,strop,7
neato,raeka,7
neato,ahcpr,7
neato,ituri,7
neato,dotor,7
neato,finzi,7
neato,aklan,7
neato,eyton,7
neato,cofee,7
neato,riera,7
neato,rvers,7
neato,lecco,9
neato,lawer,7
neato,kadar,7
neato,vppon,7
neato,madoc,7
neato,shewn,7
neato,antar,7
neato,eydie,7
neato,sprin,7
neato,morre,7
neato,lldpe,7
neato,balks,7
neato,gibby,7
neato,faker,7
neato,banya,7
neato,dieux,7
neato,bobbs,7
neato,ecore,7
neato,toren,7
neato,lirpa,7
neato,libxv,7
neato,dawud,7
neato,utton,7
neato,janek,7
neato,aaraa,7
neato,otoki,7
neato,kythe,7
neato,janda,7
neato,qsort,7
neato,ryuji,7
neato,cooed,7
neato,ttree,7
neato,cabac,7
neato,trama,8
neato,csrds,7
neato,backe,7
neato,rangi,7
neato,edwyn,7
neato,bator,7
neato,sappi,7
neato,finda,7
neato,thrus,7
neato,bakit,7
neato,kayna,7
neato,anten,7
neato,likey,8
neato,cheju,7
neato,raggi,7
neato,rgbhv,7
neato,conia,7
neato,itera,7
neato,fards,7
neato,spdrs,7
neato,sieur,7
neato,bipod,7
neato,stubb,7
neato,roces,7
neato,avere,7
neato,kirra,7
neato,cabig,7
neato,acrds,7
neato,sifre,7
neato,theat,7
neato,banna,7
neato,mayas,7
neato,focke,7
neato,jaeri,7
neato,donno,8
neato,klubi,7
neato,sneha,7
neato,safra,7
neato,myubc,7
neato,radda,7
neato,vards,7
neato,richy,8
neato,morea,7
neato,igert,7
neato,ccggg,7
neato,antis,7
neato,winne,7
neato,jouet,7
neato,schor,7
neato,calve,7
neato,rache,7
neato,mager,7
neato,calix,7
neato,cutey,9
neato,salis,7
neato,prava,7
neato,koror,7
neato,iherb,7
neato,usgbc,7
neato,edler,7
neato,kadir,7
neato,kobec,7
neato,anjan,7
neato,hiway,8
neato,cycad,7
neato,mapit,7
neato,yonka,7
neato,danis,7
neato,sipes,7
neato,odder,7
neato,thuat,7
neato,alukh,7
neato,vacca,7
neato,leggo,8
neato,mazzi,7
neato,doner,7
neato,ktrue,7
neato,annua,7
neato,caeds,7
neato,aereo,9
neato,dades,7
neato,ankit,7
neato,airey,8
neato,catds,7
neato,salen,7
neato,congr,7
neato,bcgeu,7
neato,topas,7
neato,kinch,7
neato,voeux,7
neato,katoh,7
neato,mkiii,7
neato,waken,7
neato,kooba,7
neato,rowid,7
neato,safex,7
neato,sorce,7
neato,aguri,7
neato,kagyu,7
neato,dawid,7
neato,mybob,7
neato,bblog,7
neato,minks,7
neato,luxus,7
neato,snrna,7
neato,malet,7
neato,walch,7
neato,libqt,7
neato,uture,7
neato,espie,7
neato,corde,7
neato,cafds,7
neato,jalic,7
neato,tiler,7
neato,rized,7
neato,candu,7
neato,alwar,7
neato,cqrds,7
neato,cwrds,7
neato,fedco,8
neato,migra,7
neato,agung,7
neato,jarek,7
neato,stevi,7
neato,nixie,8
neato,kabar,7
neato,maden,7
neato,spond,7
neato,frasi,7
neato,itoya,7
neato,bakri,7
neato,liopa,7
neato,diean,7
neato,afora,7
neato,vacua,7
neato,kogut,7
neato,tarka,7
neato,sidor,7
neato,wiggy,8
neato,escwa,7
neato,faruk,7
neato,bilgi,7
neato,wazir,7
neato,neges,7
neato,aiyar,7
neato,coega,7
neato,tilos,7
neato,cgcgc,7
neato,acter,7
neato,rojak,7
neato,rahab,7
neato,cipki,7
neato,yabba,7
neato,jseng,7
neato,malva,7
neato,whoah,7
neato,sanwa,7
neato,enlow,7
neato,myhre,7
neato,asdvs,7
neato,aplin,7
neato,jolin,7
neato,yaxis,7
neato,schau,7
neato,soton,7
neato,ocena,7
neato,lygon,7
neato,pipas,7
neato,molen,7
neato,tonio,8
neato,iowan,7
neato,makar,7
neato,biehn,7
neato,unpub,7
neato,shepp,7
neato,saroj,7
neato,demco,8
neato,bagua,7
neato,lacon,7
neato,libao,8
neato,sardi,7
neato,rinna,7
neato,fidei,7
neato,dweeb,7
neato,shupe,7
neato,fooks,7
neato,biffy,7
neato,borns,7
neato,virex,7
neato,rabia,7
neato,rbocs,7
neato,indri,7
neato,dirne,7
neato,witht,7
neato,jabir,7
neato,toone,7
neato,pemco,8
neato,ellon,7
neato,isced,7
neato,munky,9
neato,ratan,7
neato,salir,7
neato,tarin,7
neato,theyd,7
neato,ullah,7
neato,sheek,7
neato,moddd,7
neato,kirks,7
neato,carws,7
neato,odori,7
neato,eplus,7
neato,zonas,7
neato,sobek,7
neato,iapps,7
neato,acqui,7
neato,trada,8
neato,conca,7
neato,mirka,7
neato,dacre,7
neato,uhhhh,7
neato,marik,7
neato,ecoop,7
neato,ilyka,7
neato,ddrii,7
neato,citec,7
neato,ecrit,7
neato,mires,7
neato,ondes,7
neato,sixer,7
neato,ewert,7
neato,lilja,7
neato,sahin,7
neato,cafos,7
neato,addas,7
neato,chear,7
neato,ullin,7
neato,borat,7
neato,estou,7
neato,biere,7
neato,kohut,7
neato,msuic,7
neato,maois,7
neato,cppcc,7
neato,bagus,7
neato,dicas,7
neato,filia,7
neato,macer,7
neato,mihov,7
neato,bibbs,7
neato,karni,7
neato,dbenv,7
neato,bikin,7
neato,rifat,7
neato,toker,7
neato,foner,7
neato,eyrie,7
neato,annin,7
neato,loker,7
neato,sinne,7
neato,takis,7
neato,daran,7
neato,tendo,8
neato,biles,7
neato,riece,7
neato,idcin,7
neato,shopp,7
neato,jacke,7
neato,lazne,7
neato,jackd,7
neato,mygen,7
neato,botas,7
neato,sloot,7
neato,dodie,7
neato,actie,7
neato,dorie,7
neato,energ,7
neato,actis,7
neato,folex,7
neato,spohr,7
neato,kahrs,7
neato,kobuk,7
neato,sogni,7
neato,finrg,7
neato,mondi,7
neato,warri,7
neato,videk,7
neato,ronne,7
neato,fones,7
neato,maret,7
neato,sherr,7
neato,jaros,7
neato,monch,7
neato,lonza,7
neato,andyt,7
neato,titis,7
neato,synon,7
neato,kinne,7
neato,mirex,7
neato,wagen,7
neato,joung,7
neato,blogz,7
neato,johno,8
neato,bprob,7
neato,agena,7
neato,ancor,7
neato,mkweb,7
neato,banga,7
neato,tange,7
neato,weeny,7
neato,finne,7
neato,olton,7
neato,sfwed,7
neato,cardw,7
neato,ignou,7
neato,wolde,7
neato,toyah,7
neato,updat,7
neato,citic,7
neato,solan,7
neato,ftree,7
neato,mocvd,7
neato,hutus,7
neato,mydna,7
neato,stran,7
neato,dwork,7
neato,saker,7
neato,jtree,7
neato,moddp,7
neato,booka,7
neato,kalia,7
neato,schad,7
neato,ingan,7
neato,citri,7
neato,engie,7
neato,salop,7
neato,eleva,7
neato,moroz,7
neato,injun,7
neato,racke,7
neato,alkan,7
neato,wyche,7
neato,corax,7
neato,copen,7
neato,sogar,7
neato,tommo,7
neato,optex,7
neato,majin,7
neato,valin,7
neato,manni,7
neato,dandi,7
neato,taluk,7
neato,matus,7
neato,sawan,7
neato,intas,7
neato,danks,7
neato,vfork,7
neato,esper,7
neato,biggy,11
neato,rocko,8
neato,lxext,7
neato,barga,7
neato,ileus,7
neato,linne,7
neato,otogi,7
neato,raker,7
neato,berio,8
neato,tooke,7
neato,ainge,7
neato,faden,7
neato,syren,7
neato,defeo,7
neato,engrg,7
neato,chook,7
neato,fluch,7
neato,sanga,7
neato,jarvi,7
neato,tchad,7
neato,popul,7
neato,mieke,7
neato,voyce,7
neato,rager,7
neato,undcp,7
neato,kinga,7
neato,kirja,7
neato,walke,7
neato,matis,7
neato,jobes,7
neato,abdus,7
neato,bleah,7
neato,fucus,7
neato,biggz,7
neato,ljung,7
neato,lofra,7
neato,waris,7
neato,ringu,7
neato,yaooh,7
neato,iflag,7
neato,cccgc,7
neato,wayan,7
neato,tatus,7
neato,mbeat,7
neato,mikio,8
neato,foxed,7
neato,scris,7
neato,vizag,7
neato,labbe,7
neato,lully,7
neato,ocwen,7
neato,iddon,7
neato,cagds,7
neato,sajid,7
neato,darra,7
neato,lidge,7
neato,dikke,7
neato,sipex,7
neato,estia,7
neato,crimi,7
neato,sirio,7
neato,cxrds,7
neato,cacib,7
neato,rieke,7
neato,tipbc,7
neato,rajab,7
neato,carvs,7
neato,mlode,7
neato,didot,7
neato,larix,7
neato,cawds,7
neato,bandi,7
neato,manzi,7
neato,vtune,7
neato,stype,7
neato,aspic,7
neato,kolin,7
neato,efrat,7
neato,bayon,7
neato,dinge,7
neato,moyet,7
neato,ahura,7
neato,allon,7
neato,wonen,7
neato,aiada,9
neato,lorax,7
neato,jobin,7
neato,maben,7
neato,sdrac,7
neato,clywd,7
neato,airis,7
neato,chows,7
neato,wodna,7
neato,ontap,7
neato,stuka,7
neato,libdv,7
neato,asura,7
neato,cheah,7
neato,wixon,7
neato,rolie,7
neato,cager,7
neato,solen,7
neato,monie,7
neato,circu,7
neato,askar,7
neato,maces,7
neato,lippo,7
neato,tsuga,7
neato,trian,7
neato,flubs,7
neato,minic,7
neato,throu,7
neato,zazie,7
neato,unreg,7
neato,sater,7
neato,cocon,7
neato,tiran,7
neato,annat,7
neato,kapow,7
neato,alega,7
neato,dilyn,7
neato,elfyn,7
neato,michx,7
neato,biked,7
neato,concs,7
neato,dolev,7
neato,ondas,7
neato,cggga,7
neato,yohko,8
neato,ffdca,7
neato,bpdus,7
neato,ellin,7
neato,muhly,7
neato,opler,7
neato,bindu,7
neato,monia,7
neato,techo,7
neato,sclug,7
neato,rybak,7
neato,cofer,7
neato,wadia,7
neato,leedy,8
neato,taher,7
neato,logga,7
neato,konze,7
neato,ulogd,7
neato,lodhi,7
neato,orana,8
neato,spkrs,7
neato,ifyou,7
neato,bahri,7
neato,tuohy,8
neato,sceen,7
neato,siris,7
neato,aktie,7
neato,sorat,7
neato,mycin,7
neato,sodor,7
neato,tocca,7
neato,facer,7
neato,cahps,7
neato,ehret,7
neato,soden,7
neato,manat,7
neato,zsnes,7
neato,abund,7
neato,voorn,7
neato,linex,7
neato,pengo,8
neato,diers,7
neato,manca,7
neato,rioux,7
neato,sdbot,7
neato,aggre,7
neato,clune,7
neato,robar,7
neato,copas,7
neato,lluis,7
neato,tiong,7
neato,sarva,7
neato,dolar,7
neato,digix,7
neato,lillo,7
neato,rirdc,7
neato,jirka,7
neato,dowie,7
neato,logge,7
neato,bject,7
neato,marna,7
neato,saler,7
neato,illia,7
neato,wikia,7
neato,klogd,7
neato,malis,7
neato,mabye,7
neato,fidic,7
neato,folke,7
neato,jagan,7
neato,afoev,7
neato,japen,7
neato,tyros,7
neato,rinne,7
neato,danos,7
neato,jonno,8
neato,enric,7
neato,myrow,7
neato,wachs,7
neato,cshow,7
neato,cobas,7
neato,ilove,7
neato,sheed,7
neato,uschi,7
neato,minut,7
neato,saddr,7
neato,eyeos,7
neato,dnrec,7
neato,badin,7
neato,dodea,7
neato,louds,7
neato,torex,7
neato,dagar,7
neato,popol,7
neato,uhlig,7
neato,carpi,7
neato,rsrch,7
neato,sanat,7
neato,roter,7
neato,wotan,7
neato,iconz,7
neato,dogen,7
neato,esche,7
neato,lglib,7
neato,thrid,7
neato,ulloa,7
neato,sorge,7
neato,safon,7
neato,fidji,7
neato,kiger,7
neato,iachr,7
neato,doorn,7
neato,bauch,7
neato,equat,7
neato,cytec,7
neato,licen,7
neato,miche,7
neato,zotob,7
neato,liuna,7
neato,findu,7
neato,boken,7
neato,rolph,7
neato,zoekt,7
neato,tapos,7
neato,agago,7
neato,siraj,7
neato,blong,7
neato,ccnow,7
neato,oswer,7
neato,dores,7
neato,ogoni,7
neato,viena,7
neato,lauch,7
neato,tagar,7
neato,sloat,7
neato,dagga,7
neato,corff,7
neato,dabbs,7
neato,soter,7
neato,sayan,7
neato,jujuy,7
neato,tanda,7
neato,sieci,7
neato,etown,7
neato,isprs,7
neato,dorit,7
neato,sikri,7
neato,usdin,7
neato,boons,7
neato,thugz,7
neato,aswad,7
neato,fathi,7
neato,udget,7
neato,audun,7
neato,vaden,7
neato,slyke,7
neato,aarau,7
neato,fozen,7
neato,alfre,7
neato,llwyd,7
neato,dilos,7
neato,winny,8
neato,koger,7
neato,teays,9
neato,ispra,7
neato,ebbed,7
neato,astir,7
neato,stude,7
neato,ficon,7
neato,lator,7
neato,coran,7
neato,tynes,7
neato,koken,7
neato,ayako,7
neato,vidos,7
neato,popos,7
neato,birge,7
neato,cocci,7
neato,zahar,7
neato,ajout,7
neato,karur,7
neato,vilar,7
neato,lycia,7
neato,thors,7
neato,schob,7
neato,vskip,7
neato,fionn,7
neato,squab,7
neato,vahid,7
neato,tache,7
neato,biege,7
neato,agrep,7
neato,uhren,7
neato,flook,7
neato,etron,7
neato,tenho,7
neato,linds,7
neato,accus,7
neato,mineo,8
neato,viles,7
neato,tolga,7
neato,apprx,7
neato,worke,7
neato,varas,7
neato,lybia,7
neato,taegu,7
neato,cathe,7
neato,locat,7
neato,balis,7
neato,attbi,7
neato,madox,7
neato,modot,7
neato,aslib,7
neato,marcs,7
neato,idles,7
neato,sored,7
neato,vitas,7
neato,eggen,7
neato,vicor,7
neato,elong,7
neato,lawre,7
neato,conne,7
neato,vicca,7
neato,isnan,7
neato,iller,7
neato,sipri,7
neato,codez,7
neato,sicav,7
neato,boyko,8
neato,rydex,7
neato,wonga,7
neato,cddis,7
neato,wiggs,7
neato,calon,7
neato,mcfee,7
neato,zinik,7
neato,mazin,7
neato,biner,7
neato,cooch,7
neato,docdb,7
neato,robur,7
neato,jimny,8
neato,lippy,8
neato,ugrad,7
neato,forni,7
neato,malar,7
neato,bozos,7
neato,alfex,7
neato,barke,7
neato,ented,7
neato,warks,7
neato,asure,7
neato,ators,7
neato,soeur,7
neato,cator,7
neato,vigra,7
neato,bobux,7
neato,wheee,7
neato,kanei,7
neato,rathe,7
neato,miked,7
neato,arieh,7
neato,jibes,7
neato,akona,7
neato,yurts,7
neato,korah,7
neato,stoat,7
neato,cokie,7
neato,watan,7
neato,kaler,7
neato,albie,7
neato,thees,7
neato,snugg,7
neato,ublog,7
neato,mimio,8
neato,cooki,7
neato,wides,7
neato,tecno,8
neato,scorp,7
neato,sofar,7
neato,ivens,7
neato,peaty,7
neato,attor,7
neato,rsbac,7
neato,studd,7
neato,typha,7
neato,monod,7
neato,pppoa,7
neato,vieri,7
neato,ficci,7
neato,tapan,7
neato,sokos,7
neato,yesno,8
neato,shubb,7
neato,doxie,7
neato,tagus,7
neato,ehren,7
neato,enugu,7
neato,sohne,7
neato,cluff,7
neato,volar,7
neato,motha,7
neato,ugric,7
neato,altgr,7
neato,borys,7
neato,vinni,7
neato,sbean,7
neato,cplex,7
neato,dawah,7
neato,maure,7
neato,linge,7
neato,margu,7
neato,mirah,7
neato,opnet,7
neato,strik,7
neato,sterk,7
neato,aldie,7
neato,categ,7
neato,wolpe,7
neato,cqout,7
neato,mihir,7
neato,saras,7
neato,foden,7
neato,joggs,7
neato,spyce,7
neato,forro,8
neato,csudh,7
neato,optin,7
neato,ideen,7
neato,aberg,7
neato,soror,7
neato,isnot,7
neato,arago,8
neato,atcha,7
neato,babie,7
neato,minge,7
neato,bauen,7
neato,idexx,7
neato,catuk,7
neato,moche,7
neato,capiz,7
neato,akura,7
neato,anden,7
neato,ecler,7
neato,usecs,7
neato,epona,7
neato,aobjn,7
neato,torne,7
neato,foord,7
neato,titlo,8
neato,kubby,7
neato,calcd,7
neato,kinit,7
neato,sonys,7
neato,lopid,7
neato,votar,7
neato,joone,7
neato,konan,7
neato,vohra,7
neato,latha,7
neato,bozen,7
neato,capua,7
neato,dicer,7
neato,esops,7
neato,talpa,7
neato,takai,7
neato,lyrae,7
neato,ifrog,7
neato,ewers,7
neato,cpted,7
neato,calas,7
neato,kanak,7
neato,inchs,7
neato,koret,7
neato,fales,7
neato,sadar,7
neato,iccat,7
neato,modce,7
neato,vindt,7
neato,whens,7
neato,rpcvs,7
neato,dutty,7
neato,actas,7
neato,libia,7
neato,datin,7
neato,dayer,7
neato,milia,7
neato,abkit,7
neato,kalra,7
neato,lorac,7
neato,modan,7
neato,apted,7
neato,wangi,7
neato,orick,7
neato,carya,7
neato,uscgc,7
neato,kaper,7
neato,aitoc,7
neato,kleid,7
neato,rajat,7
neato,mddev,7
neato,syrus,7
neato,fhcrc,7
neato,libdb,7
neato,kifer,7
neato,latus,7
neato,yermo,8
neato,bohan,7
neato,korat,7
neato,ifric,7
neato,aldea,7
neato,muzny,7
neato,daddr,7
neato,rouyn,7
neato,modcb,7
neato,robic,7
neato,ladwp,7
neato,siwis,7
neato,dytek,7
neato,incra,7
neato,tiden,7
neato,marzi,7
neato,toonz,7
neato,silvo,7
neato,twere,7
neato,coron,7
neato,morus,7
neato,cauca,7
neato,chope,7
neato,wajda,7
neato,clods,7
neato,uhura,7
neato,dobre,7
neato,boten,7
neato,sahra,7
neato,kydex,7
neato,sindi,7
neato,lipan,7
neato,licia,7
neato,unrev,7
neato,mirar,7
neato,maton,7
neato,maked,7
neato,boler,7
neato,enkei,7
neato,athyn,7
neato,warre,7
neato,soyer,7
neato,boeck,7
neato,istra,7
neato,asobi,7
neato,mabee,7
neato,ariki,7
neato,itcra,7
neato,majus,7
neato,eeboo,8
neato,rodes,7
neato,bizon,7
neato,kloot,7
neato,iklan,7
neato,unops,7
neato,tbnid,7
neato,zoner,7
neato,zayas,7
neato,winns,7
neato,mlton,7
neato,bagna,7
neato,macdv,7
neato,ublas,7
neato,ydynt,7
neato,onken,7
neato,eieio,8
neato,wolrd,7
neato,bacci,7
neato,rafer,7
neato,jadis,7
neato,llena,7
neato,kikyo,7
neato,choys,7
neato,balai,7
neato,agnet,7
neato,sarek,7
neato,expec,7
neato,gimpy,8
neato,tywyn,7
neato,kalas,7
neato,copac,7
neato,encon,7
neato,linga,7
neato,eprop,7
neato,perio,8
neato,vatan,7
neato,lizza,7
neato,owers,7
neato,varad,7
neato,shuji,7
neato,flork,7
neato,kines,7
neato,mayur,7
neato,usdoc,7
neato,dayak,7
neato,yanik,7
neato,blyde,7
neato,aphra,7
neato,raben,7
neato,rixon,7
neato,fseog,7
neato,lyden,7
neato,jakki,7
neato,afcea,7
neato,mdlug,7
neato,moler,7
neato,soupe,7
neato,bonis,7
neato,warng,7
neato,litig,7
neato,yipee,7
neato,qtdir,7
neato,sabia,7
neato,wapda,7
neato,humpy,9
neato,silkk,7
neato,intan,7
neato,mkdoc,7
neato,ctors,7
neato,keybo,8
neato,bembo,8
neato,lolit,7
neato,ricer,7
neato,cofab,7
neato,uphpu,7
neato,tocar,7
neato,fania,7
neato,sabic,7
neato,caber,7
neato,mirek,7
neato,rcode,7
neato,eaker,7
neato,micke,7
neato,riner,7
neato,yanez,7
neato,addrs,7
neato,moten,7
neato,isnar,7
neato,barch,7
neato,vilka,7
neato,pebeo,9
neato,sahai,7
neato,latki,7
neato,facep,7
neato,milka,7
neato,cornu,7
neato,lycan,7
neato,linha,7
neato,optek,7
neato,woexp,7
neato,wagar,7
neato,onoff,7
neato,chone,7
neato,alexz,7
neato,kalev,7
neato,jpnic,7
neato,ingin,7
neato,ibrox,7
neato,tftpd,7
neato,sader,7
neato,minoa,7
neato,linkz,7
neato,lobar,7
neato,aceee,7
neato,milab,7
neato,jacen,7
neato,laons,7
neato,rybka,7
neato,johar,7
neato,sabir,7
neato,majer,7
neato,styne,7
neato,alent,7
neato,cygni,7
neato,icode,7
neato,didja,7
neato,anees,7
neato,kaede,7
neato,bivvy,7
neato,wynns,7
neato,modjo,8
neato,mifid,7
neato,vidix,7
neato,mirus,7
neato,rajas,7
neato,mytop,7
neato,winni,7
neato,ednet,7
neato,canas,7
neato,tgcgc,7
neato,satch,7
neato,ewwww,7
neato,fatar,7
neato,rocke,7
neato,crims,7
neato,killy,10
neato,apges,7
neato,ifrcs,7
neato,cttee,7
neato,obeid,7
neato,satur,7
neato,accep,7
neato,kapha,7
neato,incar,7
neato,whenu,7
neato,ryoga,7
neato,jaxxx,7
neato,babri,7
neato,perfo,8
neato,tolex,7
neato,wates,7
neato,acnes,7
neato,wwiii,8
neato,stext,7
neato,afric,7
neato,cheuk,7
neato,eyeon,7
neato,kight,7
neato,chena,7
neato,algar,7
neato,zakon,7
neato,oages,7
neato,strug,7
neato,aquin,7
neato,metco,8
neato,syndr,7
neato,uthor,7
neato,warde,7
neato,epcor,7
neato,iclei,7
neato,entex,7
neato,caccc,7
neato,dozor,7
neato,dierk,7
neato,errrr,7
neato,linch,7
neato,timko,8
neato,sylph,7
neato,iluka,7
neato,clubb,7
neato,ricko,8
neato,yared,7
neato,apria,7
neato,dooks,7
neato,lynes,7
neato,dayes,7
neato,ohnet,7
neato,asche,7
neato,sakya,7
neato,indes,7
neato,cious,7
neato,circs,7
neato,isfdb,7
neato,aseek,7
neato,tggca,7
neato,mapqu,7
neato,mitos,7
neato,fahne,7
neato,icddr,7
neato,kohno,8
neato,fawzi,7
neato,sachi,7
neato,bandh,7
neato,algis,7
neato,tombo,7
neato,ictap,7
neato,woord,7
neato,safri,7
neato,wwwat,7
neato,jance,7
neato,wwwja,7
neato,wwwig,7
neato,thenk,7
neato,taleb,7
neato,innov,7
neato,jodee,7
neato,bunky,8
neato,fsnet,7
neato,bolas,7
neato,toooo,10
neato,dorki,7
neato,yylex,7
neato,escan,7
neato,inews,7
neato,frayn,7
neato,caled,7
neato,rofug,7
neato,ohlin,7
neato,scren,7
neato,dorin,7
neato,talas,7
neato,doona,7
neato,odkaz,7
neato,rwork,7
neato,molin,7
neato,winfo,8
neato,inden,7
neato,algan,7
neato,badri,7
neato,kynet,7
neato,aspid,7
neato,elert,7
neato,dshea,7
neato,sanit,7
neato,uller,7
neato,splot,7
neato,awdur,7
neato,iodbc,7
neato,appre,7
neato,oleds,7
neato,bipin,7
neato,yokoi,7
neato,incen,7
neato,liceo,8
neato,bolig,7
neato,avens,7
neato,ypbpr,7
neato,asthe,7
neato,strub,7
neato,owlet,7
neato,faraj,7
neato,altru,7
neato,botto,7
neato,eixan,7
neato,jicks,7
neato,papen,7
neato,cinna,7
neato,moers,7
neato,miwok,7
neato,tszyu,7
neato,kahin,7
neato,sarei,7
neato,koepp,7
neato,borek,7
neato,toora,7
neato,booda,7
neato,whcih,7
neato,tozzi,7
neato,nitix,8
neato,evere,7
neato,braza,7
neato,alues,7
neato,incon,7
neato,oussy,10
neato,bajan,7
neato,mvnos,7
neato,ronit,7
neato,aprii,7
neato,ilyas,7
neato,foois,7
neato,bogon,7
neato,sitra,7
neato,talos,7
neato,lanzi,7
neato,iyric,7
neato,connu,7
neato,trimm,7
neato,sdphp,7
neato,salek,7
neato,fdcpa,7
neato,ooker,7
neato,thrun,7
neato,papur,7
neato,lappe,7
neato,rlngs,7
neato,rodez,7
neato,myler,7
neato,danas,7
neato,alken,7
neato,kozik,7
neato,fondi,7
neato,apeks,7
neato,bonni,7
neato,kozar,7
neato,socon,7
neato,kitna,7
neato,rixey,8
neato,dabur,7
neato,barne,7
neato,tchar,7
neato,sorbs,7
neato,itwas,7
neato,mayde,7
neato,titov,7
neato,dquot,7
neato,taler,7
neato,rizza,7
neato,sakha,7
neato,usque,7
neato,shean,7
neato,indot,7
neato,caban,7
neato,finfo,8
neato,dopes,7
neato,boyan,7
neato,ancic,7
neato,bardi,7
neato,userv,7
neato,cofes,7
neato,indet,7
neato,ryrie,7
neato,shein,7
neato,makka,7
neato,kober,7
neato,mloda,7
neato,topia,7
neato,tkwin,7
neato,jorie,7
neato,karak,7
neato,zaoui,7
neato,tippi,7
neato,daugh,7
neato,rooij,7
neato,tiens,7
neato,cazzi,7
neato,draba,8
neato,motus,7
neato,solia,7
neato,rocka,7
neato,matan,7
neato,citer,7
neato,monda,7
neato,cityu,7
neato,loquo,8
neato,aboue,7
neato,osdir,7
neato,barua,7
neato,magar,7
neato,batok,7
neato,macek,7
neato,lores,7
neato,qbert,7
neato,runup,7
neato,dinna,7
neato,edpug,7
neato,lindi,7
neato,kooij,7
neato,triga,7
neato,taked,7
neato,molon,7
neato,krige,7
neato,ciona,7
neato,splog,7
neato,moter,7
neato,khera,7
neato,lviii,7
neato,royan,7
neato,marri,7
neato,ricos,7
neato,anpec,7
neato,todor,7
neato,scwcd,7
neato,atrox,7
neato,tigar,7
neato,conce,7
neato,baric,7
neato,engng,7
neato,capek,7
neato,acpid,7
neato,socie,7
neato,kaner,7
neato,ecode,7
neato,jyrki,7
neato,digne,7
neato,cowin,7
neato,ondon,7
neato,andrx,7
neato,ticos,7
neato,douai,7
neato,bagni,7
neato,iwona,7
neato,sajka,7
neato,csnet,7
neato,langu,7
neato,lothe,7
neato,fifer,7
neato,efore,7
neato,coned,7
neato,rotas,7
neato,aaene,7
neato,fondu,7
neato,lupul,7
neato,tveit,7
neato,marck,7
neato,vagin,7
neato,einde,7
neato,onrec,7
neato,toles,7
neato,lynns,7
neato,unrar,7
neato,ushba,7
neato,farin,7
neato,jalna,7
neato,unhip,7
neato,itlib,7
neato,econd,7
neato,zorra,7
neato,ivrea,7
neato,coqui,7
neato,isler,7
neato,ispot,7
neato,adger,7
neato,tanzi,7
neato,capit,7
neato,bages,7
neato,stoff,7
neato,ohura,7
neato,tabke,7
neato,soort,7
neato,socha,7
neato,mikeb,7
neato,olhos,7
neato,morir,7
neato,uster,7
neato,moene,7
neato,minch,7
neato,kleur,7
neato,tibus,7
neato,linka,7
neato,dermo,8
neato,solut,7
neato,ripka,7
neato,miran,7
neato,acedb,7
neato,penso,8
neato,piczo,8
neato,ebers,7
neato,allwn,7
neato,zhuan,7
neato,ricca,7
neato,jswat,7
neato,mabie,7
neato,saura,7
neato,indon,7
neato,agris,7
neato,milad,7
neato,lyzed,7
neato,ditor,7
neato,elwha,7
neato,razon,7
neato,borin,7
neato,uhler,7
neato,bibra,7
neato,banck,7
neato,rapra,7
neato,ducey,8
neato,pipec,7
neato,tiros,7
neato,taner,7
neato,colca,7
neato,laube,7
neato,algun,7
neato,vitry,8
neato,uncon,7
neato,sprot,7
neato,dicen,7
neato,khoon,7
neato,ecorv,7
neato,dnepr,7
neato,antiq,7
neato,bcron,7
neato,uchod,7
neato,sluis,7
neato,gecco,7
neato,bokeh,7
neato,choux,7
neato,canoa,7
neato,aipge,7
neato,dessy,7
neato,icuii,7
neato,wwood,7
neato,eyler,7
neato,modin,7
neato,ariga,7
neato,adyar,7
neato,tbone,7
neato,slunk,7
neato,doubs,7
neato,sibly,8
neato,manch,7
neato,suppy,8
neato,virga,7
neato,pjpeg,7
neato,katan,7
neato,msecs,7
neato,usphs,7
neato,fcode,7
neato,radvd,7
neato,avgas,7
neato,qstat,7
neato,inlaw,7
neato,tonet,7
neato,saheb,7
neato,latka,7
neato,stria,7
neato,fcron,7
neato,zafon,7
neato,razin,7
neato,vaddr,7
neato,firmy,8
neato,strid,7
neato,dolch,7
neato,chene,7
neato,conns,7
neato,qfont,7
neato,strib,7
neato,khung,7
neato,jacka,7
neato,iftar,7
neato,juggy,7
neato,talin,7
neato,fiers,7
neato,donen,7
neato,icers,7
neato,tsuba,7
neato,torok,7
neato,addit,7
neato,edhec,7
neato,ahler,7
neato,micas,7
neato,ranji,7
neato,jguru,7
neato,moros,7
neato,tinct,7
neato,copag,7
neato,randr,7
neato,scuds,7
neato,yngve,7
neato,sadan,7
neato,allos,7
neato,lordi,7
neato,bigga,7
neato,tated,7
neato,mkdep,7
neato,klugh,7
neato,ephod,7
neato,fitly,8
neato,jazze,7
neato,speas,7
neato,taren,7
neato,frani,7
neato,wonko,8
neato,sonik,7
neato,matai,7
neato,zorin,7
neato,sarne,7
neato,tatas,7
neato,kouga,7
neato,eglug,7
neato,criar,7
neato,coppi,7
neato,yoong,7
neato,weale,7
neato,corpn,7
neato,batre,7
neato,zirin,7
neato,kolya,7
neato,apers,7
neato,couns,7
neato,sprep,7
neato,bluet,7
neato,sakae,7
neato,balug,7
neato,cayes,7
neato,saket,7
neato,corri,7
neato,loung,7
neato,joyas,7
neato,scops,7
neato,sfpuc,7
neato,shews,7
neato,akkad,7
neato,salai,7
neato,aytes,7
neato,vedeo,9
neato,volpi,7
neato,rieck,7
neato,krier,7
neato,feeny,9
neato,atget,7
neato,silja,7
neato,bleck,7
neato,tious,7
neato,tites,7
neato,kynar,7
neato,dntps,7
neato,scort,7
neato,kengo,8
neato,lized,7
neato,madri,7
neato,erinn,7
neato,satou,7
neato,aicha,7
neato,afcee,7
neato,topup,7
neato,cires,7
neato,okuji,7
neato,espon,7
neato,socia,7
neato,zakah,7
neato,eljer,7
neato,choos,7
neato,aquae,7
neato,schev,7
neato,dijet,7
neato,okrug,7
neato,affid,7
neato,capet,7
neato,eboot,7
neato,dofus,7
neato,nemen,9
neato,denio,8
neato,toper,7
neato,hinfo,8
neato,looke,7
neato,jagat,7
neato,annce,7
neato,neder,7
neato,vider,7
neato,myerz,7
neato,ticky,7
neato,iscan,7
neato,cyfra,7
neato,bglii,7
neato,kalka,7
neato,saros,7
neato,kohei,7
neato,zanna,7
neato,kaons,7
neato,barrs,7
neato,lilas,7
neato,acris,7
neato,langi,7
neato,dubby,7
neato,toget,7
neato,morra,7
neato,wiget,7
neato,adasa,7
neato,boran,7
neato,wibro,8
neato,echad,7
neato,dizon,7
neato,tilba,7
neato,studt,7
neato,baqir,7
neato,joeys,7
neato,yacas,7
neato,rippy,8
neato,valek,7
neato,byler,7
neato,clebs,7
neato,yplus,7
neato,woyaa,7
neato,jadot,7
neato,oshii,7
neato,bookz,7
neato,rande,7
neato,maras,7
neato,sodhi,7
neato,votaw,7
neato,yowie,7
neato,canus,7
neato,malai,7
neato,sadik,7
neato,unchs,7
neato,eskew,7
neato,knews,7
neato,tonno,8
neato,cpopj,7
neato,steun,7
neato,diniz,7
neato,marre,7
neato,opnav,7
neato,innan,7
neato,cilea,7
neato,jokin,7
neato,stopp,7
neato,edocs,7
neato,cagan,7
neato,minns,7
neato,ogren,7
neato,mikeg,7
neato,moeda,7
neato,toond,7
neato,illig,7
neato,volve,7
neato,licka,7
neato,libba,7
neato,angas,7
neato,tited,7
neato,mobbs,7
neato,grizz,7
neato,siber,7
neato,odden,7
neato,monds,7
neato,oskit,7
neato,tapps,7
neato,entai,7
neato,ddraw,7
neato,cilps,7
neato,rocas,7
neato,mawes,7
neato,inbar,7
neato,kippa,7
neato,elune,7
neato,annen,7
neato,ellow,7
neato,appen,7
neato,malda,7
neato,jaggi,7
neato,yazid,7
neato,jouko,8
neato,rohre,7
neato,estyn,7
neato,incus,7
neato,acree,7
neato,lojas,7
neato,wacht,7
neato,lybra,7
neato,sanne,7
neato,anced,7
neato,appdb,7
neato,alces,7
neato,srini,7
neato,donga,7
neato,squar,7
neato,aldis,7
neato,singa,7
neato,moris,7
neato,wwwwe,7
neato,sgdid,7
neato,oxxxx,7
neato,lalah,7
neato,filch,7
neato,ayoob,7
neato,sarre,7
neato,cpuic,7
neato,anlen,7
neato,slyck,7
neato,jdocs,7
neato,minoc,7
neato,dirck,7
neato,yanbu,7
neato,marye,7
neato,anyon,7
neato,ronis,7
neato,wseas,7
neato,ascus,7
neato,thnks,7
neato,arika,7
neato,hiney,8
neato,pecho,7
neato,wstat,7
neato,fawaz,7
neato,bounz,7
neato,elyon,7
neato,mohun,7
neato,kania,7
neato,afyon,7
neato,tunny,8
neato,raban,7
neato,eotic,7
neato,rabih,7
neato,kyowa,7
neato,biedt,7
neato,zendo,8
neato,ewrop,7
neato,bldrs,7
neato,targe,7
neato,mauka,7
neato,biogs,7
neato,lynds,7
neato,douze,7
neato,ringa,7
neato,bouck,7
neato,adhan,7
neato,hielo,8
neato,inbev,7
neato,molas,7
neato,algoa,7
neato,flohr,7
neato,topad,7
neato,cloke,7
neato,binny,7
neato,ingos,7
neato,tibby,7
neato,cahir,7
neato,sarit,7
neato,richd,7
neato,macra,7
neato,cirad,7
neato,wuzzy,8
neato,raber,7
neato,taqwa,7
neato,cplus,7
neato,boffo,8
neato,fltrd,7
neato,vlock,7
neato,mtree,7
neato,icfai,7
neato,mshcp,7
neato,rabah,7
neato,edlin,7
neato,sitia,7
neato,dolin,7
neato,ciria,7
neato,drina,7
neato,kopie,7
neato,ocupa,7
neato,fract,7
neato,eytan,7
neato,tarih,7
neato,iblis,7
neato,dicor,7
neato,vaers,7
neato,mitis,7
neato,regev,7
neato,blurr,7
neato,atdec,7
neato,mbchb,7
neato,dslrs,7
neato,clure,7
neato,abzug,7
neato,intek,7
neato,sitch,7
neato,estin,7
neato,mikeh,7
neato,rique,7
neato,yahii,7
neato,blwch,7
neato,chyba,7
neato,elove,7
neato,abowd,7
neato,malec,7
neato,lncap,7
neato,uyuni,7
neato,spers,7
neato,apert,7
neato,osdev,7
neato,lxiii,8
neato,induc,7
neato,wined,7
neato,cgfns,7
neato,varer,7
neato,yahpp,7
neato,wizzy,8
neato,escos,7
neato,lauck,7
neato,roder,7
neato,incet,7
neato,whtie,7
neato,zanon,7
neato,margt,7
neato,aload,7
neato,vodou,7
neato,airer,7
neato,bocci,7
neato,dvdit,7
neato,blort,7
neato,engne,7
neato,finet,7
neato,bohai,7
neato,alexx,7
neato,eorge,7
neato,ocker,7
neato,dipak,7
neato,dabba,7
neato,ework,7
neato,kiner,7
neato,ecpat,7
neato,waber,7
neato,yahkk,7
neato,sapna,7
neato,indyk,7
neato,warra,7
neato,csnch,7
neato,milko,7
neato,unbox,7
neato,rcond,7
neato,abdou,7
neato,tooie,7
neato,wobei,7
neato,mylor,7
neato,sapdb,7
neato,wwwuh,7
neato,mobis,7
neato,flyff,7
neato,conet,7
neato,rayet,7
neato,yllow,7
neato,ffweb,7
neato,arina,7
neato,jorda,7
neato,ippon,7
neato,asgnd,7
neato,eanes,7
neato,takht,7
neato,oppen,7
neato,sorex,7
neato,mabis,7
neato,tokar,7
neato,saude,7
neato,clhep,7
neato,dembo,8
neato,righi,7
neato,cracs,8
neato,jiggs,7
neato,byker,7
neato,thoes,7
neato,eynon,7
neato,bober,7
neato,kadek,7
neato,akkus,7
neato,onlye,7
neato,booya,7
neato,ather,7
neato,shera,7
neato,babic,7
neato,sanin,7
neato,mozer,7
neato,milon,7
neato,fouke,7
neato,lolia,7
neato,strin,7
neato,bolek,7
neato,mieee,7
neato,oggok,7
neato,agwna,7
neato,bolex,7
neato,ostra,7
neato,klone,7
neato,fings,7
neato,tator,7
neato,ferno,8
neato,cipka,7
neato,mytob,7
neato,malos,7
neato,anong,7
neato,ifrah,7
neato,cdfis,7
neato,cozen,7
neato,lanou,7
neato,obdii,7
neato,milis,7
neato,satun,7
neato,tacna,7
neato,datai,7
neato,jhead,7
neato,boeke,7
neato,rnews,7
neato,rayes,7
neato,cayre,7
neato,bankr,7
neato,tvout,7
neato,fited,7
neato,tembo,8
neato,mapid,7
neato,idunk,7
neato,tazza,7
neato,iwear,7
neato,cggcc,7
neato,yessy,7
neato,sporn,7
neato,bauza,7
neato,mplus,7
neato,sumus,7
neato,dator,7
neato,vipin,7
neato,pipka,7
neato,loyer,7
neato,fikes,7
neato,nisin,8
neato,optec,7
neato,toped,7
neato,indis,7
neato,honso,8
neato,lesco,8
neato,ddydd,7
neato,sajak,7
neato,accis,7
neato,saori,7
neato,henno,7
neato,rotis,7
neato,theun,7
neato,streq,7
neato,mauck,7
neato,souks,7
neato,voges,7
neato,tinka,7
neato,bajwa,7
neato,efnep,7
neato,foxit,7
neato,jabar,7
neato,annog,7
neato,aduit,7
neato,manek,7
neato,robbi,7
neato,tonie,7
neato,oseph,7
neato,miker,7
neato,tareq,7
neato,tager,7
neato,kidjo,8
neato,tyrer,7
neato,matre,7
neato,crace,8
neato,macri,7
neato,dwlrq,7
neato,dtype,7
neato,doras,7
neato,dojos,7
neato,zorak,7
neato,orava,8
neato,elgon,7
neato,onone,7
neato,flera,7
neato,rouch,7
neato,actra,7
neato,tatin,7
neato,coxes,7
neato,albox,7
neato,attia,7
neato,mugur,7
neato,yanai,7
neato,kogod,7
neato,vwgas,7
neato,cloop,7
neato,laded,7
neato,tanos,7
neato,mikee,7
neato,epler,7
neato,bahan,7
neato,itzik,7
neato,yaccs,7
neato,akbbs,7
neato,oxton,7
neato,wonca,7
neato,danen,7
neato,sabon,7
neato,malig,7
neato,koobi,7
neato,kalis,7
neato,souri,7
neato,talug,7
neato,balke,7
neato,youri,7
neato,micex,7
neato,infod,7
neato,steev,7
neato,mcnew,7
neato,rhead,7
neato,varit,7
neato,witze,7
neato,scrat,7
neato,cazic,7
neato,celly,8
neato,fracp,7
neato,wobib,7
neato,dijck,7
neato,mogen,7
neato,mawer,7
neato,blook,7
neato,aarde,7
neato,svenk,7
neato,stuhr,7
neato,milde,7
neato,matua,7
neato,typen,7
neato,lleva,7
neato,bndes,7
neato,dacca,7
neato,mendo,8
neato,mylec,7
neato,maheu,7
neato,lapid,7
neato,fluxx,7
neato,badda,7
neato,lizzi,7
neato,fenno,8
neato,eiler,7
neato,eyles,7
neato,byles,7
neato,eakes,7
neato,zoggs,7
neato,schou,7
neato,foton,7
neato,saper,7
neato,toups,7
neato,maxit,7
neato,ryoji,7
neato,ashur,7
neato,talar,7
neato,cagcg,7
neato,joner,7
neato,cogni,7
neato,mlock,7
neato,kingz,7
neato,thurr,7
neato,doget,7
neato,eskin,7
neato,cracy,8
neato,borup,7
neato,doblo,8
neato,watir,7
neato,monas,7
neato,laton,7
neato,bookd,7
neato,renie,8
neato,stoik,7
neato,zhuge,7
neato,cycas,7
neato,bloop,7
neato,slova,7
neato,thers,7
neato,himno,8
neato,ffrdc,7
neato,rince,7
neato,colan,7
neato,andee,7
neato,figis,7
neato,seate,7
neato,zadka,7
neato,tfoot,7
neato,tcccg,7
neato,cyfan,7
neato,avtar,7
neato,sodes,7
neato,donan,7
neato,zarin,7
neato,onrpg,7
neato,korff,7
neato,zonda,7
neato,woong,7
neato,alker,7
neato,sieze,7
neato,ecdis,7
neato,darch,7
neato,conax,7
neato,twerp,7
neato,batya,7
neato,lihat,7
neato,korin,7
neato,lahar,7
neato,athar,7
neato,excit,7
neato,woude,7
neato,ostre,7
neato,yowza,7
neato,ziped,7
neato,iscor,7
neato,canne,7
neato,joynt,7
neato,chech,7
neato,fiere,7
neato,lacer,7
neato,cyrff,7
neato,lorig,7
neato,aalpd,7
neato,clcik,7
neato,babez,7
neato,ifrit,7
neato,dacha,7
neato,solea,7
neato,moora,7
neato,joues,7
neato,sarat,7
neato,kadee,7
neato,desco,8
neato,ancer,7
neato,sylvi,7
neato,sakin,7
neato,aaker,7
neato,tarda,7
neato,vitez,7
neato,borch,7
neato,engrs,7
neato,jaric,7
neato,stren,7
neato,danya,7
neato,videi,7
neato,tonus,7
neato,sarod,7
neato,donic,7
neato,foode,7
neato,afkar,7
neato,aalen,7
neato,olwen,7
neato,axent,7
neato,lorge,7
neato,rdfdb,7
neato,matei,7
neato,typic,7
neato,capen,7
neato,dacon,7
neato,thura,7
neato,kotto,8
neato,miraz,7
neato,lakas,7
neato,cougs,7
neato,yahou,7
neato,joeri,7
neato,fakie,7
neato,inher,7
neato,kadri,7
neato,cbrne,7
neato,unchr,7
neato,copic,7
neato,ccohs,7
neato,kibbe,7
neato,maxxx,7
neato,mitad,7
neato,snoot,7
neato,zager,7
neato,thung,7
neato,astgh,7
neato,dhfpr,7
neato,darek,7
neato,rijke,7
neato,sirva,7
neato,laboe,7
neato,sylow,7
neato,abour,7
neato,dilys,7
neato,boiko,8
neato,matha,7
neato,tsong,7
neato,dodes,7
neato,bieri,7
neato,dalke,7
neato,eiken,7
neato,bakan,7
neato,citas,7
neato,kolff,7
neato,exnet,7
neato,titch,7
neato,mirin,7
neato,ekron,7
neato,kalpa,7
neato,danga,7
neato,tarea,7
neato,larrd,7
neato,kabab,7
neato,byopc,7
neato,lanni,7
neato,opfer,7
neato,kyran,7
neato,sagiv,7
neato,matza,7
neato,ithin,7
neato,ljxuh,7
neato,bookc,7
neato,iahbe,7
neato,doune,7
neato,rikai,7
neato,dvrpc,7
neato,adbbs,7
neato,beeby,7
neato,akala,8
neato,ishak,7
neato,isode,7
neato,counc,7
neato,lapaz,7
neato,silko,7
neato,mcccd,7
neato,waban,7
neato,diyer,7
neato,nease,7
neato,bance,7
neato,vlada,8
neato,accac,7
neato,rabba,7
neato,sirus,7
neato,ingat,7
neato,wyner,7
neato,dalys,7
neato,zandi,7
neato,tobar,7
neato,bipac,7
neato,manua,7
neato,colen,7
neato,salin,7
neato,abook,7
neato,ethod,7
neato,yofun,7
neato,jater,7
neato,bookw,7
neato,radox,7
neato,dbuys,7
neato,balog,7
neato,subud,7
neato,uclan,7
neato,wingz,7
neato,mones,7
neato,bookx,7
neato,zanes,7
neato,moens,7
neato,balen,7
neato,ragaz,7
neato,cheka,7
neato,tipis,7
neato,talha,7
neato,cacks,7
neato,sonin,7
neato,bilek,7
neato,winos,7
neato,jyhad,7
neato,minwa,7
neato,rorer,7
neato,oyler,7
neato,keego,8
neato,yonne,7
neato,kouji,7
neato,saeki,7
neato,keepy,9
neato,wizoo,8
neato,razzi,7
neato,legio,8
neato,urawa,8
neato,dogge,7
neato,strew,7
neato,evyan,7
neato,valda,7
neato,dites,7
neato,aldan,7
neato,ennen,7
neato,withy,8
neato,filez,7
neato,togan,7
neato,rawai,7
neato,acegi,7
neato,molik,7
neato,llega,7
neato,bacau,7
neato,ikura,7
neato,citat,7
neato,einfo,8
neato,magaw,7
neato,lycee,7
neato,wikix,7
neato,roken,7
neato,kalai,7
neato,kyjen,7
neato,coxed,7
neato,suchy,8
neato,iscas,7
neato,ftdna,7
neato,saunt,7
neato,zarya,7
neato,achar,7
neato,tague,7
neato,darda,7
neato,mcnee,7
neato,aggcg,7
neato,rajni,7
neato,ustav,7
neato,bines,7
neato,eyres,7
neato,sgurr,7
neato,veery,9
neato,bokes,7
neato,mtype,7
neato,roode,7
neato,warka,7
neato,mayak,7
neato,orama,8
neato,johnb,7
neato,tadhg,7
neato,msnca,7
neato,cflag,7
neato,bagge,7
neato,macia,7
neato,mothe,7
neato,shyer,7
neato,ctccg,7
neato,iveka,7
neato,babur,7
neato,acers,7
neato,wiche,7
neato,ebone,7
neato,tabet,7
neato,cines,7
neato,jonni,7
neato,filii,7
neato,kopek,7
neato,csueb,7
neato,ogged,7
neato,ayhan,7
neato,chugs,7
neato,dieci,7
neato,mydir,7
neato,aikin,7
neato,cahan,7
neato,taeda,7
neato,motox,7
neato,doqqs,7
neato,wopat,7
neato,illin,7
neato,shebs,7
neato,dufay,8
neato,bidis,7
neato,wilen,7
neato,doted,7
neato,valon,7
neato,tappa,7
neato,ifnet,7
neato,mimmo,9
neato,maned,7
neato,volek,7
neato,tarra,7
neato,asten,7
neato,raggs,7
neato,walia,7
neato,codee,7
neato,ridaz,7
neato,isnew,7
neato,salii,7
neato,maund,7
neato,yanow,7
neato,moded,7
neato,sfgov,7
neato,janka,7
neato,mhnes,7
neato,jazar,7
neato,abous,7
neato,sadia,7
neato,tacan,7
neato,moras,7
neato,balor,7
neato,ipoib,7
neato,flygt,7
neato,cylch,7
neato,evgas,7
neato,ibuzz,7
neato,tiner,7
neato,lotan,7
neato,tahan,7
neato,cilag,7
neato,farka,7
neato,flude,7
neato,rtnda,7
neato,vscan,7
neato,kadie,7
neato,sirve,7
neato,kouba,7
neato,kloos,7
neato,makor,7
neato,lotka,7
neato,opker,7
neato,karet,7
neato,vtter,7
neato,vgeas,7
neato,cctbx,7
neato,monoi,7
neato,libbi,7
neato,kokes,7
neato,ringd,7
neato,didge,7
neato,coorg,7
neato,vidic,7
neato,mieko,8
neato,ttype,7
neato,zofia,7
neato,fftoc,7
neato,dotes,7
neato,wwwaa,7
neato,wahba,7
neato,upend,7
neato,roure,7
neato,jandd,7
neato,myton,7
neato,hiero,8
neato,mcrrc,7
neato,yabbs,7
neato,rtlde,7
neato,styes,7
neato,ostan,7
neato,cplds,7
neato,tonid,7
neato,slowe,7
neato,datap,7
neato,lygus,7
neato,biler,7
neato,barad,7
neato,lfepa,7
neato,okres,7
neato,logot,7
neato,vinas,7
neato,rozas,7
neato,bolos,7
neato,ionut,7
neato,offix,7
neato,louch,7
neato,iolit,7
neato,makki,7
neato,dacus,7
neato,talet,7
neato,ajuga,7
neato,hiroo,7
neato,morna,7
neato,etrog,7
neato,msnia,7
neato,ringz,7
neato,siong,7
neato,dojin,7
neato,bookq,7
neato,bajor,7
neato,zdrok,7
neato,ineos,7
neato,mindz,7
neato,vagov,7
neato,oblig,7
neato,wwwrr,7
neato,ingov,7
neato,fideo,8
neato,layde,7
neato,lowca,7
neato,barka,7
neato,toter,7
neato,qotes,7
neato,ariff,7
neato,wwwea,7
neato,wwwhp,7
neato,grada,8
neato,zodee,7
neato,wolke,7
neato,tabou,7
neato,malki,7
neato,voort,7
neato,shoyu,7
neato,jingu,7
neato,ooohh,7
neato,ocher,7
neato,wowee,7
neato,aylor,7
neato,tappe,7
neato,trieu,7
neato,spera,7
neato,farve,7
neato,minya,7
neato,marcu,7
neato,cnnic,7
neato,hurte,7
neato,bildt,7
neato,ropar,7
neato,kello,12
neato,acara,9
neato,jotun,7
neato,cinci,7
neato,finna,7
neato,thore,7
neato,aotea,7
neato,osers,7
neato,chopp,7
neato,accpt,7
neato,litan,7
neato,aftrs,7
neato,dizer,7
neato,higgy,9
neato,sokak,7
neato,tiras,7
neato,rodas,7
neato,kaepa,7
neato,binkd,7
neato,thoug,7
neato,eftps,7
neato,roons,7
neato,ahera,7
neato,foong,7
neato,spean,7
neato,rozzi,7
neato,ehler,7
neato,vsgas,7
neato,zydis,7
neato,scbcd,7
neato,dcraw,7
neato,afrin,7
neato,micks,7
neato,liece,7
neato,kabra,7
neato,ewood,7
neato,carck,7
neato,lawai,7
neato,lahav,7
neato,ipers,7
neato,vdgas,7
neato,achin,7
neato,adnet,7
neato,siggi,7
neato,schar,7
neato,takia,7
neato,alfax,7
neato,bangi,7
neato,mitek,7
neato,mtech,7
neato,vacon,7
neato,foras,7
neato,tolon,7
neato,aplix,7
neato,banas,7
neato,lyrid,7
neato,jidai,7
neato,rabon,7
neato,jatin,7
neato,ikeja,7
neato,faraz,7
neato,moren,7
neato,sauza,7
neato,korpi,7
neato,rippe,7
neato,codea,7
neato,loura,7
neato,zorzi,7
neato,avene,7
neato,tinks,7
neato,mogan,7
neato,termo,8
neato,witho,8
neato,herco,7
neato,actew,7
neato,gotto,9
neato,ifted,7
neato,rious,7
neato,ianus,7
neato,kotex,7
neato,sibir,7
neato,abeba,7
neato,sweni,7
neato,mique,7
neato,flowe,7
neato,luffy,8
neato,capas,7
neato,varos,7
neato,farne,7
neato,citar,7
neato,rarpd,7
neato,varje,7
neato,ratha,7
neato,popis,7
neato,micfo,8
neato,geebo,8
neato,klenk,7
neato,uotes,7
neato,ipenz,7
neato,bohne,7
neato,aboud,7
neato,shead,7
neato,safat,7
neato,arabo,8
neato,ligia,7
neato,abeka,7
neato,ilton,7
neato,darna,7
neato,cakap,7
neato,lozku,7
neato,egprs,7
neato,mlnet,7
neato,mutua,7
neato,honjo,8
neato,zande,7
neato,theyr,7
neato,rondi,7
neato,olgas,7
neato,untap,7
neato,mkdev,7
neato,cripe,7
neato,finks,7
neato,salex,7
neato,ibert,7
neato,penco,8
neato,tangi,7
neato,barik,7
neato,sunup,7
neato,yahia,7
neato,cvnet,7
neato,popin,7
neato,occas,7
neato,strad,7
neato,rotes,7
neato,echec,7
neato,bikni,7
neato,endes,7
neato,usnea,7
neato,newex,7
neato,biuro,7
neato,ccggc,7
neato,yipes,7
neato,ringx,7
neato,isccp,7
neato,sirup,7
neato,mitoc,7
neato,deery,9
neato,lussy,7
neato,edcon,7
neato,octos,7
neato,toran,7
neato,khoka,7
neato,dazza,7
neato,warze,7
neato,mized,7
neato,eriks,7
neato,kokko,7
neato,atype,7
neato,ringw,7
neato,codew,7
neato,moure,7
neato,lilys,7
neato,ageia,7
neato,binah,7
neato,kawan,7
neato,varis,7
neato,mombo,7
neato,dirda,7
neato,cappi,7
neato,mangi,7
neato,ahwaz,7
neato,canit,7
neato,saccs,7
neato,stret,7
neato,iithe,7
neato,miras,7
neato,dalea,7
neato,baena,7
neato,sscop,7
neato,korak,7
neato,donks,7
neato,abler,7
neato,qchar,7
neato,gurth,7
neato,styra,7
neato,anthr,7
neato,sheps,7
neato,laona,7
neato,sojuz,7
neato,jitka,7
neato,romio,7
neato,chacl,7
neato,ranap,7
neato,carpa,7
neato,ryken,7
neato,oaqps,7
neato,baude,7
neato,liker,7
neato,saron,7
neato,ringc,7
neato,loups,7
neato,hebdo,7
neato,ledco,8
neato,fayez,7
neato,arine,7
neato,rines,7
neato,talex,7
neato,ludus,7
neato,mydas,7
neato,slean,7
neato,stows,7
neato,souno,8
neato,jakie,7
neato,finin,7
neato,vinet,7
neato,matri,7
neato,usfda,7
neato,ragen,7
neato,bandb,7
neato,afnor,7
neato,esben,7
neato,ripng,7
neato,jolon,7
neato,sanoi,7
neato,labat,7
neato,bokos,7
neato,zebco,8
neato,qtype,7
neato,konex,7
neato,bioks,7
neato,akode,7
neato,digue,7
neato,jobri,7
neato,moreh,7
neato,yogas,7
neato,lotek,7
neato,solec,7
neato,mikis,7
neato,dgnet,7
neato,bakos,7
neato,avbox,7
neato,colug,7
neato,effic,7
neato,mserv,7
neato,oserr,7
neato,ragni,7
neato,katas,7
neato,trife,7
neato,jafra,7
neato,zaher,7
neato,mokes,7
neato,liryc,7
neato,oboks,7
neato,klees,7
neato,tihng,7
neato,fotis,7
neato,tazer,7
neato,eings,7
neato,rigns,7
neato,jongh,7
neato,karya,7
neato,libin,7
neato,sibby,7
neato,waner,7
neato,rowds,7
neato,rakic,7
neato,vooks,7
neato,dotan,7
neato,coque,7
neato,taung,7
neato,lstdc,7
neato,kores,7
neato,vorys,7
neato,eggar,7
neato,dylib,7
neato,onera,7
neato,fonix,7
neato,choic,7
neato,cided,7
neato,oxxus,7
neato,ashar,7
neato,ranke,7
neato,marid,7
neato,cygne,7
neato,ccpch,7
neato,cbord,7
neato,torro,10
neato,rscds,7
neato,isoid,7
neato,lazaa,7
neato,sabai,7
neato,malon,7
neato,fajna,7
neato,ektos,7
neato,cdoes,7
neato,aifia,7
neato,mazaa,7
neato,kanes,7
neato,talaq,7
neato,ranck,7
neato,boojs,7
neato,teruo,8
neato,dpcch,7
neato,bpoks,7
neato,bfora,7
neato,athor,7
neato,acasa,7
neato,rales,7
neato,weeee,9
neato,swoje,7
neato,rongs,7
neato,hurtt,7
neato,chepi,7
neato,booos,7
neato,ecent,7
neato,rowes,7
neato,arien,7
neato,jokez,7
neato,sauru,7
neato,oshpd,7
neato,lelly,9
neato,boois,7
neato,danek,7
neato,winge,7
neato,mndot,7
neato,yajna,7
neato,undie,7
neato,kleer,7
neato,angis,7
neato,tiggy,11
neato,anzai,7
neato,dougs,7
neato,ukpds,7
neato,sydor,7
neato,winey,8
neato,lione,7
neato,ineke,7
neato,thron,7
neato,aloni,7
neato,bkoks,7
neato,eolia,7
neato,shuai,7
neato,dones,7
neato,maxes,7
neato,codrs,7
neato,sitko,8
neato,facon,7
neato,banan,7
neato,ringq,7
neato,eturn,7
neato,tabin,7
neato,figgy,10
neato,marwa,7
neato,dcgui,7
neato,tdhca,7
neato,libbb,7
neato,locas,7
neato,diyos,7
neato,accou,7
neato,aitch,7
neato,coces,7
neato,warex,7
neato,royds,7
neato,warea,7
neato,vinoy,8
neato,ltrch,7
neato,socar,7
neato,tooze,7
neato,bidar,7
neato,codds,7
neato,rotie,7
neato,sanka,7
neato,dogra,7
neato,saria,7
neato,farha,7
neato,dsqrt,7
neato,larin,7
neato,baras,7
neato,codws,7
neato,tflee,7
neato,hixxy,7
neato,dawei,7
neato,cpdes,7
neato,bocog,7
neato,stryd,7
neato,skoop,7
neato,kozer,7
neato,ribgs,7
neato,rinhs,7
neato,lydie,7
neato,johng,7
neato,roojs,7
neato,vodes,7
neato,lissy,7
neato,hirao,7
neato,raden,7
neato,kszaa,7
neato,jvond,7
neato,cogic,7
neato,etoac,7
neato,dkred,7
neato,caree,7
neato,wheen,7
neato,codeq,7
neato,vanua,7
neato,anwer,7
neato,kyric,7
neato,minni,7
neato,katun,7
neato,unfor,7
neato,skuas,7
neato,kidan,7
neato,ipdps,7
neato,oyric,7
neato,eldin,7
neato,salux,7
neato,tagua,7
neato,ownik,7
neato,cauce,7
neato,skoob,7
neato,talke,7
neato,rifai,7
neato,enlai,7
neato,rolin,7
neato,macrs,7
neato,dachs,7
neato,annou,7
neato,opfor,7
neato,rickk,7
neato,scpnt,7
neato,myric,7
neato,sippi,7
neato,diped,7
neato,tokin,7
neato,folos,7
neato,rinbs,7
neato,mtorr,7
neato,rihgs,7
neato,longi,7
neato,rijgs,7
neato,rkngs,7
neato,ocdes,7
neato,caere,7
neato,rinvs,7
neato,rjngs,7
neato,warrz,7
neato,aiton,7
neato,blunk,7
neato,sotos,7
neato,fodes,7
neato,joles,7
neato,yariv,7
neato,sacca,7
neato,ories,7
neato,lolas,7
neato,kyong,7
neato,milpo,7
neato,cldes,7
neato,kayes,7
neato,aybar,7
neato,kaxaa,7
neato,katra,7
neato,coees,7
neato,eards,7
neato,wsrez,7
neato,rijpe,7
neato,icdcs,7
neato,ielly,10
neato,rinys,7
neato,siter,7
neato,injec,7
neato,ckdes,7
neato,ririe,7
neato,balkh,7
neato,mipas,7
neato,steib,7
neato,vigan,7
neato,rspei,7
neato,saers,7
neato,flegg,7
neato,fakin,7
neato,afana,9
neato,splut,7
neato,vfree,7
neato,binos,7
neato,byeee,7
neato,ehrig,7
neato,rabie,7
neato,honno,8
neato,anent,7
neato,johnn,7
neato,jojes,7
neato,danon,7
neato,monck,7
neato,ivona,7
neato,sipos,7
neato,bstun,7
neato,jazaa,7
neato,evros,7
neato,esuoh,7
neato,eloge,7
neato,faros,7
neato,rabiz,7
neato,fager,7
neato,cdphe,7
neato,simao,8
neato,cleek,7
neato,rghit,7
neato,jokee,7
neato,olten,7
neato,oelly,10
neato,lters,7
neato,wanne,7
neato,dspot,7
neato,couer,7
neato,sneyd,7
neato,inchi,7
neato,laree,7
neato,magaz,7
neato,mflop,7
neato,winzp,7
neato,joeks,7
neato,waxer,7
neato,aifrs,7
neato,fagot,7
neato,digon,7
neato,uncas,7
neato,jkoes,7
neato,makos,7
neato,steeg,7
neato,kolej,7
neato,mpges,7
neato,kalon,7
neato,wilga,7
neato,dicit,7
neato,wbniv,7
neato,inget,7
neato,toria,7
neato,ojccd,7
neato,micht,7
neato,winip,7
neato,sgnir,7
neato,inzip,7
neato,maxus,7
neato,loger,7
neato,zipes,7
neato,libgc,7
neato,thode,7
neato,sarra,7
neato,sowas,7
neato,boous,7
neato,faqih,7
neato,tiegs,7
neato,aitor,7
neato,winzi,7
neato,vfgas,7
neato,agnon,7
neato,ivrit,7
neato,ipnat,7
neato,koten,7
neato,jokws,7
neato,mapua,7
neato,kozee,7
neato,autun,7
neato,sakis,7
neato,ellps,7
neato,qaqaa,7
neato,ecrds,7
neato,akzaa,7
neato,bazaa,7
neato,warna,7
neato,iazaa,7
neato,dabit,7
neato,uelly,10
neato,oazaa,7
neato,skyet,7
neato,kqzaa,7
neato,wbdag,7
neato,kwzaa,7
neato,fsbos,7
neato,yllek,7
neato,wizip,7
neato,ojkes,7
neato,apdip,7
neato,kippy,8
neato,aobut,7
neato,daeng,7
neato,ewens,7
neato,schut,7
neato,jokea,7
neato,foops,7
neato,bagga,7
neato,jokrs,7
neato,gibbo,7
neato,sonda,7
neato,shoed,7
neato,arawa,9
neato,dizie,7
neato,manke,7
neato,dpeot,7
neato,wnzip,7
neato,bohus,7
neato,lagen,7
neato,jokew,7
neato,estis,7
neato,sherk,7
neato,kandu,7
neato,viger,7
neato,edpot,7
neato,sythe,7
neato,jpkes,7
neato,jooes,7
neato,iscid,7
neato,konak,7
neato,kinzi,7
neato,kinny,8
neato,bobek,7
neato,iokes,7
neato,jokex,7
neato,bobos,7
neato,dwpot,7
neato,darez,7
neato,copii,7
neato,uokes,7
neato,aprip,7
neato,jlkes,7
neato,ddpot,7
neato,widor,7
neato,waerz,7
neato,jokds,7
neato,yilan,7
neato,tucky,8
neato,jkkes,7
neato,danda,7
neato,aprik,7
neato,motic,7
neato,lyrci,7
neato,agger,7
neato,popek,7
neato,focht,7
neato,wagez,7
neato,thrax,7
neato,dolen,7
neato,tards,7
neato,isdir,7
neato,millo,8
neato,bipap,7
neato,wardz,7
neato,awrez,7
neato,fooos,7
neato,watez,7
neato,bijna,7
neato,wawez,7
neato,warwz,7
neato,coude,7
neato,jokec,7
neato,aarez,7
neato,earez,7
neato,wafez,7
neato,kokua,7
neato,jokeq,7
neato,qajar,7
neato,waeez,7
neato,wqrez,7
neato,rathi,7
neato,aatcc,7
neato,tonez,7
neato,sacog,7
neato,ffect,7
neato,wwrez,7
neato,aazak,7
neato,isobe,7
neato,wxrez,7
neato,dfpot,7
neato,uazaa,7
neato,corke,7
neato,lyroc,7
neato,ylric,7
neato,tugun,7
neato,lhric,7
neato,lyruc,7
neato,ltric,7
neato,lyriv,7
neato,lilik,7
neato,baeck,7
neato,lyrkc,7
neato,lyfic,7
neato,lyeic,7
neato,lgric,7
neato,kxzaa,7
neato,lyrjc,7
neato,lygic,7
neato,eldos,7
neato,ljric,7
neato,lywic,7
neato,lieff,7
neato,riden,7
neato,ancon,7
neato,canot,7
neato,barod,7
neato,svers,7
neato,sicca,7
neato,cidoc,7
neato,opper,7
neato,dvora,7
neato,spudz,7
neato,sagev,7
neato,marot,7
neato,steez,7
neato,wagin,7
neato,lipka,7
neato,qarez,7
neato,siria,7
neato,riget,7
neato,tatou,7
neato,mapei,7
neato,agrar,7
neato,kheng,7
neato,rinns,7
neato,sarez,7
neato,nemes,10
neato,vieni,7
neato,klopp,7
neato,ronks,7
neato,asucd,7
neato,zolan,7
neato,qawra,7
neato,akudi,7
neato,ratrs,7
neato,rinrs,7
neato,fatou,7
neato,janin,7
neato,elger,7
neato,sapin,7
neato,ashis,7
neato,roohs,7
neato,aquia,7
neato,mikka,7
neato,rikgs,7
neato,bonga,7
neato,moock,7
neato,qadri,7
neato,ifneq,7
neato,antya,7
neato,wowie,7
neato,lotgd,7
neato,folgt,7
neato,fapri,7
neato,boneh,7
neato,iddqd,7
neato,actek,7
neato,rwkhu,7
neato,saggi,7
neato,epygi,7
neato,uated,7
neato,manav,7
neato,rikke,7
neato,wkend,7
neato,askov,7
neato,injet,7
neato,uspga,7
neato,useed,7
neato,gelly,10
neato,asado,7
neato,kocka,7
neato,drini,7
neato,bipan,7
neato,earnt,7
neato,sojka,7
neato,lgobp,7
neato,cygan,7
neato,conex,7
neato,atras,7
neato,corra,7
neato,wlohe,7
neato,fbcon,7
neato,korac,7
neato,bajou,7
neato,malke,7
neato,tygar,7
neato,etkin,7
neato,ratee,7
neato,shoos,7
neato,lgops,7
neato,kayin,7
neato,boxeo,8
neato,diogu,7
neato,mikie,7
neato,bozic,7
neato,kodai,7
neato,malhi,7
neato,oxoid,7
neato,stehr,7
neato,kanin,7
neato,kyria,7
neato,rygar,7
neato,bokor,7
neato,rstes,7
neato,ither,7
neato,ulpan,7
neato,terao,8
neato,kales,7
neato,akeni,7
neato,tondo,8
neato,stohr,7
neato,zonen,7
neato,eldad,7
neato,bsddb,7
neato,aynor,7
neato,cflow,7
neato,kinji,7
neato,opend,7
neato,ucles,7
neato,kodos,7
neato,mtbne,7
neato,asbah,7
neato,twrci,7
neato,aippg,7
neato,likno,8
neato,yound,7
neato,llong,7
neato,barbu,7
neato,blore,7
neato,kolev,7
neato,silan,7
neato,bania,7
neato,minou,7
neato,illis,7
neato,sarie,7
neato,mollo,8
neato,jauch,7
neato,tonik,7
neato,lembo,8
neato,boyup,7
neato,kibby,7
neato,enova,7
neato,ziyad,7
neato,sidra,7
neato,ethik,7
neato,lapre,7
neato,tieri,7
neato,alexr,7
neato,papin,7
neato,koder,7
neato,liers,7
neato,papes,7
neato,flexa,7
neato,fatos,7
neato,titin,7
neato,maroa,7
neato,wicke,7
neato,astig,7
neato,simmo,9
neato,botes,7
neato,labov,7
neato,falah,7
neato,vanik,7
neato,egner,7
neato,marki,7
neato,aards,7
neato,ecord,7
neato,fslic,7
neato,eygpt,7
neato,tongo,8
neato,appea,7
neato,bonos,7
neato,sture,7
neato,ujung,7
neato,isons,7
neato,mytab,7
neato,cabir,7
neato,sidbi,7
neato,ipood,7
neato,oloys,7
neato,endod,7
neato,mkuze,7
neato,cdrun,7
neato,vouge,7
neato,sibos,7
neato,rolrx,7
neato,tilix,7
neato,gobbo,7
neato,kiewa,7
neato,jawan,7
neato,ruffy,8
neato,uboot,7
neato,madin,7
neato,wakin,7
neato,mlada,8
neato,firer,7
neato,boban,7
neato,fauve,7
neato,aghia,7
neato,razib,7
neato,oshun,7
neato,idweb,7
neato,rspas,7
neato,zafra,7
neato,winde,7
neato,conos,7
neato,danix,7
neato,oohhh,7
neato,ewyas,7
neato,krick,7
neato,ianni,7
neato,johnh,7
neato,bstan,7
neato,albon,7
neato,randu,7
neato,sfera,7
neato,ciwba,7
neato,liten,7
neato,svocs,7
neato,kohrs,7
neato,bykov,7
neato,minny,8
neato,illeg,7
neato,coens,7
neato,cgdoc,7
neato,scdot,7
neato,syndb,7
neato,sadeh,7
neato,tored,7
neato,btgps,7
neato,lappa,7
neato,cacgc,7
neato,ridha,7
neato,spdes,7
neato,zhone,7
neato,ticas,7
neato,ktris,7
neato,tyche,7
neato,lache,7
neato,rolan,7
neato,atrus,7
neato,kazin,7
neato,kahng,7
neato,banon,7
neato,robak,7
neato,dagda,7
neato,anodd,7
neato,oteri,7
neato,reate,7
neato,kongs,7
neato,usern,7
neato,myong,7
neato,aneka,7
neato,skyes,7
neato,iseed,7
neato,rilex,7
neato,dachi,7
neato,iancu,7
neato,hoooo,8
neato,milah,7
neato,richo,8
neato,bleau,7
neato,lilit,7
neato,ltext,7
neato,roopa,7
neato,ltker,7
neato,matue,7
neato,cooee,7
neato,kilde,7
neato,dolna,7
neato,lakie,7
neato,pappe,7
neato,milen,7
neato,calci,7
neato,athas,7
neato,vacek,7
neato,magor,7
neato,calgb,7
neato,siopa,7
neato,satir,7
neato,mynah,7
neato,acked,7
neato,simko,8
neato,trins,7
neato,zacht,7
neato,vibez,7
neato,spons,7
neato,wiger,7
neato,lajas,7
neato,oject,7
neato,matka,7
neato,wkhvh,7
neato,dafna,7
neato,ebdon,7
neato,rchan,7
neato,koden,7
neato,razza,7
neato,acque,7
neato,hurch,7
neato,silca,7
neato,zohra,7
neato,suomy,8
neato,afgan,7
neato,tinha,7
neato,dondi,7
neato,educd,7
neato,cecco,8
neato,bonez,7
neato,attis,7
neato,scoob,7
neato,rapha,7
neato,zongo,7
neato,enues,7
neato,ashot,7
neato,thurn,7
neato,coppe,7
neato,digex,7
neato,sicha,7
neato,ituns,7
neato,sinad,7
neato,kiker,7
neato,tacke,7
neato,inhib,7
neato,yakin,7
neato,malen,7
neato,workz,7
neato,folin,7
neato,cllrs,7
neato,baoan,7
neato,bacha,7
neato,beath,7
neato,kaban,7
neato,tanke,7
neato,chrap,7
neato,vanns,7
neato,moong,7
neato,tirer,7
neato,toung,7
neato,yazor,7
neato,walde,7
neato,viers,7
neato,byton,7
neato,livny,8
neato,tabun,7
neato,edhat,7
neato,lblax,7
neato,todds,7
neato,riewe,7
neato,socog,7
neato,sqlca,7
neato,tsuru,7
neato,lados,7
neato,aqdas,7
neato,sukey,8
neato,witbe,7
neato,frack,7
neato,undeb,7
neato,summy,8
neato,dicus,7
neato,lalas,7
neato,csfii,7
neato,bihan,7
neato,zollo,8
neato,abbes,7
neato,esrin,7
neato,conni,7
neato,aitos,7
neato,inpex,7
neato,schug,7
neato,farra,7
neato,ccnet,7
neato,kipps,7
neato,carec,7
neato,tataa,7
neato,linbo,7
neato,sigio,8
neato,balbi,7
neato,sagwa,7
neato,ariwa,7
neato,iccad,7
neato,mayix,7
neato,stuph,7
neato,foldr,7
neato,ryles,7
neato,sagat,7
neato,mogae,7
neato,toben,7
neato,ondvd,7
neato,oirat,7
neato,odzie,7
neato,mozes,7
neato,konda,7
neato,cocca,7
neato,oppos,7
neato,biwis,7
neato,sawin,7
neato,zkhuh,7
neato,zarqa,7
neato,carag,7
neato,cincs,7
neato,floer,7
neato,abert,7
neato,wafec,7
neato,dalet,7
neato,foris,7
neato,moyra,7
neato,kotze,7
neato,slops,7
neato,duley,8
neato,meale,8
neato,barab,7
neato,dayva,7
neato,mabus,7
neato,bbdug,7
neato,satre,7
neato,nefer,8
neato,dafis,7
neato,bicho,7
neato,dcccd,7
neato,wilno,7
neato,suply,8
neato,mturk,7
neato,tahar,7
neato,toigo,8
neato,rinke,7
neato,tocci,7
neato,dheas,7
neato,coban,7
neato,lijkt,7
neato,toted,7
neato,sathe,7
neato,salwa,7
neato,eglon,7
neato,usuhs,7
neato,kichi,7
neato,sodic,7
neato,miket,7
neato,afros,7
neato,triva,7
neato,shoba,7
neato,libes,7
neato,banet,7
neato,rolez,7
neato,finex,7
neato,chuis,7
neato,cgcct,7
neato,mnths,7
neato,theca,7
neato,yuppy,8
neato,ifreq,7
neato,aggcc,7
neato,zaner,7
neato,thede,7
neato,mpeye,7
neato,vesco,8
neato,katka,7
neato,cobbe,7
neato,wykes,7
neato,raedt,7
neato,coene,7
neato,looka,7
neato,sween,7
neato,vokes,7
neato,abfab,7
neato,mythe,7
neato,intvs,7
neato,minie,7
neato,yazdi,7
neato,sluit,7
neato,baner,7
neato,macan,7
neato,kizza,7
neato,calva,7
neato,klown,7
neato,aloan,7
neato,kopec,7
neato,mizan,7
neato,maxpc,7
neato,chups,7
neato,agood,7
neato,stear,7
neato,diges,7
neato,boyar,7
neato,dorji,7
neato,bague,7
neato,clowe,7
neato,acheh,7
neato,wanks,7
neato,liora,7
neato,songo,8
neato,lirik,7
neato,theus,7
neato,londa,7
neato,scrib,7
neato,roups,7
neato,klegg,7
neato,bitez,7
neato,likly,8
neato,sione,7
neato,kaces,7
neato,johna,7
neato,allai,7
neato,ticer,7
neato,tobia,7
neato,stlye,7
neato,mynci,7
neato,jiten,7
neato,voxan,7
neato,ffxii,7
neato,zinck,7
neato,ciner,7
neato,qutub,7
neato,fache,7
neato,baqra,7
neato,cicad,7
neato,tayeb,7
neato,eriod,7
neato,badie,7
neato,tider,7
neato,tcrpr,7
neato,acera,7
neato,tcbpr,7
neato,scbwi,7
neato,desmo,8
neato,cader,7
neato,richi,7
neato,rport,7
neato,jafri,7
neato,andas,7
neato,abebe,7
neato,zabor,7
neato,yinka,7
neato,aytos,7
neato,kanis,7
neato,vanja,7
neato,lihir,7
neato,miten,7
neato,bkgnd,7
neato,elend,7
neato,witan,7
neato,dblib,7
neato,eskow,7
neato,addic,7
neato,bapak,7
neato,ciney,8
neato,tikun,7
neato,majed,7
neato,lilya,7
neato,aceon,7
neato,tussy,10
neato,balut,7
neato,cygad,7
neato,kargs,7
neato,msocd,7
neato,cytes,7
neato,datar,7
neato,canan,7
neato,rockn,7
neato,lineo,8
neato,blork,7
neato,bolis,7
neato,malwa,7
neato,andin,7
neato,khoan,7
neato,tabuk,7
neato,rplex,7
neato,ottar,7
neato,codis,7
neato,lykes,7
neato,bsthq,7
neato,indan,7
neato,jaque,7
neato,sonex,7
neato,usebb,7
neato,vatos,7
neato,solde,7
neato,athon,7
neato,rozan,7
neato,kojic,7
neato,boord,7
neato,coris,7
neato,eluru,7
neato,ibeat,7
neato,kiona,7
neato,ellan,7
neato,todai,7
neato,binch,7
neato,wurts,7
neato,kaena,7
neato,tsort,7
neato,efect,7
neato,bodge,7
neato,axler,7
neato,rynek,7
neato,lipke,7
neato,qalys,7
neato,iozoo,8
neato,matze,7
neato,irini,7
neato,yokoo,8
neato,mitja,7
neato,malie,7
neato,lordz,7
neato,scoin,7
neato,donar,7
neato,migne,7
neato,anout,7
neato,babai,7
neato,moxee,7
neato,mgrab,7
neato,katyn,7
neato,asdex,7
neato,spbbc,7
neato,bobak,7
neato,oston,7
neato,sarpn,7
neato,jawas,7
neato,mobie,7
neato,dinis,7
neato,fcpga,7
neato,wordz,7
neato,ritva,7
neato,tsubi,7
neato,morar,7
neato,kindt,7
neato,attri,7
neato,ibher,7
neato,rhydd,7
neato,sadri,7
neato,litke,7
neato,lollo,9
neato,ayora,7
neato,sleng,7
neato,orida,7
neato,laxer,7
neato,kxtcd,7
neato,sabar,7
neato,oblix,7
neato,bgcpr,7
neato,wonde,7
neato,allre,7
neato,knoke,7
neato,ratoc,7
neato,wieku,7
neato,vengo,8
neato,alfas,7
neato,donax,7
neato,byres,7
neato,snuba,7
neato,agrin,7
neato,toyko,8
neato,temco,8
neato,maneb,7
neato,ssrna,7
neato,yakut,7
neato,jazip,7
neato,manha,7
neato,sffas,7
neato,kopin,7
neato,bcran,7
neato,zanin,7
neato,farag,7
neato,wikid,7
neato,tonna,7
neato,lxxxv,7
neato,accer,7
neato,monga,7
neato,zodat,7
neato,dbdpg,7
neato,bdlug,7
neato,chees,7
neato,fermo,8
neato,oncor,7
neato,morad,7
neato,malou,7
neato,capix,7
neato,churg,7
neato,snews,7
neato,sohar,7
neato,tized,7
neato,strng,7
neato,danja,7
neato,targu,7
neato,extre,7
neato,sonra,7
neato,sopho,8
neato,rabac,7
neato,ohope,7
neato,chuid,7
neato,madar,7
neato,sarde,7
neato,balde,7
neato,adhes,7
neato,laoag,7
neato,altin,7
neato,inegi,7
neato,wildt,7
neato,wagan,7
neato,ukuug,7
neato,jnode,7
neato,yaqub,7
neato,bargh,7
neato,silvi,7
neato,atrax,7
neato,kihuy,8
neato,tkcvs,7
neato,sleat,7
neato,safet,7
neato,slepp,7
neato,annah,7
neato,qarch,7
neato,dalin,7
neato,teele,7
neato,tiede,7
neato,asger,7
neato,karaa,7
neato,sator,7
neato,lyran,7
neato,witek,7
neato,loods,7
neato,tinas,7
neato,fldbx,7
neato,yuhui,7
neato,coope,7
neato,sakit,7
neato,milet,7
neato,aadac,7
neato,karki,7
neato,laget,7
neato,aldec,7
neato,rolec,7
neato,ancha,7
neato,bohun,7
neato,agren,7
neato,logia,7
neato,faruq,7
neato,falch,7
neato,banac,7
neato,mclin,7
neato,stoer,7
neato,bwlch,7
neato,vsbox,7
neato,carns,7
neato,itune,7
neato,angua,7
neato,fclug,7
neato,alcea,7
neato,rtlch,7
neato,klubb,7
neato,cgggg,7
neato,speir,7
neato,birkh,7
neato,atene,7
neato,lient,7
neato,mcree,7
neato,rflps,7
neato,ethne,7
neato,wocap,7
neato,ippnw,7
neato,chode,7
neato,rybie,7
neato,pappu,7
neato,moyie,7
neato,obner,7
neato,ionad,7
neato,fices,7
neato,louca,7
neato,shorr,7
neato,ephah,7
neato,wwwvw,7
neato,bioch,7
neato,tsena,7
neato,flogs,7
neato,diphe,7
neato,tigue,7
neato,aacap,7
neato,wwwva,7
neato,lathi,7
neato,aclug,7
neato,zynex,7
neato,cgccg,7
neato,lynas,7
neato,tvnow,7
neato,itown,7
neato,volin,7
neato,enoki,7
neato,asaka,9
neato,zonis,7
neato,kalee,7
neato,manen,7
neato,unrra,7
neato,zafer,7
neato,sihon,7
neato,meeee,10
neato,ystad,7
neato,fordi,7
neato,bozza,7
neato,papke,7
neato,matia,7
neato,shunk,7
neato,enwau,7
neato,canku,7
neato,antee,7
neato,evjen,7
neato,souda,7
neato,enden,7
neato,biorb,7
neato,annon,7
neato,hollo,10
neato,rieff,7
neato,worng,7
neato,abeer,7
neato,binfo,7
neato,withi,7
neato,entec,7
neato,ucode,7
neato,poppi,7
neato,kolka,7
neato,rakow,7
neato,maerz,7
neato,flect,7
neato,coree,7
neato,evron,7
neato,katon,7
neato,elbit,7
neato,oplan,7
neato,vleet,7
neato,myoox,7
neato,astex,7
neato,aijaz,7
neato,bitar,7
neato,onnet,7
neato,ipppd,7
neato,iplog,7
neato,baria,7
neato,ljpeg,7
neato,schow,7
neato,manya,7
neato,mitzy,7
neato,acabo,8
neato,infot,7
neato,shehu,7
neato,addys,7
neato,theys,7
neato,allas,7
neato,dicha,7
neato,usera,7
neato,lienz,7
neato,ciowe,7
neato,tandi,7
neato,ilhan,7
neato,jarke,7
neato,spead,7
neato,papaw,7
neato,lidex,7
neato,thunb,7
neato,ragus,7
neato,markh,7
neato,magri,7
neato,bater,7
neato,diyas,7
neato,magos,7
neato,bobex,7
neato,istan,7
neato,kotov,7
neato,donas,7
neato,rodox,7
neato,ladis,7
neato,boche,7
neato,rydon,7
neato,elkan,7
neato,wonna,7
neato,kleck,7
neato,safia,7
neato,yippy,8
neato,jough,7
neato,achan,7
neato,ichor,7
neato,mlbpa,7
neato,dafka,7
neato,aspac,7
neato,frane,7
neato,liceu,7
neato,bhoys,7
neato,estic,7
neato,dorai,7
neato,vieng,7
neato,tkrat,7
neato,mapcs,7
neato,likin,7
neato,vobes,7
neato,mbeya,7
neato,mknbi,7
neato,kaywa,7
neato,biblo,7
neato,sbcci,7
neato,linet,7
neato,fqhcs,7
neato,dohrn,7
neato,joyed,7
neato,infin,7
neato,londe,7
neato,balga,7
neato,dwoch,7
neato,bonda,7
neato,kinon,7
neato,jshop,7
neato,widge,7
neato,thuds,7
neato,eppes,7
neato,atala,9
neato,babka,7
neato,atrig,7
neato,yatch,7
neato,ilyce,7
neato,olner,7
neato,frady,7
neato,valde,7
neato,acous,7
neato,utree,7
neato,aspex,7
neato,lixin,7
neato,qdoba,7
neato,matcn,7
neato,vandi,7
neato,kyobu,7
neato,silen,7
neato,barin,7
neato,ttoes,7
neato,latke,7
neato,cccgg,7
neato,lykke,7
neato,ssbbw,7
neato,koyuk,7
neato,ushop,7
neato,wolak,7
neato,vwhpv,7
neato,fnorb,7
neato,salie,7
neato,larke,7
neato,talyn,7
neato,sarup,7
neato,eolex,7
neato,eader,7
neato,dheap,7
neato,miraj,7
neato,carys,7
neato,bonza,7
neato,valer,7
neato,ofour,7
neato,dtree,7
neato,qquad,7
neato,cleis,7
neato,bachi,7
neato,cstar,7
neato,kleve,7
neato,sgbox,7
neato,bapat,7
neato,dawgz,7
neato,bilas,7
neato,macps,7
neato,tahaa,7
neato,sarov,7
neato,espec,7
neato,borna,7
neato,trien,7
neato,codek,7
neato,asunc,7
neato,encyc,7
neato,alkor,7
neato,cicer,7
neato,islds,7
neato,coper,7
neato,heery,9
neato,roues,7
neato,taura,7
neato,barda,7
neato,thons,7
neato,mayon,7
neato,canid,7
neato,ribon,7
neato,fitzy,8
neato,borre,7
neato,kikos,7
neato,cadca,7
neato,mabou,7
neato,datcp,7
neato,knupp,7
neato,jabot,7
neato,solie,7
neato,kayan,7
neato,layna,7
neato,bogra,7
neato,ayyub,7
neato,mdtrk,7
neato,kopje,7
neato,isong,7
neato,adoni,7
neato,illud,7
neato,tribs,7
neato,moraz,7
neato,drava,8
neato,albir,7
neato,inteq,7
neato,calza,7
neato,mahia,7
neato,zdroj,7
neato,alwan,7
neato,cayos,7
neato,ifort,7
neato,benbo,8
neato,sajan,7
neato,eqypt,7
neato,macka,7
neato,odean,7
neato,colet,7
neato,manze,7
neato,capaz,7
neato,dicht,7
neato,akama,8
neato,efree,7
neato,kinin,7
neato,appic,7
neato,riers,7
neato,thrie,7
neato,ollis,7
neato,eichi,7
neato,loped,7
neato,rwhod,7
neato,zizka,7
neato,catos,7
neato,foure,7
neato,jobek,7
neato,ubeda,7
neato,borad,7
neato,wanke,7
neato,adukt,7
neato,songe,7
neato,rayos,7
neato,akhir,7
neato,lauke,7
neato,sacar,7
neato,ladas,7
neato,eneva,7
neato,ciega,7
neato,spyed,7
neato,mapks,7
neato,wedco,8
neato,toyin,7
neato,rawks,7
neato,sorgi,7
neato,mapkk,7
neato,mazor,7
neato,kathu,7
neato,alfab,7
neato,rokex,7
neato,dipnr,7
neato,iseki,7
neato,anqqa,7
neato,eiter,7
neato,mumby,8
neato,bigge,7
neato,endar,7
neato,ohler,7
neato,jaoui,7
neato,lxxii,7
neato,tabar,7
neato,beaus,7
neato,andyp,7
neato,katar,7
neato,lleyn,7
neato,ssees,7
neato,jbond,7
neato,beede,7
neato,molca,7
neato,ltccp,7
neato,vtrak,7
neato,johnt,7
neato,dstat,7
neato,darij,7
neato,ondra,7
neato,exces,7
neato,riney,8
neato,qiyue,7
neato,ascen,7
neato,morva,7
neato,bleys,7
neato,bagda,7
neato,sahir,7
neato,lucus,7
neato,osdbu,7
neato,slama,8
neato,birka,7
neato,urias,7
neato,mlppp,7
neato,mikos,7
neato,thebe,7
neato,sacri,7
neato,keays,7
neato,aborn,7
neato,kolob,7
neato,onkar,7
neato,iboga,7
neato,krijg,7
neato,myres,7
neato,kplug,7
neato,kluck,7
neato,kafer,7
neato,workd,7
neato,andri,7
neato,jogja,7
neato,thecb,7
neato,kohda,7
neato,figge,7
neato,bokka,7
neato,bihac,7
neato,makua,7
neato,bobbe,7
neato,conda,7
neato,anzus,7
neato,igjen,7
neato,fieri,7
neato,yvert,7
neato,vagra,7
neato,voris,7
neato,edric,7
neato,rolwx,7
neato,hoteo,8
neato,lwlib,7
neato,jacor,7
neato,clerp,7
neato,aptop,7
neato,souad,7
neato,marai,7
neato,sakon,7
neato,volet,7
neato,bitey,7
neato,iolan,7
neato,usweb,7
neato,coked,7
neato,dabar,7
neato,lippa,7
neato,kawau,7
neato,scbus,7
neato,biore,7
neato,sirin,7
neato,ynhhs,7
neato,janni,7
neato,lunny,8
neato,korba,7
neato,alura,7
neato,royko,8
neato,doton,7
neato,afdcb,7
neato,esrch,7
neato,sdwis,7
neato,vlora,7
neato,bbwaa,7
neato,kogen,7
neato,jinns,7
neato,scrod,7
neato,riolo,8
neato,cddvd,7
neato,dague,7
neato,warin,7
neato,kindi,7
neato,aglet,7
neato,rheed,7
neato,taron,7
neato,douds,7
neato,filon,7
neato,jakab,7
neato,rogow,7
neato,snozu,7
neato,aimoo,8
neato,lumut,7
neato,ohren,7
neato,encke,7
neato,whoot,7
neato,sandu,7
neato,ckers,7
neato,altex,7
neato,bakun,7
neato,bilin,7
neato,bijoy,7
neato,skyos,7
neato,kalye,7
neato,ohcen,7
neato,sujoy,8
neato,ideia,7
neato,caddr,7
neato,zweck,7
neato,sifar,7
neato,foree,7
neato,lones,7
neato,zanex,7
neato,klogs,7
neato,libpt,7
neato,spens,7
neato,lokan,7
neato,laghi,7
neato,diked,7
neato,amazo,8
neato,iders,7
neato,abris,7
neato,cicdc,7
neato,zycon,7
neato,spyri,7
neato,lluna,7
neato,censo,8
neato,chein,7
neato,eblah,7
neato,acher,7
neato,satra,7
neato,madia,7
neato,viden,7
neato,rades,7
neato,ukyou,7
neato,klunk,7
neato,sgroi,7
neato,mawae,7
neato,kozen,7
neato,ainfo,8
neato,ecbca,7
neato,sanji,7
neato,libet,7
neato,kalat,7
neato,aplac,7
neato,mypda,7
neato,cheks,7
neato,yagyu,7
neato,ustoa,7
neato,laleh,7
neato,tipit,7
neato,katin,7
neato,uhrig,7
neato,yapex,7
neato,kotra,7
neato,rakai,7
neato,mahir,7
neato,choot,7
neato,ikkyu,7
neato,ahlen,7
neato,swopa,7
neato,ilyin,7
neato,tinus,7
neato,fayad,7
neato,bshop,7
neato,bcodd,7
neato,aridi,7
neato,fesco,8
neato,caria,7
neato,rappe,7
neato,sloka,7
neato,fifes,7
neato,ahepa,7
neato,todes,7
neato,vyper,7
neato,cloos,7
neato,bumpz,7
neato,mikec,7
neato,lanne,7
neato,indow,7
neato,iabin,7
neato,andyb,7
neato,salei,7
neato,morat,7
neato,sarka,7
neato,spred,7
neato,ogled,7
neato,tardi,7
neato,ccdbg,7
neato,thnkz,7
neato,ficer,7
neato,moggs,7
neato,rinfo,8
neato,tigua,7
neato,oardc,7
neato,achds,7
neato,falar,7
neato,sswug,7
neato,ohone,7
neato,dotto,10
neato,sarid,7
neato,cduce,7
neato,vonne,7
neato,laozi,7
neato,caddx,7
neato,rolix,7
neato,lazor,7
neato,sinop,7
neato,motru,7
neato,wkhuh,7
neato,topoi,7
neato,zingg,7
neato,saupe,7
neato,taxat,7
neato,moneo,8
neato,milit,7
neato,ragor,7
neato,dahir,7
neato,iight,7
neato,vidna,7
neato,laris,7
neato,yonan,7
neato,milic,7
neato,rific,7
neato,johnr,7
neato,jawab,7
neato,lotze,7
neato,katoa,7
neato,objid,7
neato,execv,7
neato,cipke,7
neato,rford,7
neato,dweck,7
neato,woori,7
neato,balon,7
neato,towyn,7
neato,katch,7
neato,johnd,7
neato,merco,8
neato,bytea,7
neato,batur,7
neato,iltis,7
neato,boogs,7
neato,molka,7
neato,ipkat,7
neato,schen,7
neato,copys,7
neato,bahir,7
neato,indin,7
neato,myeon,7
neato,ictus,7
neato,mizzi,7
neato,bonci,7
neato,liuwa,7
neato,dphhs,7
neato,drigs,7
neato,kitwe,7
neato,moton,7
neato,griet,7
neato,blogx,7
neato,ontac,7
neato,kneen,7
neato,monke,7
neato,incat,7
neato,iseas,7
neato,magin,7
neato,chugh,7
neato,tpdus,7
neato,accys,7
neato,usdoj,7
neato,cdrps,7
neato,manje,7
neato,agcgc,7
neato,lanic,7
neato,eckes,7
neato,faget,7
neato,denno,8
neato,fiper,7
neato,danys,7
neato,biran,7
neato,volex,7
neato,dieng,7
neato,anjos,7
neato,karuk,7
neato,rhoad,7
neato,altid,7
neato,iacet,7
neato,foege,7
neato,ailed,7
neato,rizer,7
neato,rindi,7
neato,kalaw,7
neato,angad,7
neato,alkon,7
neato,sidus,7
neato,uglow,7
neato,fobes,7
neato,speen,7
neato,lajes,7
neato,alzip,7
neato,elber,7
neato,bhoja,7
neato,keedy,8
neato,abood,7
neato,undis,7
neato,jiddu,7
neato,jacot,7
neato,azara,9
neato,rogov,7
neato,rokke,7
neato,socat,7
neato,sance,7
neato,bapes,7
neato,tajhs,7
neato,radka,7
neato,yukky,8
neato,sherd,7
neato,rator,7
neato,looki,7
neato,chuou,7
neato,offed,7
neato,fcrps,7
neato,titti,7
neato,rokko,8
neato,borut,7
neato,magdi,7
neato,heeey,10
neato,ignor,7
neato,mapac,7
neato,racak,7
neato,bieng,7
neato,winps,7
neato,tolna,7
neato,kabin,7
neato,tilaa,7
neato,uoodo,8
neato,boudu,7
neato,loged,7
neato,fello,10
neato,eddin,7
neato,linyi,7
neato,otehr,7
neato,aizen,7
neato,cynos,7
neato,ilena,7
neato,ehdaa,7
neato,iatan,7
neato,oaked,7
neato,rcris,7
neato,saben,7
neato,bwbar,7
neato,solin,7
neato,antos,7
neato,bivio,7
neato,codan,7
neato,akkor,7
neato,utzon,7
neato,talbe,7
neato,coher,7
neato,oplin,7
neato,dcore,7
neato,pinho,8
neato,eolos,7
neato,daudi,7
neato,filan,7
neato,sabat,7
neato,akten,7
neato,fyrir,7
neato,vacia,7
neato,eunny,8
neato,eonar,7
neato,johnw,7
neato,kolot,7
neato,anded,7
neato,sygna,7
neato,aaohn,7
neato,dhyan,7
neato,yokai,7
neato,coerr,7
neato,shors,7
neato,titor,7
neato,lukey,8
neato,ascet,7
neato,fawad,7
neato,tanpa,7
neato,jcrew,7
neato,eclub,7
neato,stopt,7
neato,iconx,7
neato,streb,7
neato,radev,7
neato,sblog,7
neato,shoon,7
neato,sfeir,7
neato,bevmo,8
neato,yakub,7
neato,jlong,7
neato,elbaz,7
neato,logoi,7
neato,firoz,7
neato,ranee,7
neato,laune,7
neato,kieso,8
neato,doree,7
neato,byori,7
neato,jaybe,7
neato,alleg,7
neato,morck,7
neato,fdgcx,7
neato,vnder,7
neato,manza,7
neato,exprs,7
neato,syrie,7
neato,kozmo,8
neato,figgs,7
neato,bided,7
neato,lonix,7
neato,ianag,7
neato,demeo,8
neato,siera,7
neato,aldor,7
neato,llyod,7
neato,liden,7
neato,talya,7
neato,wwweb,7
neato,aveni,7
neato,ehehe,7
neato,rizos,7
neato,tahki,7
neato,lodon,7
neato,jayjg,7
neato,rhees,7
neato,iinfo,8
neato,karaj,7
neato,sikka,7
neato,typee,7
neato,voogd,7
neato,jully,8
neato,botev,7
neato,taong,7
neato,liphp,7
neato,bouge,7
neato,ofori,7
neato,lapua,7
neato,sandt,7
neato,dokdo,8
neato,utech,7
neato,intes,7
neato,yokwe,7
neato,alcun,7
neato,tches,7
neato,elkie,7
neato,danai,7
neato,borra,7
neato,mthca,7
neato,mohri,7
neato,blebs,7
neato,thoia,7
neato,coock,7
neato,yawar,7
neato,kolda,7
neato,mvoie,7
neato,abbia,7
neato,usrds,7
neato,arado,8
neato,mateu,7
neato,doned,7
neato,ustda,7
neato,fippa,7
neato,chuah,7
neato,tyran,7
neato,yanou,7
neato,abrar,7
neato,biolo,7
neato,csepp,7
neato,zaugg,7
neato,datca,7
neato,barea,7
neato,fucky,8
neato,oneok,7
neato,batis,7
neato,ejovi,7
neato,adude,7
neato,offce,7
neato,pirjo,7
neato,rilly,8
neato,yadis,7
neato,choas,7
neato,shuri,7
neato,kripa,7
neato,boops,7
neato,showe,7
neato,fizer,7
neato,stord,7
neato,algen,7
neato,ccpit,7
neato,blean,7
neato,silje,7
neato,falda,7
neato,dacht,7
neato,mycos,7
neato,miret,7
neato,wagyu,7
neato,ifree,7
neato,aduva,7
neato,kapit,7
neato,firpo,7
neato,idogs,7
neato,linix,7
neato,kinen,7
neato,soras,7
neato,mcdon,7
neato,llege,7
neato,fluck,7
neato,dirnt,7
neato,rinat,7
neato,bakir,7
neato,zagor,7
neato,rahat,7
neato,sayad,7
neato,kayah,7
neato,kbprb,7
neato,inlen,7
neato,loona,7
neato,laths,7
neato,ecora,7
neato,mooij,7
neato,layan,7
neato,donis,7
neato,scode,7
neato,vport,7
neato,oggie,7
neato,cinar,7
neato,taged,7
neato,lizka,7
neato,finit,7
neato,saled,7
neato,dyche,7
neato,wilce,7
neato,avron,7
neato,babas,7
neato,farda,7
neato,yifan,7
neato,ichar,7
neato,fajar,7
neato,aklog,7
neato,torys,7
neato,tiona,7
neato,jakar,7
neato,dbedt,7
neato,chrun,7
neato,oshrc,7
neato,yibin,7
neato,sylia,7
neato,ligar,7
neato,delly,10
neato,konza,7
neato,waleg,7
neato,shung,7
neato,iyong,7
neato,sonna,7
neato,satar,7
neato,bohar,7
neato,kstat,7
neato,baout,7
neato,chuva,7
neato,skean,7
neato,adbot,7
neato,tnode,7
neato,ficar,7
neato,kilar,7
neato,wirra,7
neato,vapir,7
neato,ttbar,7
neato,gripp,7
neato,loges,7
neato,kitai,7
neato,jorde,7
neato,lokar,7
neato,tnthd,7
neato,aldin,7
neato,rawrr,7
neato,bloot,7
neato,iconc,7
neato,injur,7
neato,abnor,7
neato,khuri,7
neato,cthrb,7
neato,sledd,7
neato,equix,7
neato,dfree,7
neato,guthy,8
neato,byond,7
neato,oakie,7
neato,juley,8
neato,milov,7
neato,medyo,7
neato,fhlbb,7
neato,roben,7
neato,yonda,7
neato,otxxx,7
neato,kalua,7
neato,maged,7
neato,airex,7
neato,winik,7
neato,zipit,7
neato,kobia,7
neato,aslak,7
neato,mplex,7
neato,fbeye,7
neato,ctcgc,7
neato,babis,7
neato,aonbs,7
neato,tawni,7
neato,whoas,7
neato,gillo,8
neato,morae,7
neato,pieno,8
neato,sadeq,7
neato,thuot,7
neato,litex,7
neato,jinni,7
neato,tikis,7
neato,innae,7
neato,seery,9
neato,axone,7
neato,vigre,7
neato,bocks,7
neato,siles,7
neato,citea,7
neato,wauna,7
neato,lappi,7
neato,macba,7
neato,soran,7
neato,udebs,7
neato,winap,7
neato,sanct,7
neato,eicar,7
neato,strok,7
neato,eqnwn,7
neato,cgcag,7
neato,awned,7
neato,katri,7
neato,akena,7
neato,enthu,7
neato,chooz,7
neato,iicrc,7
neato,asara,9
neato,togas,7
neato,kbbug,7
neato,iagra,7
neato,doyne,7
neato,fixly,8
neato,schub,7
neato,afeni,7
neato,vates,7
neato,chepa,7
neato,dlcis,7
neato,mybus,7
neato,tolra,7
neato,iport,7
neato,ladan,7
neato,walon,7
neato,coler,7
neato,pirlo,7
neato,kpers,7
neato,icgeb,7
neato,okgen,7
neato,kapag,7
neato,airds,7
neato,riter,7
neato,bolar,7
neato,rofin,7
neato,janee,7
neato,jogin,7
neato,anjie,7
neato,aitna,7
neato,licca,7
neato,tuley,8
neato,orian,7
neato,kaeng,7
neato,ranka,7
neato,lello,11
neato,speea,7
neato,ulker,7
neato,jahns,7
neato,fanci,7
neato,rieng,7
neato,qokrd,7
neato,dodos,7
neato,endon,7
neato,taboe,7
neato,solae,7
neato,kcron,7
neato,voros,7
neato,yohei,7
neato,bohra,7
neato,trixi,7
neato,deffo,8
neato,biodn,7
neato,abobe,7
neato,jpnyc,7
neato,corec,7
neato,aicon,7
neato,cicco,7
neato,ukooa,7
neato,aieee,7
neato,gurry,7
neato,riede,7
neato,isfet,7
neato,atter,7
neato,marwi,7
neato,bozzo,8
neato,ushga,7
neato,tonex,7
neato,datek,7
neato,faren,7
neato,stres,7
neato,kiiro,8
neato,clkin,7
neato,opord,7
neato,aslin,7
neato,vitec,7
neato,fater,7
neato,vaera,7
neato,axcan,7
neato,grava,8
neato,salga,7
neato,liero,8
neato,doges,7
neato,majah,7
neato,magga,7
neato,dyker,7
neato,bioko,7
neato,knoch,7
neato,rorie,7
neato,jdraw,7
neato,vanir,7
neato,etops,7
neato,mvpds,7
neato,unown,7
neato,tuqui,7
neato,esnug,7
neato,ccgcc,7
neato,booij,7
neato,liwei,7
neato,badar,7
neato,wheda,7
neato,koryu,7
neato,jolan,7
neato,stros,7
neato,rayra,7
neato,yough,7
neato,sahaj,7
neato,elcon,7
neato,tirar,7
neato,iloop,7
neato,ajzen,7
neato,stube,7
neato,riber,7
neato,riger,7
neato,daube,7
neato,kinka,7
neato,apcug,7
neato,koops,7
neato,fiora,7
neato,stope,7
neato,katee,7
neato,lohri,7
neato,jodan,7
neato,coode,7
neato,birke,7
neato,sinke,7
neato,kabah,7
neato,untac,7
neato,okoye,7
neato,theon,7
neato,tanji,7
neato,anara,9
neato,lacis,7
neato,lwres,7
neato,bicis,7
neato,swges,7
neato,ittee,7
neato,sagot,7
neato,neter,10
neato,ruley,8
neato,oprea,7
neato,jinzo,8
neato,elexa,7
neato,ccent,7
neato,solux,7
neato,teans,9
neato,chuig,7
neato,marda,7
neato,incae,7
neato,tokat,7
neato,beere,7
neato,maddi,7
neato,mayet,7
neato,ovcon,7
neato,fajne,7
neato,baert,7
neato,balda,7
neato,usour,7
neato,seaux,7
neato,mouat,7
neato,jabre,7
neato,mswin,7
neato,madog,7
neato,ouchy,8
neato,mobot,7
neato,karra,7
neato,zieht,7
neato,snuka,7
neato,darge,7
neato,rozin,7
neato,sanae,7
neato,zicha,7
neato,sieff,7
neato,aptus,7
neato,luthy,8
neato,jonne,7
neato,adjei,7
neato,byrns,7
neato,sigep,7
neato,mikus,7
neato,kadaj,7
neato,adden,7
neato,janua,7
neato,dajie,7
neato,viken,7
neato,mongu,7
neato,dxers,7
neato,tomio,7
neato,banik,7
neato,ayeka,7
neato,indig,7
neato,sizwe,7
neato,carpc,7
neato,sitez,7
neato,kovno,8
neato,ribby,7
neato,madou,7
neato,wilna,7
neato,ljudi,7
neato,wicht,7
neato,clova,7
neato,roeck,7
neato,andet,7
neato,blcak,7
neato,egpcs,7
neato,askes,7
neato,mfeed,7
neato,tchrs,7
neato,mapau,7
neato,aalbc,7
neato,mazei,7
neato,goooo,10
neato,avond,7
neato,salak,7
neato,zagar,7
neato,uneca,7
neato,moted,7
neato,miget,7
neato,nemer,9
neato,yappa,7
neato,bitin,7
neato,yadin,7
neato,styer,7
neato,lhwca,7
neato,whurr,7
neato,satcu,7
neato,eatcs,7
neato,demio,8
neato,zorki,7
neato,ahafo,8
neato,wodak,7
neato,foxie,7
neato,bikii,7
neato,touya,7
neato,stede,7
neato,rinku,7
neato,libxp,7
neato,stege,7
neato,toode,7
neato,synar,7
neato,frakt,7
neato,lpcvd,7
neato,colva,7
neato,cgeap,7
neato,virdi,7
neato,overa,7
neato,mceer,7
neato,moric,7
neato,chopt,7
neato,baree,7
neato,mahna,7
neato,liebt,7
neato,lotic,7
neato,madep,7
neato,clene,7
neato,vlore,7
neato,atago,8
neato,kheda,7
neato,lsten,7
neato,mizen,7
neato,zazou,7
neato,aalas,7
neato,twopi,7
neato,chera,7
neato,olwyn,7
neato,khuda,7
neato,filen,7
neato,uthai,7
neato,micek,7
neato,dolni,7
neato,showx,7
neato,boooo,10
neato,grasa,8
neato,lsdas,7
neato,eikon,7
neato,papir,7
neato,iplen,7
neato,babyb,7
neato,iacvb,7
neato,janas,7
neato,totie,7
neato,borak,7
neato,lxxiv,7
neato,dulay,8
neato,lowan,7
neato,syles,7
neato,ingap,7
neato,opcon,7
neato,booba,7
neato,satac,7
neato,akara,8
neato,tggcg,7
neato,joens,7
neato,illos,7
neato,abedi,7
neato,inzec,7
neato,soone,7
neato,siuya,7
neato,apana,9
neato,mahoe,7
neato,tawau,7
neato,odern,7
neato,obraz,7
neato,binda,7
neato,aluva,7
neato,tfcvs,7
neato,curta,7
neato,iflux,7
neato,kazue,7
neato,munny,9
neato,dabcc,7
neato,messo,8
neato,ctgcg,7
neato,varin,7
neato,soken,7
neato,morya,7
neato,bacca,7
neato,ideon,7
neato,showp,7
neato,doboj,7
neato,lskat,7
neato,tuloy,8
neato,cihan,7
neato,tirso,7
neato,lxxvi,7
neato,bloxx,7
neato,volyn,7
neato,csndc,7
neato,sajax,7
neato,loros,7
neato,mixit,7
neato,showb,7
neato,avone,7
neato,lemco,8
neato,bigip,7
neato,rawer,7
neato,fyros,7
neato,scheu,7
neato,iqraa,7
neato,espnd,7
neato,attgg,7
neato,muley,9
neato,cazes,7
neato,kazen,7
neato,adona,7
neato,langp,7
neato,vorne,7
neato,siebe,7
neato,adkin,7
neato,ciods,7
neato,lopen,7
neato,popat,7
neato,liros,7
neato,linon,7
neato,bouch,7
neato,tigon,7
neato,schot,7
neato,kokki,7
neato,iapac,7
neato,mohar,7
neato,tedco,8
neato,dvder,7
neato,vopak,7
neato,ishan,7
neato,axonz,7
neato,dpdch,7
neato,ticat,7
neato,fywyd,7
neato,entos,7
neato,usnrc,7
neato,ricke,7
neato,monix,7
neato,vidit,7
neato,cilis,7
neato,talca,7
neato,spyke,7
neato,espna,7
neato,salep,7
neato,romao,7
neato,uyeda,7
neato,whoes,7
neato,genso,8
neato,ratez,7
neato,marce,7
neato,fludd,7
neato,tdces,7
neato,manea,7
neato,foxen,7
neato,koert,7
neato,coner,7
neato,clent,7
neato,oriau,7
neato,dykie,7
neato,yagis,7
neato,usgwp,7
neato,sacrd,7
neato,ceeco,8
neato,raths,7
neato,minun,7
neato,cylin,7
neato,qader,7
neato,youko,8
neato,dgugs,7
neato,wneir,7
neato,lvcva,7
neato,kstuk,7
neato,tubus,7
neato,penno,8
neato,bijar,7
neato,firda,7
neato,mcore,7
neato,pspec,7
neato,itors,7
neato,ishin,7
neato,totic,7
neato,dktan,7
neato,vdeos,7
neato,whopp,7
neato,larbi,7
neato,mayac,7
neato,sirpa,7
neato,ccopr,7
neato,iczer,7
neato,calia,7
neato,manja,7
neato,alexs,7
neato,sctbn,7
neato,liong,7
neato,coret,7
neato,yardi,7
neato,byner,7
neato,logar,7
neato,ashra,7
neato,fracs,8
neato,appiq,7
neato,ofhis,7
neato,sarun,7
neato,uctvd,7
neato,cirac,7
neato,cloer,7
neato,alons,7
neato,alama,8
neato,folan,7
neato,swrda,7
neato,ragge,7
neato,eiben,7
neato,hitti,8
neato,jozan,7
neato,ruthy,8
neato,kalyx,7
neato,rozek,7
neato,bcdna,7
neato,sonho,8
neato,vicat,7
neato,bolds,7
neato,bowra,7
neato,makau,7
neato,jfree,7
neato,elcic,7
neato,achor,7
neato,mywap,7
neato,sotah,7
neato,batna,7
neato,dobos,7
neato,llwyn,7
neato,kbear,7
neato,cuffy,8
neato,bacak,7
neato,eolie,7
neato,bargn,7
neato,liona,7
neato,rbrvs,7
neato,ineed,7
neato,withh,7
neato,tabpe,7
neato,shrii,7
neato,babbs,7
neato,dvoid,7
neato,abudh,7
neato,dshaw,7
neato,mapos,7
neato,adfav,7
neato,dwfaq,7
neato,ufrgs,7
neato,chuye,7
neato,madra,7
neato,rotch,7
neato,bijin,7
neato,akuna,7
neato,jotka,7
neato,spywa,7
neato,denbo,8
neato,binga,7
neato,yanis,7
neato,byeon,7
neato,alows,7
neato,eserv,7
neato,tachs,7
neato,layar,7
neato,aaton,7
neato,lowri,7
neato,whups,7
neato,mocap,7
neato,vyrus,7
neato,drigg,7
neato,cooya,7
neato,ishai,7
neato,albyn,7
neato,toxie,7
neato,zgeek,7
neato,ragon,7
neato,kohat,7
neato,zshrc,7
neato,withs,7
neato,sakka,7
neato,topor,7
neato,citek,7
neato,cienc,7
neato,kazon,7
neato,aswat,7
neato,moggi,7
neato,arrrr,7
neato,kitka,7
neato,sslps,7
neato,sapid,7
neato,wwtps,7
neato,agong,7
neato,kalei,7
neato,sofya,7
neato,lihua,7
neato,mypad,7
neato,borie,7
neato,ktron,7
neato,sheat,7
neato,sdbug,7
neato,vheap,7
neato,sotic,7
neato,liron,7
neato,giolo,8
neato,rozet,7
neato,dinei,7
neato,chobi,7
neato,bioed,7
neato,mycie,7
neato,ahzab,7
neato,cbcnz,7
neato,mccaa,7
neato,aient,7
neato,thuya,7
neato,bonna,7
neato,onoda,7
neato,dokki,7
neato,yanke,7
neato,xcoff,7
neato,talkr,7
neato,raget,7
neato,kanne,7
neato,fowke,7
neato,lored,7
neato,vadik,7
neato,wiken,7
neato,markb,7
neato,cdphp,7
neato,fayer,7
neato,zinin,7
neato,rovno,8
neato,banai,7
neato,jajka,7
neato,cozza,7
neato,gokyo,7
neato,atric,7
neato,altun,7
neato,ofter,7
neato,rarus,7
neato,swers,7
neato,ilfak,7
neato,bangg,7
neato,ronon,7
neato,utput,7
neato,ythan,7
neato,kries,7
neato,torra,7
neato,barun,7
neato,axert,7
neato,boods,7
neato,wyles,7
neato,jicin,7
neato,akker,7
neato,mexco,7
neato,sayce,7
neato,ratea,7
neato,cytyc,7
neato,whent,7
neato,kitap,7
neato,objrs,7
neato,sohan,7
neato,rhnet,7
neato,oduct,7
neato,mccar,7
neato,lozzi,7
neato,motds,7
neato,minga,7
neato,inoki,7
neato,lodes,7
neato,karve,7
neato,floch,7
neato,kineo,8
neato,olkin,7
neato,alevt,7
neato,mcpan,7
neato,usdaa,7
neato,uncrd,7
neato,vieos,7
neato,kappe,7
neato,asawa,9
neato,randn,7
neato,kitao,8
neato,monjo,8
neato,ekwok,7
neato,volda,7
neato,dukey,8
neato,ellir,7
neato,kahua,7
neato,frass,7
neato,wxlxh,7
neato,isuka,7
neato,digna,7
neato,bodek,7
neato,ionen,7
neato,konoe,7
neato,mazai,7
neato,aidin,7
neato,libec,7
neato,mvdds,7
neato,vahan,7
neato,besso,8
neato,tstop,7
neato,sweda,7
neato,ayaka,9
neato,idube,7
neato,meebo,7
neato,dozes,7
neato,wiker,7
neato,cleer,7
neato,arium,7
neato,yanes,7
neato,kipor,7
neato,abdon,7
neato,tokaj,7
neato,mglur,7
neato,latas,7
neato,razia,7
neato,bosso,7
neato,egdon,7
neato,vaunt,7
neato,aippi,7
neato,kapas,7
neato,magra,7
neato,antea,7
neato,allia,7
neato,ixoye,7
neato,cedco,8
neato,kilic,7
neato,oorah,7
neato,aidid,7
neato,micds,7
neato,doyce,7
neato,bonan,7
neato,dalan,7
neato,viega,7
neato,tuque,7
neato,osric,7
neato,qword,7
neato,bachs,7
neato,jouve,7
neato,egpws,7
neato,mocie,7
neato,dilek,7
neato,wtype,7
neato,roope,7
neato,vogan,7
neato,yanic,7
neato,daric,7
neato,totus,7
neato,sheni,7
neato,twlog,7
neato,titie,7
neato,dvbes,7
neato,tfree,7
neato,entin,7
neato,bacri,7
neato,salor,7
neato,kinet,7
neato,byran,7
neato,octan,7
neato,kokyu,7
neato,robia,7
neato,bobot,7
neato,skyds,7
neato,grieb,7
neato,zabar,7
neato,asuna,7
neato,sweng,7
neato,rodia,7
neato,wohoo,8
neato,vraja,8
neato,wadud,7
neato,bcnet,7
neato,sacpa,7
neato,bigas,7
neato,aarne,7
neato,carrd,7
neato,sopor,7
neato,vbtab,7
neato,bokan,7
neato,foxon,7
neato,papis,7
neato,deeco,8
neato,taris,7
neato,worki,7
neato,mydoc,7
neato,digis,7
neato,escop,7
neato,viraj,7
neato,markp,7
neato,axeda,7
neato,bjcca,7
neato,lagon,7
neato,ticor,7
neato,bjorg,7
neato,volid,7
neato,carac,7
neato,miggy,7
neato,fatha,7
neato,rindt,7
neato,jakin,7
neato,sient,7
neato,encod,7
neato,theed,7
neato,kinas,7
neato,abena,7
neato,sinye,7
neato,farai,7
neato,jakov,7
neato,eilon,7
neato,radyr,7
neato,ariva,7
neato,mings,7
neato,rydia,7
neato,rwjuh,7
neato,clogh,7
neato,maros,7
neato,filix,7
neato,knoda,7
neato,faken,7
neato,myria,7
neato,bides,7
neato,bohac,7
neato,maryb,7
neato,cnddb,7
neato,uitar,7
neato,actar,7
neato,maket,7
neato,qiong,7
neato,eidhr,7
neato,calda,7
neato,ronee,7
neato,chupp,7
neato,zabka,7
neato,tagit,7
neato,lnout,7
neato,bawah,7
neato,kflag,7
neato,viddi,7
neato,dilks,7
neato,avrdc,7
neato,monje,7
neato,sprgs,7
neato,youuu,7
neato,eldre,7
neato,fayet,7
neato,ekert,7
neato,mphys,7
neato,sanni,7
neato,edraw,7
neato,yanji,7
neato,cioni,7
neato,talkd,7
neato,idees,7
neato,avweb,7
neato,jazyk,7
neato,batiz,7
neato,bikee,7
neato,thout,7
neato,shokk,7
neato,osker,7
neato,adrar,7
neato,kilka,7
neato,dalyn,7
neato,cjeap,7
neato,sfree,7
neato,athoc,7
neato,totoo,8
neato,cript,7
neato,wadis,7
neato,linny,8
neato,aotus,7
neato,ldraw,7
neato,iters,7
neato,yindi,7
neato,salee,7
neato,kanas,7
neato,inche,7
neato,iodev,7
neato,mofie,7
neato,tanit,7
neato,fccid,7
neato,jheka,7
neato,tigan,7
neato,rynne,7
neato,mitha,7
neato,wyder,7
neato,skeat,7
neato,satow,7
neato,ttcer,7
neato,toxik,7
neato,cuney,9
neato,rojos,7
neato,socci,7
neato,kadan,7
neato,boree,7
neato,eydcp,7
neato,inqua,7
neato,iclub,7
neato,giono,8
neato,mandu,7
neato,khris,7
neato,aytwn,7
neato,udrih,7
neato,swlug,7
neato,ekran,7
neato,ikeya,7
neato,mogie,7
neato,gendo,8
neato,achen,7
neato,voyez,7
neato,sabzi,7
neato,alred,7
neato,okdhs,7
neato,mprii,7
neato,istec,7
neato,unyon,7
neato,sagra,7
neato,antix,7
neato,caepr,7
neato,mades,7
neato,yoran,7
neato,tanne,7
neato,sneap,7
neato,ecrix,7
neato,augus,7
neato,astic,7
neato,synes,7
neato,bwcaw,7
neato,sakhi,7
neato,onore,7
neato,asbru,7
neato,woode,7
neato,kanza,7
neato,cofog,7
neato,ibuki,7
neato,iskon,7
neato,permo,8
neato,lodha,7
neato,minja,7
neato,bvpis,7
neato,sloyd,7
neato,cumul,7
neato,snoen,7
neato,marok,7
neato,kokon,7
neato,ianuk,7
neato,forca,7
neato,wyton,7
neato,jhene,7
neato,adzin,7
neato,fuhua,7
neato,bonap,7
neato,cbgbs,7
neato,solei,7
neato,yorkh,7
neato,sjeng,7
neato,foonr,7
neato,onlus,7
neato,sough,7
neato,lieue,7
neato,dshow,7
neato,ropin,7
neato,atera,7
neato,villy,9
neato,rapet,7
neato,kount,7
neato,didou,7
neato,tessy,7
neato,toppo,8
neato,rikud,7
neato,toyon,7
neato,ishes,7
neato,bbobs,7
neato,mahin,7
neato,edera,7
neato,kinjo,8
neato,milke,7
neato,lesso,8
neato,adeva,7
neato,slock,7
neato,asbca,7
neato,aktar,7
neato,asdan,7
neato,vocat,7
neato,cpres,7
neato,cctvs,7
neato,ingar,7
neato,backa,7
neato,zarek,7
neato,coues,7
neato,bobbo,8
neato,sshun,7
neato,ucred,7
neato,scrot,7
neato,lixit,7
neato,atext,7
neato,ellet,7
neato,altcs,7
neato,abegg,7
neato,akure,7
neato,mikao,8
neato,bsria,7
neato,gebco,8
neato,wynia,7
neato,kanzi,7
neato,fluet,7
neato,saric,7
neato,adupt,7
neato,bawer,7
neato,agbar,7
neato,analo,8
neato,agnor,7
neato,ticet,7
neato,majka,7
neato,citoh,7
neato,kleis,7
neato,sidhi,7
neato,asppa,7
neato,adurt,7
neato,todae,7
neato,zshaw,7
neato,wbenc,7
neato,sotck,7
neato,fluox,7
neato,jverd,7
neato,ksnow,7
neato,baken,7
neato,zodax,7
neato,motio,8
neato,aleka,7
neato,bancs,7
neato,vibha,7
neato,tanni,7
neato,carna,7
neato,jolis,7
neato,bayat,7
neato,cftpa,7
neato,adric,7
neato,kiris,7
neato,exfor,7
neato,dekho,7
neato,octra,7
neato,yangs,7
neato,tvlug,7
neato,loche,7
neato,opeiu,7
neato,uscib,7
neato,kabwe,7
neato,iriki,7
neato,jolen,7
neato,chega,7
neato,qanda,7
neato,kyrre,7
neato,vetco,8
neato,ipopd,7
neato,agran,7
neato,vator,7
neato,aktau,7
neato,libcw,7
neato,econs,7
neato,mexio,8
neato,jahrb,7
neato,wfuna,7
neato,majda,7
neato,anted,7
neato,escis,7
neato,ccode,7
neato,oslin,7
neato,sirat,7
neato,steir,7
neato,fytek,7
neato,usort,7
neato,iclic,7
neato,intur,7
neato,cbcrp,7
neato,clach,7
neato,moddb,7
neato,vlong,7
neato,uslec,7
neato,rrifs,7
neato,kobie,7
neato,addax,7
neato,lygia,7
neato,svoje,7
neato,marak,7
neato,videp,7
neato,unrau,7
neato,kylin,7
neato,epubs,7
neato,bahwa,7
neato,rogen,7
neato,shopt,7
neato,boyde,7
neato,oopic,7
neato,bynoe,7
neato,forze,7
neato,sflow,7
neato,sturk,7
neato,richs,7
neato,sheck,7
neato,ihpva,7
neato,colab,7
neato,sadun,7
neato,tynnu,7
neato,chwap,7
neato,rytas,7
neato,watec,7
neato,varid,7
neato,eidur,7
neato,offit,7
neato,awada,9
neato,dilke,7
neato,catre,7
neato,douar,7
neato,cprgs,7
neato,rados,7
neato,sacos,7
neato,viore,7
neato,waqas,7
neato,aahhh,7
neato,mhear,7
neato,boobd,7
neato,piolo,8
neato,esten,7
neato,wijze,7
neato,dowan,7
neato,ucker,7
neato,latur,7
neato,ilaha,8
neato,epeck,7
neato,rifka,7
neato,virna,7
neato,otori,7
neato,oifig,7
neato,kombo,7
neato,endin,7
neato,swreg,7
neato,wgout,7
neato,mirch,7
neato,eates,7
neato,oakar,7
neato,torke,7
neato,beebo,8
neato,batin,7
neato,finir,7
neato,alkis,7
neato,roxon,7
neato,modos,7
neato,knerr,7
neato,rajin,7
neato,taqqu,7
neato,mapps,7
neato,codas,7
neato,walet,7
neato,dglap,7
neato,ticed,7
neato,adpkd,7
neato,rcent,7
neato,lapps,7
neato,endan,7
neato,anjar,7
neato,roehr,7
neato,stcok,7
neato,actec,7
neato,thoen,7
neato,boria,7
neato,yajur,7
neato,fahrt,7
neato,birns,7
neato,lohia,7
neato,onega,7
neato,vinus,7
neato,kieff,7
neato,ystyr,7
neato,usura,7
neato,elgan,7
neato,shobe,7
neato,wakan,7
neato,usfaq,7
neato,cpunk,7
neato,clode,7
neato,echar,7
neato,kokee,7
neato,kotch,7
neato,ratex,7
neato,sinet,7
neato,ccris,7
neato,blonk,7
neato,bfree,7
neato,licet,7
neato,antwi,7
neato,mpoys,7
neato,spped,7
neato,mskcc,7
neato,aidoo,8
neato,csuci,7
neato,ablow,7
neato,takie,7
neato,sytex,7
neato,linin,7
neato,akeru,7
neato,torit,7
neato,toggi,7
neato,ootes,7
neato,gizzy,8
neato,bigod,7
neato,klehs,7
neato,vflag,7
neato,fidap,7
neato,tohan,7
neato,rewey,8
neato,kolos,7
neato,svcds,7
neato,vadas,7
neato,jcode,7
neato,razov,7
neato,roodt,7
neato,kaeru,7
neato,ebeye,7
neato,unted,7
neato,edgin,7
neato,datat,7
neato,colrs,7
neato,exene,7
neato,cober,7
neato,shuja,7
neato,mshda,7
neato,moena,7
neato,llana,8
neato,cales,7
neato,tolka,7
neato,daxue,7
neato,tobor,7
neato,dtors,7
neato,caura,7
neato,loopt,7
neato,synop,7
neato,youki,7
neato,othes,7
neato,konin,7
neato,accad,7
neato,apops,7
neato,wazza,7
neato,laque,7
neato,evdev,7
neato,ancap,7
neato,trius,7
neato,jinki,7
neato,ayths,7
neato,unhrc,7
neato,ihlen,7
neato,balka,7
neato,skwib,7
neato,saona,7
neato,yagya,7
neato,dawit,7
neato,rizon,7
neato,dosso,8
neato,bauru,7
neato,ukoug,7
neato,annia,7
neato,khwai,7
neato,alynn,7
neato,zshop,7
neato,lxxxi,7
neato,vlcek,7
neato,fonzi,7
neato,adeeb,7
neato,dijit,7
neato,winbi,7
neato,opcab,7
neato,dafwe,7
neato,tauba,7
neato,idear,7
neato,iceis,7
neato,lowke,7
neato,mfrow,7
neato,appon,7
neato,widex,7
neato,yawer,7
neato,molis,7
neato,lijun,7
neato,soret,7
neato,ratew,7
neato,iture,7
neato,unles,7
neato,ilugd,7
neato,bouin,7
neato,biren,7
neato,lydda,7
neato,aiyer,7
neato,linck,7
neato,randb,7
neato,ratec,7
neato,karun,7
neato,tsock,7
neato,bozek,7
neato,itcon,7
neato,rajen,7
neato,flocs,7
neato,islah,7
neato,krama,9
neato,jogit,7
neato,reath,8
neato,zveri,7
neato,sonae,7
neato,mugzy,7
neato,edwar,7
neato,safod,7
neato,loera,7
neato,lacac,7
neato,cneap,7
neato,ialis,7
neato,ihrig,7
neato,cflcc,7
neato,fxdwg,7
neato,aapne,7
neato,aduot,7
neato,wauer,7
neato,wadda,7
neato,warba,7
neato,steud,7
neato,milot,7
neato,lohas,7
neato,cafra,7
neato,rotex,7
neato,danau,7
neato,withn,7
neato,solva,7
neato,uneek,7
neato,lober,7
neato,ingwe,7
neato,yuhua,7
neato,danan,7
neato,cvpia,7
neato,aford,7
neato,kntjc,7
neato,mclgs,7
neato,youji,7
neato,donya,7
neato,vsepr,7
neato,weaks,9
neato,mtops,7
neato,mokpo,8
neato,khoja,7
neato,winpe,7
neato,zanni,7
neato,kanri,7
neato,rntcp,7
neato,coyer,7
neato,choat,7
neato,yanan,7
neato,taxas,7
neato,modak,7
neato,soliz,7
neato,ctlib,7
neato,addre,7
neato,kiene,7
neato,wajid,7
neato,stuks,7
neato,tenno,8
neato,papan,7
neato,kagen,7
neato,sheos,7
neato,itong,7
neato,actvt,7
neato,yacov,7
neato,sgwrs,7
neato,asort,7
neato,lynna,7
neato,folow,7
neato,asrar,7
neato,sanes,7
neato,lotor,7
neato,racek,7
neato,skwar,7
neato,brawa,7
neato,figes,7
neato,bowis,7
neato,ichep,7
neato,marji,7
neato,iadis,7
neato,zygon,7
neato,clodd,7
neato,lagna,7
neato,esros,7
neato,loxia,7
neato,buley,8
neato,lachs,7
neato,inbis,7
neato,catha,7
neato,kbfix,7
neato,iphdr,7
neato,tided,7
neato,boook,7
neato,sobra,7
neato,eilis,7
neato,valga,7
neato,unloc,7
neato,zylon,7
neato,syowa,7
neato,stkck,7
neato,morga,7
neato,lades,7
neato,finos,7
neato,jarir,7
neato,ukrop,7
neato,atock,7
neato,estae,7
neato,bobes,7
neato,obere,7
neato,aldot,7
neato,rogat,7
neato,dohuk,7
neato,danet,7
neato,klebe,7
neato,kopka,7
neato,undac,7
neato,tolin,7
neato,dynan,7
neato,mccdc,7
neato,alric,7
neato,nimiq,8
neato,lluch,7
neato,iafis,7
neato,cizek,7
neato,yonks,7
neato,datab,7
neato,babae,7
neato,mcrea,7
neato,chunn,7
neato,chezp,7
neato,darat,7
neato,adown,7
neato,aanet,7
neato,yarka,7
neato,fexco,8
neato,aonix,7
neato,laddr,7
neato,toueg,7
neato,theni,7
neato,sahid,7
neato,istok,7
neato,soder,7
neato,rohrs,7
neato,lycka,7
neato,isgur,7
neato,wajig,7
neato,yothu,7
neato,mgood,7
neato,waere,7
neato,thoat,7
neato,boors,7
neato,boore,7
neato,baord,7
neato,tauxe,7
neato,anera,7
neato,tihar,7
neato,ldcdc,7
neato,dtock,7
neato,mljet,7
neato,alfaz,7
neato,msnes,7
neato,biger,7
neato,zytek,7
neato,loove,7
neato,cirje,7
neato,virux,7
neato,siean,7
neato,firat,7
neato,riebe,7
neato,labib,7
neato,awwad,7
neato,larok,7
neato,atena,7
neato,johnk,7
neato,janov,7
neato,facut,7
neato,borus,7
neato,wsoap,7
neato,yanna,7
neato,cfree,7
neato,reata,7
neato,sidis,7
neato,syock,7
neato,kiong,7
neato,malow,7
neato,ilych,7
neato,fatus,7
neato,daggs,7
neato,jocke,7
neato,dyken,7
neato,ipcdn,7
neato,siwan,7
neato,zespo,8
neato,dlere,7
neato,addai,7
neato,litio,8
neato,andoh,7
neato,stokc,7
neato,albar,7
neato,tawes,7
neato,itkin,7
neato,sukup,7
neato,iifwp,7
neato,tobys,7
neato,solib,7
neato,egoic,7
neato,sluys,7
neato,fatua,7
neato,borgs,7
neato,kupuj,7
neato,sicop,7
neato,saund,7
neato,monex,7
neato,sgock,7
neato,balah,7
neato,bclad,7
neato,sbdcs,7
neato,afree,7
neato,wibra,7
neato,ttbox,7
neato,moeck,7
neato,eskog,7
neato,iftop,7
neato,wyneb,7
neato,optie,7
neato,antra,7
neato,ccgen,7
neato,woccu,7
neato,asoke,7
neato,lxxix,7
neato,micka,7
neato,adcox,7
neato,flexx,7
neato,eawag,7
neato,donyo,7
neato,lanys,7
neato,tacas,7
neato,fanns,7
neato,larra,7
neato,cipac,7
neato,agawa,8
neato,iacas,7
neato,inexq,7
neato,shonk,7
neato,estop,7
neato,magua,7
neato,ladki,7
neato,fujiy,7
neato,ifurn,7
neato,tyhee,7
neato,ligos,7
neato,zopix,7
neato,jadid,7
neato,ahuri,7
neato,miney,8
neato,syler,7
neato,sirev,7
neato,sadow,7
neato,sytek,7
neato,alfar,7
neato,sabac,7
neato,knepp,7
neato,kyoji,7
neato,obeng,7
neato,cseng,7
neato,mussy,8
neato,lrapa,8
neato,sanyu,7
neato,arive,7
neato,abuot,7
neato,engag,7
neato,lazic,7
neato,douri,7
neato,dihed,7
neato,jabin,7
neato,ratos,7
neato,stere,7
neato,seans,9
neato,stovk,7
neato,witrh,7
neato,bobik,7
neato,markw,7
neato,oblog,7
neato,takde,7
neato,lgera,7
neato,tugux,7
neato,mdrop,7
neato,topes,7
neato,binod,7
neato,ticke,7
neato,praya,9
neato,ztock,7
neato,rolap,7
neato,loglo,8
neato,bifid,7
neato,bajic,7
neato,rouet,7
neato,opoku,7
neato,bords,7
neato,wtock,7
neato,odgen,7
neato,vazba,7
neato,algos,7
neato,airpo,7
neato,tyles,7
neato,bireh,7
neato,diwas,7
neato,watie,7
neato,zizou,7
neato,wprog,7
neato,macor,7
neato,kokai,7
neato,wynot,7
neato,etock,7
neato,cynda,7
neato,rakan,7
neato,codet,7
neato,kodad,7
neato,cheqp,7
neato,iipga,7
neato,mikva,7
neato,wagah,7
neato,annos,7
neato,kibri,7
neato,koppe,7
neato,dalva,7
neato,sarap,7
neato,osgoi,7
neato,shuei,7
neato,safai,7
neato,ontic,7
neato,winna,7
neato,dober,7
neato,jodes,7
neato,vigen,7
neato,spyad,7
neato,wodka,7
neato,ettes,7
neato,zieve,7
neato,antia,7
neato,qclug,7
neato,asaio,7
neato,dacid,7
neato,tifia,7
neato,eneas,7
neato,louet,7
neato,janan,7
neato,chdap,7
neato,waurn,7
neato,lclub,7
neato,acevi,7
neato,mynet,7
neato,antas,7
neato,vloed,7
neato,kyger,7
neato,watne,7
neato,markd,7
neato,sitni,7
neato,affec,7
neato,sanke,7
neato,faqir,7
neato,thuka,7
neato,yanju,7
neato,ehnes,7
neato,miggs,7
neato,markg,7
neato,esbon,7
neato,munud,7
neato,kilwa,7
neato,donni,7
neato,toolo,8
neato,yijun,7
neato,iacob,7
neato,matou,7
neato,loret,7
neato,tiffy,8
neato,dspcd,7
neato,indya,7
neato,boeve,7
neato,bazzi,7
neato,varan,7
neato,urick,7
neato,lazin,7
neato,siers,7
neato,capar,7
neato,cande,7
neato,askus,7
neato,agoos,7
neato,copcs,7
neato,badon,7
neato,siree,7
neato,tined,7
neato,sixed,7
neato,jaken,7
neato,msync,7
neato,myrik,7
neato,annik,7
neato,clere,7
neato,ccgca,7
neato,rybki,7
neato,isner,7
neato,modnr,7
neato,minia,7
neato,fdree,7
neato,amala,9
neato,apoch,7
neato,ttgaa,7
neato,kollo,10
neato,danca,7
neato,agnic,7
neato,ikoyi,7
neato,stocj,7
neato,atwan,7
neato,lenso,8
neato,snoek,7
neato,webco,8
neato,fique,7
neato,kapeh,7
neato,stoxk,7
neato,vicci,7
neato,torba,7
neato,choki,7
neato,oguri,7
neato,farvi,7
neato,mitri,7
neato,ebben,7
neato,forer,7
neato,cions,7
neato,efrag,7
neato,rgyud,7
neato,intre,7
neato,stoci,7
neato,iskut,7
neato,iogen,7
neato,idoru,7
neato,ricon,7
neato,stlck,7
neato,madej,7
neato,ccccd,7
neato,torbe,7
neato,stodk,7
neato,cukup,7
neato,sfock,7
neato,dhuhr,7
neato,wanee,7
neato,windt,7
neato,stpck,7
neato,cobus,7
neato,beese,7
neato,uslaw,7
neato,digra,7
neato,ttxvn,7
neato,tokes,7
neato,bayed,7
neato,cbera,7
neato,riton,7
neato,fitne,7
neato,ashin,7
neato,fheap,7
neato,rahne,7
neato,jacox,7
neato,vtype,7
neato,tylox,7
neato,cylus,7
neato,ranui,7
neato,kingi,7
neato,rixen,7
neato,dight,7
neato,ctrip,7
neato,atton,7
neato,jouir,7
neato,aitec,7
neato,etlan,7
neato,zeeno,8
neato,attig,7
neato,ayano,8
neato,ictxt,7
neato,jacci,7
neato,datch,7
neato,lythe,7
neato,papau,7
neato,conon,7
neato,acrod,7
neato,idria,7
neato,bpcdt,7
neato,moyno,8
neato,ispas,7
neato,salew,7
neato,razas,7
neato,kaupp,7
neato,ingri,7
neato,cbeap,7
neato,ctree,7
neato,cacha,7
neato,anuar,7
neato,ixora,7
neato,barde,7
neato,rowat,7
neato,odent,7
neato,aidez,7
neato,dalip,7
neato,cyert,7
neato,ukrai,7
neato,duppy,8
neato,sftri,7
neato,arief,7
neato,carax,7
neato,cwrdd,7
neato,cupey,9
neato,zgrep,7
neato,mspap,7
neato,adour,7
neato,sgrep,7
neato,aound,7
neato,calow,7
neato,vonus,7
neato,ealrs,7
neato,situe,7
neato,dalis,7
neato,lapan,7
neato,someo,7
neato,taraz,7
neato,rabri,7
neato,johnc,7
neato,dblog,7
neato,sayde,7
neato,rakha,7
neato,eblvd,7
neato,kadet,7
neato,tanon,7
neato,ilxor,7
neato,tinfo,8
neato,equir,7
neato,jfour,7
neato,ovoga,7
neato,lanin,7
neato,annwn,7
neato,wincc,7
neato,floop,7
neato,manak,7
neato,mandt,7
neato,dtugs,7
neato,tutty,8
neato,sinfo,8
neato,bayit,7
neato,bajur,7
neato,shuen,7
neato,dowds,7
neato,stupp,7
neato,scdnr,7
neato,gollo,7
neato,obdds,7
neato,shuan,7
neato,gergo,8
neato,rydin,7
neato,schek,7
neato,sithe,7
neato,totin,7
neato,varde,7
neato,digir,7
neato,cyeap,7
neato,altek,7
neato,ssfdc,7
neato,mccqe,7
neato,ehlen,7
neato,tntrd,7
neato,ypcat,7
neato,sjres,7
neato,korns,7
neato,oklah,7
neato,obrys,7
neato,rijen,7
neato,bizen,7
neato,agweb,7
neato,cayer,7
neato,affrs,7
neato,oribi,7
neato,birck,7
neato,hurth,8
neato,dawan,7
neato,eaddr,7
neato,ascrs,7
neato,wyers,7
neato,chewp,7
neato,zylab,7
neato,monop,7
neato,boded,7
neato,makri,7
neato,sabas,7
neato,alers,7
neato,kothe,7
neato,iidea,7
neato,svces,7
neato,ecthr,7
neato,snoke,7
neato,acgcc,7
neato,theri,7
neato,alwis,7
neato,enzon,7
neato,daxon,7
neato,corop,7
neato,tooge,7
neato,bihor,7
neato,folch,7
neato,woehr,7
neato,kanki,7
neato,colza,7
neato,kidds,7
neato,aplet,7
neato,atran,7
neato,kacha,7
neato,fitri,7
neato,satna,7
neato,rapaz,7
neato,atypi,7
neato,vincy,8
neato,inhab,7
neato,rinck,7
neato,rieju,7
neato,ultor,7
neato,biras,7
neato,aiyyo,8
neato,fanie,7
neato,saeid,7
neato,magre,7
neato,ddwga,7
neato,babya,7
neato,lazed,7
neato,cyrax,7
neato,mowen,7
neato,titze,7
neato,speec,7
neato,edgie,7
neato,bogar,7
neato,toggs,7
neato,avlis,7
neato,cbtpa,7
neato,chueh,7
neato,sinch,7
neato,rapin,7
neato,vited,7
neato,efpia,7
neato,tenjo,8
neato,ajtai,7
neato,carcd,7
neato,ecorp,7
neato,manix,7
neato,anuak,7
neato,uconv,7
neato,bange,7
neato,cazin,7
neato,stond,7
neato,cclow,7
neato,idera,7
neato,zonar,7
neato,mozza,7
neato,egton,7
neato,khoei,7
neato,mgrid,7
neato,ustin,7
neato,olegb,7
neato,ollut,7
neato,batwa,7
neato,rfoot,7
neato,svejk,7
neato,birki,7
neato,dwebb,7
neato,beeny,9
neato,rongo,8
neato,manot,7
neato,epeus,7
neato,specu,7
neato,endep,7
neato,booge,7
neato,wajir,7
neato,riyaz,7
neato,ideos,7
neato,bobet,7
neato,wichi,7
neato,sizin,7
neato,munby,9
neato,ctock,7
neato,cture,7
neato,anzca,7
neato,uited,7
neato,bobic,7
neato,kipot,7
neato,slews,7
neato,zorai,7
neato,fadec,7
neato,sonno,8
neato,solrs,7
neato,wadge,7
neato,sokha,7
neato,sogut,7
neato,dsred,7
neato,barni,7
neato,eated,7
neato,tohra,7
neato,mooga,7
neato,encik,7
neato,sarep,7
neato,chuff,7
neato,morpc,7
neato,radhi,7
neato,dopac,7
neato,tirau,7
neato,mspca,7
neato,cdwow,7
neato,calke,7
neato,rvdad,7
neato,cylab,7
neato,cikgu,7
neato,cheet,7
neato,bafin,7
neato,cawrd,7
neato,valua,7
neato,kadhi,7
neato,boofo,8
neato,bakin,7
neato,wikki,7
neato,oplot,7
neato,sahab,7
neato,elron,7
neato,direx,7
neato,faran,7
neato,eylau,7
neato,eleri,7
neato,ltris,7
neato,yogya,7
neato,attah,7
neato,rateq,7
neato,osyka,7
neato,albis,7
neato,annai,7
neato,henao,7
neato,wydot,7
neato,wahda,7
neato,knowx,7
neato,milou,7
neato,copus,7
neato,voogt,7
neato,kazar,7
neato,libgb,7
neato,talit,7
neato,eipen,7
neato,aloka,7
neato,jeuno,7
neato,efudd,7
neato,zidek,7
neato,ecers,7
neato,konar,7
neato,donji,7
neato,catrd,7
neato,cardr,7
neato,koino,8
neato,odeur,7
neato,sweed,7
neato,olein,7
neato,motek,7
neato,uccja,7
neato,riepe,7
neato,rfree,7
neato,mohon,7
neato,faeye,7
neato,mkent,7
neato,cipec,7
neato,sanju,7
neato,kidou,7
neato,dahin,7
neato,itten,7
neato,lince,7
neato,jabbi,7
neato,thoai,7
neato,unpan,7
neato,tonin,7
neato,baech,7
neato,zanii,7
neato,yourk,7
neato,lourd,7
neato,rafes,7
neato,valgt,7
neato,topik,7
neato,algra,7
neato,tacka,7
neato,vipac,7
neato,maddr,7
neato,jarpa,7
neato,warga,7
neato,ibcon,7
neato,pirno,7
neato,zinke,7
neato,magha,7
neato,dorne,7
neato,abeja,7
neato,illex,7
neato,eibar,7
neato,sheap,7
neato,knova,7
neato,enous,7
neato,coryn,7
neato,solit,7
neato,mogok,7
neato,sweyn,7
neato,zound,7
neato,shuar,7
neato,osoba,7
neato,twedt,7
neato,cywir,7
neato,ffers,7
neato,agner,7
neato,ignat,7
neato,barys,7
neato,tapae,7
neato,chura,7
neato,oriah,7
neato,ilker,7
neato,udorn,7
neato,saher,7
neato,vtreg,7
neato,engos,7
neato,cylex,7
neato,inonu,7
neato,vtrek,7
neato,karbi,7
neato,shoew,7
neato,lcons,7
neato,matju,7
neato,dabid,7
neato,rijks,7
neato,appox,7
neato,dalvi,7
neato,sauda,7
neato,atend,7
neato,boder,7
neato,zhcon,7
neato,alcia,7
neato,koncz,7
neato,acccg,7
neato,raphi,7
neato,copni,7
neato,lytec,7
neato,langt,7
neato,zoecu,7
neato,walck,7
neato,mooos,7
neato,jalex,7
neato,liran,7
neato,caerd,7
neato,volge,7
neato,aleev,7
neato,afrox,7
neato,ranna,7
neato,fnlib,7
neato,vinda,7
neato,soner,7
neato,ikkje,7
neato,fluhr,7
neato,weyco,8
neato,siega,7
neato,kalus,7
neato,laber,7
neato,sahrc,7
neato,liggy,11
neato,caqrd,7
neato,kiryu,7
neato,mphpt,7
neato,swtat,7
neato,zador,7
neato,viris,7
neato,rapae,7
neato,kocho,8
neato,motoi,7
neato,aathi,7
neato,lfoot,7
neato,cohon,7
neato,ratws,7
neato,manka,7
neato,sorea,7
neato,batie,7
neato,shoki,7
neato,bicks,7
neato,cafrd,7
neato,jadin,7
neato,giray,8
neato,bayji,7
neato,vinct,7
neato,virag,7
neato,anapa,9
neato,islnd,7
neato,sadus,7
neato,unryu,7
neato,cadrd,7
neato,udhcp,7
neato,wafaa,7
neato,laned,7
neato,raupp,7
neato,inlow,7
neato,tauer,7
neato,iskar,7
neato,fheis,7
neato,jheri,7
neato,jonka,7
neato,radan,7
neato,baduk,7
neato,abdin,7
neato,shoda,7
neato,doper,7
neato,vanoc,7
neato,sabet,7
neato,binop,7
neato,citib,7
neato,bandt,7
neato,spyda,7
neato,bayda,7
neato,virez,7
neato,shoez,7
neato,wynit,7
neato,lyder,7
neato,datig,7
neato,oblon,7
neato,cheas,7
neato,brana,7
neato,ohter,7
neato,rshaw,7
neato,danne,7
neato,jarra,7
neato,kozue,7
neato,rajib,7
neato,sikit,7
neato,jayni,7
neato,abona,7
neato,dotaz,7
neato,besco,8
neato,balnk,7
neato,knops,7
neato,carxd,7
neato,mirer,7
neato,whhna,7
neato,zipka,7
neato,cazrd,7
neato,icran,7
neato,rokia,7
neato,abbat,7
neato,jadad,7
neato,marus,7
neato,egnar,7
neato,tiggs,7
neato,fonck,7
neato,cerdo,8
neato,ocred,7
neato,afcon,7
neato,zacek,7
neato,scoug,7
neato,simmy,8
neato,athea,7
neato,dspic,7
neato,otpor,7
neato,kitaj,7
neato,wazee,7
neato,itude,7
neato,korne,7
neato,lowie,7
neato,cpfis,7
neato,flogi,7
neato,sinix,7
neato,sopko,8
neato,zweet,7
neato,toogo,8
neato,dycus,7
neato,kards,7
neato,licly,8
neato,lokas,7
neato,twnhs,7
neato,cazet,7
neato,badaz,7
neato,asama,9
neato,ispor,7
neato,unpre,7
neato,cheit,7
neato,eloff,7
neato,icron,7
neato,miria,7
neato,minko,8
neato,lblas,7
neato,kapda,7
neato,falaq,7
neato,sitex,7
neato,modix,7
neato,alloi,7
neato,boyet,7
neato,tohei,7
neato,ratds,7
neato,inyri,7
neato,cpwhu,7
neato,vites,7
neato,russy,9
neato,rador,7
neato,sbhcs,7
neato,asced,7
neato,bacic,7
neato,oklee,7
neato,akorn,7
neato,ksync,7
neato,biery,7
neato,klaha,7
neato,eears,9
neato,rodec,7
neato,doqei,7
neato,ugent,7
neato,triwn,7
neato,rqtes,7
neato,affan,7
neato,rieni,7
neato,fadia,7
neato,ptpka,7
neato,sqlda,7
neato,valea,7
neato,doryx,7
neato,sarec,7
neato,rwtes,7
neato,watha,7
neato,koena,7
neato,itted,7
neato,endet,7
neato,zaric,7
neato,gemco,8
neato,tgtgc,7
neato,dgrin,7
neato,yitro,8
neato,foehr,7
neato,thred,7
neato,pillo,8
neato,squiz,7
neato,morii,7
neato,sakhr,7
neato,mijag,7
neato,kirit,7
neato,boori,7
neato,ongov,7
neato,dooge,7
neato,socko,8
neato,ronri,7
neato,krips,7
neato,andyc,7
neato,mazuz,7
neato,onces,7
neato,boogo,8
neato,ukqcd,7
neato,saken,7
neato,shuki,7
neato,didna,7
neato,dhoop,7
neato,etnus,7
neato,lozza,7
neato,cydia,7
neato,lynge,7
neato,newes,7
neato,dhows,7
neato,knoxx,7
neato,ingre,7
neato,sonka,7
neato,cldaq,7
neato,catic,7
neato,sompo,7
neato,jondi,7
neato,esqui,7
neato,wocat,7
neato,angap,7
neato,dorot,7
neato,ksort,7
neato,efros,7
neato,kabba,7
neato,giglo,8
neato,racah,7
neato,malde,7
neato,jokic,7
neato,undos,7
neato,sokko,8
neato,faous,7
neato,cardb,7
neato,wakai,7
neato,ticad,7
neato,akran,7
neato,rsort,7
neato,syron,7
neato,obter,7
neato,kilik,7
neato,busso,7
neato,vijai,7
neato,fworx,7
neato,andgt,7
neato,wooff,7
neato,olyan,7
neato,barot,7
neato,vinit,7
neato,yooga,7
neato,wicki,7
neato,itrix,7
neato,bolge,7
neato,tgcac,7
neato,goboo,8
neato,hoogo,8
neato,isern,7
neato,amapa,9
neato,eldor,7
neato,achot,7
neato,sirak,7
neato,viron,7
neato,bigio,7
neato,apdiv,7
neato,alnap,7
neato,utlav,7
neato,ascon,7
neato,goolo,8
neato,yooge,7
neato,olexa,7
neato,ecton,7
neato,minoo,8
neato,abbys,7
neato,vilja,7
neato,papon,7
neato,carni,7
neato,wotch,7
neato,dineh,7
neato,ogwen,7
neato,goblo,8
neato,mouna,7
neato,aneja,7
neato,isues,7
neato,jawra,7
neato,bshrs,7
neato,jabes,7
neato,schik,7
neato,taget,7
neato,mobee,7
neato,bakht,7
neato,googo,8
neato,enhet,7
neato,sipan,7
neato,robrt,7
neato,yaooi,7
neato,uaddr,7
neato,zakia,7
neato,kawas,7
neato,gotoo,8
neato,taxan,7
neato,oogoo,7
neato,saxis,7
neato,oyens,7
neato,ciras,7
neato,kynan,7
neato,dazur,7
neato,rtnet,7
neato,rczik,7
neato,kcore,7
neato,isgar,7
neato,vocus,7
neato,boolo,8
neato,tyria,7
neato,wacap,7
neato,erion,7
neato,tifac,7
neato,pesco,8
neato,lohja,7
neato,seaes,8
neato,oyoga,7
neato,borje,7
neato,mikah,7
neato,kanka,7
neato,cabbi,7
neato,mogao,8
neato,kauff,7
neato,sgpgi,7
neato,babii,7
neato,zadig,7
neato,gogeo,8
neato,fawna,7
neato,churc,7
neato,foolo,8
neato,krimi,7
neato,tooga,7
neato,ranae,7
neato,chenu,7
neato,dafid,7
neato,mangu,7
neato,yogoa,7
neato,lycis,7
neato,yooho,8
neato,moffo,8
neato,matid,7
neato,diret,7
neato,uscoc,7
neato,vodun,7
neato,thyng,7
neato,eagen,7
neato,aicar,7
neato,dafni,7
neato,sooon,7
neato,liget,7
neato,wanja,7
neato,gogoo,8
neato,fooge,7
neato,balie,7
neato,isbin,7
neato,eskie,7
neato,shooz,7
neato,rojek,7
neato,rinde,7
neato,gooyo,7
neato,ailie,7
neato,labei,7
neato,lajja,7
neato,oogoe,7
neato,rhyan,7
neato,wanka,7
neato,timeo,8
neato,ohori,7
neato,yauch,7
neato,jonat,7
neato,hoolo,8
neato,otoga,7
neato,urien,7
neato,avows,7
neato,idndr,7
neato,goobo,7
neato,actiq,7
neato,kleyn,7
neato,figga,7
neato,bogin,7
neato,gogio,8
neato,vares,7
neato,goglo,8
neato,goflo,8
neato,cardg,7
neato,ellip,7
neato,sadis,7
neato,egree,7
neato,oboga,7
neato,kiros,7
neato,kaddr,7
neato,togoo,8
neato,oolge,7
neato,accid,7
neato,rdugs,7
neato,kouch,7
neato,frant,7
neato,fooga,7
neato,aswin,7
neato,touga,7
neato,booog,7
neato,yazad,7
neato,eblen,7
neato,vooga,7
neato,ogoke,7
neato,hogoo,8
neato,govoo,8
neato,toloe,7
neato,antun,7
neato,icond,7
neato,voloe,7
neato,foloe,7
neato,kolge,7
neato,klehr,7
neato,yoogo,8
neato,oyoge,7
neato,boglo,8
neato,eppig,7
neato,goofo,8
neato,boloe,7
neato,tarus,7
neato,solor,7
neato,liges,7
neato,bogoo,8
neato,otoge,7
neato,danzi,7
neato,uldis,7
neato,hully,8
neato,gigoo,8
neato,gohlo,8
neato,donev,7
neato,diehr,7
neato,ollge,7
neato,bogoa,7
neato,ogobe,7
neato,foogo,8
neato,openc,7
neato,dalej,7
neato,scbas,7
neato,fooog,7
neato,yohho,8
neato,toglo,8
neato,goigo,8
neato,ooogo,8
neato,gooho,8
neato,gokgo,8
neato,goilo,8
neato,yaook,7
neato,tolge,7
neato,ogoye,7
neato,gotlo,8
neato,foglo,8
neato,dstan,7
neato,oooge,7
neato,ogoya,7
neato,kboji,7
neato,goopo,8
neato,gohoo,8
neato,yogoo,8
neato,iconw,7
neato,hoglo,8
neato,goyoo,8
neato,gooko,8
neato,yooog,7
neato,yoohi,7
neato,ogova,7
neato,togoe,7
neato,lolge,7
neato,fooag,7
neato,fogoo,8
neato,excet,7
neato,bogoe,7
neato,vooge,7
neato,koglo,7
neato,ootlo,8
neato,ioglo,8
neato,yhooi,7
neato,yaoou,7
neato,riely,8
neato,ooblo,8
neato,ohoga,7
neato,ogoha,7
neato,gopgo,8
neato,gogko,8
neato,booag,7
neato,oolye,7
neato,oolve,7
neato,oolbe,7
neato,ooglo,8
neato,oogao,8
neato,ogogs,7
neato,ofoga,7
neato,gogpo,8
neato,fogoa,7
neato,yoolo,8
neato,waoic,7
neato,ogove,7
neato,ogoge,7
neato,cytrx,7
neato,oogeo,8
neato,ogogi,7
neato,fogoe,7
neato,togoa,7
neato,ooogp,7
neato,oogok,7
neato,oilge,7
neato,kvert,7
neato,yaoob,7
neato,vogoe,7
neato,tooog,7
neato,oolgr,7
neato,oogoa,7
neato,oogko,8
neato,ogope,7
neato,ogoba,7
neato,oglge,7
neato,ofoge,7
neato,goylo,8
neato,goplo,8
recap,sales,7
recap,works,7
recap,makes,7
recap,takes,7
recap,creek,7
recap,porno,7
recap,abuse,7
recap,falls,7
recap,wants,7
recap,korea,7
recap,wales,7
recap,scene,7
recap,intel,7
recap,dress,7
recap,maine,7
recap,irish,7
recap,greek,7
recap,idaho,7
recap,swiss,7
recap,holds,7
recap,honda,7
recap,crack,7
recap,talks,7
recap,crash,7
recap,twiki,7
recap,chile,7
recap,trans,7
recap,opens,7
recap,iraqi,7
recap,arena,7
recap,tokyo,7
recap,gonna,7
recap,saudi,7
recap,loves,7
recap,corps,7
recap,fails,7
recap,skype,7
recap,trunk,7
recap,sauce,7
recap,lanka,7
recap,toner,7
recap,latex,7
recap,saver,7
recap,grill,7
recap,wanna,7
recap,thats,7
recap,lotus,7
recap,phpbb,7
recap,lopez,7
recap,utils,7
recap,congo,7
recap,malta,7
recap,omaha,7
recap,dying,7
recap,stuck,7
recap,paste,7
recap,chess,7
recap,amino,7
recap,myers,7
recap,screw,7
recap,tribe,7
recap,ghana,7
recap,chick,7
recap,haiti,7
recap,alias,7
recap,howto,7
recap,saves,7
recap,gotta,7
recap,mardi,7
recap,sheer,7
recap,whats,7
recap,scuba,7
recap,sagem,7
recap,papua,7
recap,aruba,7
recap,sperm,7
recap,craps,7
recap,shark,7
recap,emacs,7
recap,sparc,7
recap,dover,7
recap,token,7
recap,johns,7
recap,joins,7
recap,mpegs,7
recap,stays,7
recap,draws,7
recap,spank,7
recap,sanyo,7
recap,notre,7
recap,crude,7
recap,safer,7
recap,lynch,7
recap,urine,7
recap,coupe,7
recap,tonga,7
recap,atari,7
recap,couch,7
recap,chili,7
recap,cobra,7
recap,https,7
recap,walsh,7
recap,icann,7
recap,evite,7
recap,qaeda,7
recap,chang,7
recap,acura,7
recap,fargo,7
recap,pouch,7
recap,forex,7
recap,fgets,7
recap,zhang,7
recap,mayer,7
recap,hydro,7
recap,parse,7
recap,grape,7
recap,nauru,7
recap,cough,7
recap,panda,7
recap,nobel,7
recap,payne,7
recap,notch,7
recap,maths,7
recap,lotto,7
recap,intra,7
recap,codec,7
recap,msnbc,7
recap,astro,7
recap,anglo,7
recap,kappa,7
recap,shack,7
recap,tango,7
recap,carte,7
recap,sobre,7
recap,lasts,7
recap,mains,7
recap,corel,7
recap,chung,7
recap,ipsec,7
recap,porto,7
recap,wolfe,7
recap,osaka,7
recap,wreck,7
recap,prada,7
recap,owing,7
recap,annum,7
recap,morse,7
recap,warez,7
recap,thurs,7
recap,twink,7
recap,mover,7
recap,fauna,7
recap,ortho,7
recap,hangs,7
recap,dolce,7
recap,magna,7
recap,cajun,7
recap,chico,7
recap,amiga,7
recap,argus,7
recap,steer,7
recap,entre,7
recap,cheng,7
recap,hates,7
recap,hague,7
recap,thanx,7
recap,lange,7
recap,pager,7
recap,jolla,7
recap,spawn,7
recap,tying,7
recap,haute,7
recap,asean,7
recap,emule,7
recap,topps,7
recap,largo,7
recap,waive,7
recap,drank,7
recap,dansk,7
recap,hobbs,7
recap,mayen,7
recap,faire,7
recap,maven,7
recap,monde,7
recap,shrek,7
recap,eater,7
recap,synth,7
recap,obese,7
recap,avaya,7
recap,astra,7
recap,mondo,7
recap,garde,7
recap,prweb,7
recap,mcgee,7
recap,corba,7
recap,darth,7
recap,ching,7
recap,mower,7
recap,scifi,7
recap,haiku,7
recap,naics,7
recap,parte,7
recap,walla,7
recap,shure,7
recap,antec,7
recap,patel,7
recap,dmesg,7
recap,aopen,7
recap,norsk,7
recap,mater,7
recap,twill,7
recap,asics,7
recap,smack,7
recap,thier,7
recap,payer,7
recap,nader,7
recap,abbas,9
recap,eweek,7
recap,salle,7
recap,infra,7
recap,amish,7
recap,psych,7
recap,trang,7
recap,nafta,7
recap,coeur,7
recap,wager,7
recap,gnupg,7
recap,greer,7
recap,thine,7
recap,earch,7
recap,engel,7
recap,opium,7
recap,utica,7
recap,faber,7
recap,sharm,7
recap,pavel,7
recap,ofthe,7
recap,umass,7
recap,otago,7
recap,falun,7
recap,hagen,7
recap,codex,7
recap,unhcr,7
recap,spree,7
recap,kabul,7
recap,alles,7
recap,saith,7
recap,hanks,7
recap,hanes,7
recap,sabre,7
recap,hodge,7
recap,estee,7
recap,norte,7
recap,caste,7
recap,swarm,7
recap,coder,7
recap,errno,7
recap,grupo,7
recap,trung,7
recap,norco,7
recap,cours,7
recap,zappa,7
recap,padre,7
recap,sheen,7
recap,horne,7
recap,farsi,7
recap,dhabi,7
recap,jabra,7
recap,torre,7
recap,shiva,7
recap,doesn,7
recap,instr,7
recap,paine,7
recap,marys,7
recap,pharm,7
recap,amigo,7
recap,drwxr,7
recap,scala,7
recap,porte,7
recap,stang,7
recap,mckee,7
recap,qaida,7
recap,andes,7
recap,halen,7
recap,corgi,7
recap,dykes,7
recap,corfu,7
recap,saber,7
recap,maher,7
recap,norge,7
recap,thanh,7
recap,gallo,7
recap,hayek,7
recap,kanji,7
recap,sarge,7
recap,ebsco,7
recap,dhaka,7
recap,chino,7
recap,toefl,7
recap,zorro,7
recap,corso,7
recap,tween,7
recap,shuts,7
recap,roper,7
recap,indus,7
recap,apnea,7
recap,asker,7
recap,mainz,7
recap,csiro,7
recap,graco,7
recap,condi,7
recap,stalk,7
recap,ocala,7
recap,tonne,7
recap,loire,7
recap,cadre,7
recap,porta,7
recap,steph,7
recap,haben,7
recap,pasco,7
recap,praha,7
recap,truro,7
recap,onkyo,7
recap,calle,7
recap,enews,7
recap,nahum,7
recap,dries,7
recap,waugh,7
recap,adder,7
recap,krabi,7
recap,soooo,7
recap,laude,7
recap,sitio,7
recap,greco,7
recap,towne,7
recap,fryer,7
recap,garda,7
recap,pauls,7
recap,carta,7
recap,crewe,7
recap,sorta,7
recap,unter,7
recap,smyth,7
recap,janus,7
recap,sykes,7
recap,powys,7
recap,paseo,7
recap,doanh,7
recap,hwang,7
recap,appel,7
recap,oates,7
recap,dwyer,7
recap,hawke,7
recap,fasta,7
recap,marek,7
recap,gauss,7
recap,haydn,7
recap,swann,7
recap,amana,7
recap,chula,7
recap,carer,7
recap,gable,7
recap,zheng,7
recap,longs,7
recap,dawes,7
recap,studi,7
recap,amico,7
recap,waite,7
recap,thule,7
recap,ponce,7
recap,snitz,7
recap,shale,7
recap,fafsa,7
recap,snell,7
recap,gmake,7
recap,cpage,7
recap,erisa,7
recap,ponte,7
recap,gabba,7
recap,umbro,7
recap,morph,7
recap,magee,7
recap,dobbs,7
recap,cdata,7
recap,aural,9
recap,prius,7
recap,wagga,7
recap,fopen,7
recap,hoyle,7
recap,phish,7
recap,caine,7
recap,gyfer,7
recap,donne,7
recap,donde,7
recap,aster,7
recap,chien,7
recap,norse,7
recap,bosom,7
recap,trium,7
recap,wyeth,7
recap,nance,7
recap,eased,7
recap,statm,7
recap,haifa,7
recap,chica,7
recap,irina,7
recap,prefs,7
recap,swank,7
recap,churn,7
recap,madre,7
recap,colpo,7
recap,avila,7
recap,amine,7
recap,snape,7
recap,spake,7
recap,cairn,7
recap,draco,7
recap,stahl,7
recap,mauro,7
recap,frans,7
recap,drier,7
recap,dagen,7
recap,osage,7
recap,wonka,7
recap,gorda,7
recap,enero,7
recap,etrex,7
recap,haier,7
recap,pyrex,7
recap,favre,7
recap,trier,7
recap,noida,7
recap,prado,7
recap,loewe,7
recap,timid,7
recap,esque,7
recap,aller,7
recap,gough,7
recap,louth,7
recap,corsa,7
recap,canto,7
recap,corte,7
recap,unido,7
recap,jours,7
recap,phage,7
recap,metar,7
recap,wynne,7
recap,marko,7
recap,conde,7
recap,ebags,7
recap,vidio,7
recap,taker,7
recap,npdes,7
recap,ayuda,7
recap,conte,7
recap,havre,7
recap,jaffe,7
recap,lowes,7
recap,educa,7
recap,eases,7
recap,corsi,7
recap,nhtsa,7
recap,kaffe,7
recap,payee,7
recap,gower,7
recap,sheng,7
recap,ayres,7
recap,speci,7
recap,coffs,7
recap,issey,7
recap,synch,7
recap,lhasa,7
recap,thang,7
recap,lorem,7
recap,loews,7
recap,usepa,7
recap,chiba,7
recap,darpa,7
recap,kraus,7
recap,ipsum,7
recap,abdel,7
recap,modus,7
recap,zyxel,7
recap,criss,7
recap,hails,7
recap,dvdrw,7
recap,inthe,7
recap,optra,7
recap,canna,7
recap,frith,7
recap,grils,7
recap,oclug,7
recap,steen,7
recap,innes,7
recap,acqua,7
recap,jakub,7
recap,sauer,7
recap,waxes,7
recap,coden,7
recap,struc,7
recap,oster,7
recap,conti,7
recap,ender,7
recap,movei,7
recap,moyer,7
recap,taupo,7
recap,holla,7
recap,maier,7
recap,falco,7
recap,karts,7
recap,whyte,7
recap,darko,7
recap,hasta,7
recap,fokus,7
recap,corrs,7
recap,caffe,7
recap,skips,7
recap,antcn,7
recap,nsync,7
recap,amato,7
recap,haves,7
recap,unger,7
recap,manta,7
recap,intec,7
recap,targa,7
recap,coker,7
recap,uspto,7
recap,edina,7
recap,pours,7
recap,akbar,9
recap,appli,7
recap,laing,7
recap,joerg,7
recap,hallo,7
recap,hades,7
recap,krups,7
recap,freer,7
recap,toute,7
recap,icici,7
recap,golgi,7
recap,hdtvs,7
recap,tongs,7
recap,saito,7
recap,anzac,9
recap,anaal,9
recap,passe,7
recap,chubb,7
recap,dbase,7
recap,katja,7
recap,async,7
recap,achat,7
recap,swipe,7
recap,faves,7
recap,tanto,7
recap,parti,7
recap,asahi,7
recap,ameri,7
recap,styli,7
recap,ababa,7
recap,sager,7
recap,prawn,7
recap,ahern,7
recap,torus,7
recap,cotta,7
recap,emits,7
recap,sturm,7
recap,hough,7
recap,engle,7
recap,therm,7
recap,hants,7
recap,ayala,7
recap,nagel,7
recap,amici,7
recap,kafka,7
recap,arles,7
recap,coyle,7
recap,patna,7
recap,krebs,7
recap,molto,7
recap,grado,7
recap,sousa,7
recap,contl,7
recap,tance,7
recap,gmane,7
recap,atapi,7
recap,toile,7
recap,wxdxh,7
recap,spina,7
recap,chaco,7
recap,bloor,8
recap,manna,7
recap,imple,7
recap,scada,7
recap,stata,7
recap,corus,7
recap,fader,7
recap,marne,7
recap,phila,7
recap,danni,7
recap,warne,7
recap,imate,7
recap,snark,7
recap,oakes,7
recap,dewar,7
recap,arith,7
recap,salvo,7
recap,notts,7
recap,patek,7
recap,eaves,7
recap,darcs,7
recap,steyn,7
recap,prana,7
recap,trike,7
recap,moins,7
recap,sabha,7
recap,cafta,7
recap,dodds,7
recap,morro,7
recap,zante,7
recap,akita,7
recap,coyne,7
recap,laine,7
recap,harem,7
recap,hausa,7
recap,morte,7
recap,aveda,7
recap,offre,7
recap,unfpa,7
recap,ewido,7
recap,rmdir,7
recap,aphex,7
recap,corre,7
recap,kruse,7
recap,snipe,7
recap,polen,7
recap,optus,7
recap,haber,7
recap,lates,7
recap,artes,7
recap,thane,7
recap,salve,7
recap,harte,7
recap,tabla,7
recap,cowes,7
recap,mayne,7
recap,contr,7
recap,agnew,7
recap,gview,7
recap,morel,7
recap,stine,7
recap,cowen,7
recap,gordo,7
recap,parke,7
recap,anale,7
recap,usfws,7
recap,amilo,7
recap,paisa,7
recap,grier,7
recap,carle,7
recap,dalla,7
recap,spunk,7
recap,caddo,7
recap,ikeda,7
recap,hawes,7
recap,starz,7
recap,conus,7
recap,speer,7
recap,corse,7
recap,stato,7
recap,noyes,7
recap,sante,7
recap,mance,7
recap,erste,7
recap,movem,7
recap,karte,7
recap,hager,7
recap,arwen,7
recap,freee,7
recap,koeln,7
recap,holtz,7
recap,hynes,7
recap,kbyte,7
recap,shang,7
recap,lough,7
recap,shiki,7
recap,gaudi,7
recap,sorel,7
recap,annes,7
recap,tonka,7
recap,carpe,7
recap,prego,7
recap,hondo,7
recap,shrew,7
recap,cased,7
recap,dvips,7
recap,nonce,7
recap,opeth,7
recap,mauna,7
recap,dongs,7
recap,evers,7
recap,horus,7
recap,krieg,7
recap,molex,7
recap,howes,7
recap,fdisk,7
recap,pango,7
recap,gatti,7
recap,gagne,7
recap,padua,7
recap,chine,7
recap,crier,7
recap,nappa,7
recap,swede,7
recap,cksum,7
recap,sheba,7
recap,mdksa,7
recap,sonne,7
recap,shite,7
recap,indra,7
recap,casco,7
recap,motte,7
recap,corea,7
recap,gwynn,7
recap,zoids,7
recap,hsieh,7
recap,sayre,7
recap,hales,7
recap,soyuz,7
recap,frick,7
recap,corpo,7
recap,usagi,7
recap,mayes,7
recap,krall,7
recap,noire,7
recap,mbeki,7
recap,orale,7
recap,ponca,7
recap,kaine,7
recap,tsang,7
recap,daiwa,7
recap,stave,7
recap,crick,7
recap,mnfrs,7
recap,lanta,7
recap,paleo,7
recap,nyack,7
recap,svlug,7
recap,omani,7
recap,habla,7
recap,pauli,7
recap,lxwxh,7
recap,phyto,7
recap,arabe,7
recap,scape,7
recap,forde,7
recap,hoyer,7
recap,stagg,7
recap,moyen,7
recap,metab,7
recap,natur,7
recap,aviso,7
recap,danse,7
recap,paltz,7
recap,stile,7
recap,kedar,7
recap,insta,7
recap,appro,7
recap,spitz,7
recap,stayz,7
recap,ohana,7
recap,spiro,7
recap,emerg,7
recap,fatwa,7
recap,stade,7
recap,conto,7
recap,jaffa,7
recap,saleh,7
recap,unser,7
recap,ihren,7
recap,daten,7
recap,tmdls,7
recap,atsdr,7
recap,goetz,7
recap,taber,7
recap,otaku,7
recap,akers,7
recap,trask,7
recap,naira,7
recap,razer,7
recap,nairn,7
recap,ordre,7
recap,lakhs,7
recap,thera,7
recap,magda,7
recap,etude,7
recap,fseek,7
recap,nepad,7
recap,lancs,7
recap,etats,7
recap,ethno,7
recap,colle,7
recap,usace,7
recap,iveco,7
recap,kondo,7
recap,grubb,7
recap,carex,7
recap,spyro,7
recap,golds,7
recap,grebe,7
recap,martz,7
recap,arash,7
recap,loghi,7
recap,tothe,7
recap,moana,7
recap,ihnen,7
recap,matti,7
recap,amgen,7
recap,gatto,7
recap,dalek,7
recap,jahre,7
recap,farts,7
recap,attrs,7
recap,anise,7
recap,ngage,7
recap,omagh,7
recap,armas,9
recap,prise,7
recap,jcaho,7
recap,oreck,7
recap,exten,7
recap,mahdi,7
recap,ivete,7
recap,artec,7
recap,sanus,7
recap,fylde,7
recap,phare,7
recap,cayce,7
recap,kabel,7
recap,habbo,7
recap,towle,7
recap,hoppe,7
recap,dantz,7
recap,acker,7
recap,lyase,7
recap,insti,7
recap,akane,7
recap,prinz,7
recap,abuja,7
recap,taiyo,7
recap,rader,7
recap,amide,7
recap,lauer,7
recap,zales,7
recap,espys,7
recap,capra,7
recap,hanno,7
recap,artur,7
recap,itesm,7
recap,taser,7
recap,mtdna,7
recap,assed,7
recap,conga,7
recap,agave,7
recap,thiel,7
recap,safco,7
recap,antlr,7
recap,equus,7
recap,abell,7
recap,poder,7
recap,pogue,7
recap,untuk,7
recap,nadph,7
recap,imago,7
recap,nylug,7
recap,omits,7
recap,laski,7
recap,mappa,7
recap,ctype,7
recap,corto,7
recap,aviva,7
recap,cagle,7
recap,hoare,7
recap,novus,7
recap,hagel,7
recap,saree,7
recap,longo,7
recap,corum,7
recap,crunk,7
recap,shing,7
recap,isbns,7
recap,knuth,7
recap,coppa,7
recap,porns,7
recap,saeco,7
recap,carne,7
recap,dobro,7
recap,faure,7
recap,trine,7
recap,exper,7
recap,rarer,7
recap,dobra,7
recap,effec,7
recap,passo,7
recap,kmfdm,7
recap,salti,7
recap,kates,7
recap,ansys,7
recap,phunk,7
recap,ihrer,7
recap,ifilm,7
recap,lytle,7
recap,kanda,7
recap,unisa,7
recap,ochre,7
recap,gotti,7
recap,thani,7
recap,ljava,7
recap,gmini,7
recap,mbyte,7
recap,nolte,7
recap,orang,7
recap,magus,7
recap,royer,7
recap,umber,7
recap,goths,7
recap,areal,9
recap,ipass,7
recap,ivins,7
recap,utile,7
recap,prijs,7
recap,tasco,7
recap,mbits,7
recap,hogue,7
recap,spass,7
recap,mpich,7
recap,evisu,7
recap,tclug,7
recap,caixa,7
recap,parra,7
recap,praga,7
recap,maeda,7
recap,doane,7
recap,apres,7
recap,tartu,7
recap,cress,7
recap,gsasl,7
recap,imesh,7
recap,anhui,7
recap,graca,7
recap,stihl,7
recap,sotto,7
recap,mcdba,7
recap,carre,7
recap,faulk,7
recap,tgirl,7
recap,iwill,7
recap,otero,7
recap,hoang,7
recap,habra,7
recap,raver,7
recap,colne,7
recap,taito,7
recap,pollo,7
recap,capel,7
recap,dbtel,7
recap,kress,7
recap,monti,7
recap,adieu,7
recap,pawel,7
recap,snuck,7
recap,fanuc,7
recap,nctum,7
recap,niaid,7
recap,doble,7
recap,satya,7
recap,sango,7
recap,ahhhh,7
recap,moese,7
recap,carbo,7
recap,ogawa,7
recap,chibi,7
recap,schuh,7
recap,ingle,7
recap,krsna,7
recap,nitin,7
recap,nthum,7
recap,larch,7
recap,trane,7
recap,nagle,7
recap,aixam,9
recap,hsien,7
recap,utero,7
recap,pygtk,7
recap,danko,7
recap,datta,7
recap,swash,7
recap,udell,7
recap,tanga,7
recap,ladys,7
recap,umask,7
recap,udall,7
recap,anual,7
recap,igure,7
recap,larne,7
recap,iaith,7
recap,malek,7
recap,tseng,7
recap,jager,7
recap,loner,7
recap,italo,7
recap,kahne,7
recap,imacs,7
recap,lasse,7
recap,uribe,7
recap,ganga,7
recap,stati,7
recap,trevi,7
recap,angen,7
recap,grieg,7
recap,galle,7
recap,okada,7
recap,tranh,7
recap,tyvek,7
recap,kolbe,7
recap,adena,7
recap,downe,7
recap,prato,7
recap,nbpts,7
recap,epsrc,7
recap,lotte,7
recap,modul,7
recap,truer,7
recap,coffe,7
recap,nchum,7
recap,abreu,7
recap,hatha,7
recap,entra,7
recap,pryce,7
recap,ooooh,7
recap,vedas,7
recap,sobel,7
recap,ables,7
recap,calyx,7
recap,priya,7
recap,janne,7
recap,phill,7
recap,hofer,7
recap,akasa,7
recap,mange,7
recap,insex,7
recap,srila,7
recap,gouda,7
recap,antje,7
recap,ealth,7
recap,causa,7
recap,fayre,7
recap,ities,7
recap,nauka,7
recap,creda,7
recap,saarc,7
recap,softw,7
recap,agere,7
recap,hauck,7
recap,journ,7
recap,ahram,9
recap,lotsa,7
recap,maile,7
recap,regen,7
recap,conds,7
recap,pirie,7
recap,cnews,7
recap,polla,7
recap,dollz,7
recap,shiba,7
recap,sarto,7
recap,stenn,7
recap,maken,7
recap,sayer,7
recap,joule,7
recap,kweli,7
recap,intex,7
recap,frito,7
recap,shilo,7
recap,wylde,7
recap,ombre,7
recap,etech,7
recap,efter,7
recap,safle,7
recap,havel,7
recap,obeys,7
recap,kilim,7
recap,ofgem,7
recap,kyung,7
recap,traxx,7
recap,lorex,7
recap,gyrus,7
recap,ganja,7
recap,lorca,7
recap,poipu,7
recap,shaul,7
recap,shits,7
recap,onder,7
recap,ncate,7
recap,shinn,7
recap,jilin,7
recap,insur,7
recap,esser,7
recap,mmbtu,7
recap,nanda,7
recap,fondo,7
recap,aavso,7
recap,oriya,7
recap,shree,7
recap,ating,7
recap,spiga,7
recap,isilo,7
recap,jabba,7
recap,nserc,7
recap,carew,7
recap,poppa,7
recap,casta,7
recap,parco,7
recap,malle,7
recap,pasty,7
recap,prine,7
recap,paver,7
recap,icewm,7
recap,gferg,7
recap,obgyn,7
recap,gsave,7
recap,arsch,7
recap,ising,7
recap,katya,7
recap,matts,7
recap,thunk,7
recap,laver,7
recap,haigh,7
recap,creel,7
recap,tring,7
recap,stull,7
recap,pater,7
recap,shays,7
recap,marca,7
recap,obagi,7
recap,skank,7
recap,ncnum,7
recap,garbo,7
recap,staub,7
recap,asuka,7
recap,dards,7
recap,hansa,7
recap,antal,9
recap,faqts,7
recap,grice,7
recap,abaco,7
recap,poten,7
recap,isapi,7
recap,speco,7
recap,nanno,7
recap,drago,7
recap,sanur,7
recap,matra,7
recap,inari,7
recap,avira,7
recap,nhlbi,7
recap,notte,7
recap,cruse,7
recap,hsdpa,7
recap,haase,7
recap,smpte,7
recap,adres,7
recap,adige,7
recap,ingen,7
recap,soule,7
recap,kahlo,7
recap,logue,7
recap,apexi,7
recap,marte,7
recap,naaqs,7
recap,djing,7
recap,doula,7
recap,cardo,7
recap,tyner,7
recap,cking,7
recap,eregi,7
recap,fogel,7
recap,waren,7
recap,warum,7
recap,osada,7
recap,maggi,7
recap,antti,7
recap,speek,7
recap,perak,7
recap,kalle,7
recap,trigg,7
recap,lando,7
recap,unico,7
recap,parle,7
recap,sansa,7
recap,gogle,7
recap,atten,7
recap,waver,7
recap,strum,7
recap,laure,7
recap,givin,7
recap,mappe,7
recap,hythe,7
recap,ahava,7
recap,kwang,7
recap,onthe,7
recap,latta,7
recap,myung,7
recap,uklug,7
recap,edirc,7
recap,pardo,7
recap,datel,7
recap,chavs,7
recap,gcses,7
recap,ariba,7
recap,caius,7
recap,iwata,7
recap,foren,7
recap,torna,7
recap,papel,7
recap,hauer,7
recap,santi,7
recap,fputs,7
recap,crips,7
recap,palco,7
recap,unsub,7
recap,prins,7
recap,worcs,7
recap,danke,7
recap,gansu,7
recap,taiga,7
recap,pagee,7
recap,cific,7
recap,elles,7
recap,kreuk,7
recap,oriel,7
recap,haida,7
recap,stdev,7
recap,narco,7
recap,aspyr,7
recap,cenas,7
recap,goble,7
recap,tages,7
recap,waker,7
recap,chins,7
recap,avena,7
recap,chita,7
recap,dando,7
recap,calvo,7
recap,inver,7
recap,conse,7
recap,allee,7
recap,matta,7
recap,salto,7
recap,smits,7
recap,tonto,7
recap,marke,7
recap,sonus,7
recap,isere,7
recap,espnu,7
recap,enddo,7
recap,galli,7
recap,greve,7
recap,frise,7
recap,spink,7
recap,sneer,7
recap,esher,7
recap,lantz,7
recap,impex,7
recap,orden,7
recap,hcpcs,7
recap,steno,7
recap,ampeg,7
recap,capex,7
recap,irssi,7
recap,chinn,7
recap,arabi,7
recap,tater,7
recap,sybex,7
recap,pharr,7
recap,naidu,7
recap,advts,7
recap,maung,7
recap,swale,7
recap,topex,7
recap,sahel,7
recap,arrse,7
recap,kjell,7
recap,kwiki,7
recap,stara,7
recap,codev,7
recap,physi,7
recap,udine,7
recap,foyle,7
recap,haile,7
recap,avhrr,7
recap,fotki,7
recap,manus,7
recap,shiro,7
recap,colum,7
recap,moree,7
recap,knick,7
recap,mongo,7
recap,unkle,7
recap,koren,7
recap,joven,7
recap,shiga,7
recap,cedaw,7
recap,lahti,7
recap,crabb,7
recap,presi,7
recap,oaten,7
recap,laker,7
recap,jarre,7
recap,inurl,7
recap,hypno,7
recap,adpcm,7
recap,gaius,7
recap,laika,7
recap,wyden,7
recap,dawgs,7
recap,unita,7
recap,fonte,7
recap,shwrs,7
recap,stipe,7
recap,nowra,7
recap,itech,7
recap,dfars,7
recap,previ,7
recap,wring,7
recap,amano,7
recap,mapes,7
recap,steck,7
recap,djinn,7
recap,coble,7
recap,nasse,7
recap,akins,7
recap,harum,7
recap,woden,7
recap,prive,7
recap,datei,7
recap,gantz,7
recap,iface,7
recap,solus,7
recap,waals,7
recap,abies,7
recap,thien,7
recap,shute,7
recap,chebi,7
recap,konto,7
recap,phang,7
recap,torri,7
recap,darum,7
recap,panna,7
recap,ohare,7
recap,golub,7
recap,friel,7
recap,azhar,9
recap,handi,7
recap,larus,7
recap,ative,7
recap,amser,7
recap,nclex,7
recap,conta,7
recap,ihrem,7
recap,sheva,7
recap,intbl,7
recap,ansar,9
recap,arete,7
recap,ardal,9
recap,astec,7
recap,dower,7
recap,exira,7
recap,aqaba,7
recap,pfalz,7
recap,spier,7
recap,jakks,7
recap,amica,7
recap,osler,7
recap,phils,7
recap,mtekk,7
recap,colla,7
recap,thune,7
recap,preto,7
recap,dalle,7
recap,octyl,7
recap,osvdb,7
recap,scien,7
recap,gorse,7
recap,otani,7
recap,cntrl,7
recap,roker,7
recap,mando,7
recap,soper,7
recap,oodle,7
recap,kriss,7
recap,eades,7
recap,darke,7
recap,gioia,7
recap,houck,7
recap,lasco,7
recap,langa,7
recap,wader,7
recap,moyne,7
recap,frere,7
recap,stila,7
recap,arbre,7
recap,trakl,7
recap,anker,7
recap,calcu,7
recap,usgpo,7
recap,asana,7
recap,tradi,7
recap,tafel,7
recap,ohara,7
recap,gnugo,7
recap,jayco,7
recap,abstr,7
recap,inten,7
recap,scull,7
recap,chuch,7
recap,marra,7
recap,mader,7
recap,paarl,7
recap,soins,7
recap,chern,7
recap,sytem,7
recap,madhu,7
recap,edger,7
recap,garni,7
recap,speex,7
recap,eview,7
recap,magne,7
recap,trill,7
recap,akiko,7
recap,hatte,7
recap,zaadz,7
recap,motta,7
recap,acess,7
recap,hafen,7
recap,krell,7
recap,tybee,7
recap,staph,7
recap,chubs,7
recap,onine,7
recap,aggro,7
recap,cantu,7
recap,hayne,7
recap,hsing,7
recap,tarek,7
recap,forno,7
recap,phpgw,7
recap,pvpgn,7
recap,utell,7
recap,ncpfs,7
recap,cmake,7
recap,tress,7
recap,uhuru,7
recap,maree,7
recap,ambra,7
recap,injen,7
recap,javea,7
recap,schur,7
recap,onino,7
recap,loupe,7
recap,kirin,7
recap,stina,7
recap,handa,7
recap,wplug,7
recap,frags,7
recap,araki,7
recap,cclrc,7
recap,praca,7
recap,astea,7
recap,awwww,7
recap,saenz,7
recap,dabei,7
recap,paare,7
recap,loach,7
recap,maxdb,7
recap,moyle,7
recap,fanta,7
recap,loken,7
recap,fabre,7
recap,calea,7
recap,magni,7
recap,hsync,7
recap,hyder,7
recap,mixin,7
recap,lyall,7
recap,arall,7
recap,loder,7
recap,ohhhh,7
recap,akram,9
recap,wythe,7
recap,ndhum,7
recap,dredg,7
recap,isync,7
recap,whigs,7
recap,shill,7
recap,tolle,7
recap,tilia,7
recap,arras,9
recap,marrs,7
recap,utena,7
recap,harri,7
recap,jouer,7
recap,softs,7
recap,umdnj,7
recap,druck,7
recap,icpsr,7
recap,tatra,7
recap,uniti,7
recap,nando,7
recap,aguas,7
recap,shaka,7
recap,arinc,7
recap,stuns,7
recap,aaacn,7
recap,iview,7
recap,adeje,7
recap,anbar,9
recap,echte,7
recap,unica,7
recap,chara,7
recap,presb,7
recap,objec,7
recap,moura,7
recap,jaune,7
recap,dnase,7
recap,hance,7
recap,gratz,7
recap,salta,7
recap,kapur,7
recap,unrwa,7
recap,taiko,7
recap,pwgsc,7
recap,toque,7
recap,scite,7
recap,irani,7
recap,tains,7
recap,paren,7
recap,cryer,7
recap,maldi,7
recap,faseb,7
recap,ccsds,7
recap,hartz,7
recap,frage,7
recap,cilia,7
recap,avera,7
recap,avium,7
recap,lyles,7
recap,torte,7
recap,malte,7
recap,calli,7
recap,maire,7
recap,twats,7
recap,monro,7
recap,uhrde,7
recap,loess,7
recap,egger,7
recap,kedah,7
recap,margi,7
recap,erate,7
recap,copps,7
recap,akaka,7
recap,pbase,7
recap,dahle,7
recap,talus,7
recap,wahre,7
recap,apace,7
recap,andro,7
recap,fcntl,7
recap,sotec,7
recap,gruen,7
recap,novum,7
recap,osseo,7
recap,kanto,7
recap,makro,7
recap,joppa,7
recap,adana,7
recap,jongg,7
recap,thich,7
recap,caple,7
recap,petar,7
recap,pparc,7
recap,wowbb,7
recap,krupa,7
recap,douce,7
recap,sweex,7
recap,paler,7
recap,attac,9
recap,herat,7
recap,frisk,7
recap,stilo,7
recap,shura,7
recap,tarja,7
recap,vixie,7
recap,korte,7
recap,loath,7
recap,longa,7
recap,obser,7
recap,kaveh,7
recap,dalsa,7
recap,nspcc,7
recap,lorus,7
recap,kreuz,7
recap,unive,7
recap,calpe,7
recap,agnus,7
recap,sarch,7
recap,asaph,7
recap,carrs,7
recap,grrrr,7
recap,asien,7
recap,horta,7
recap,toler,7
recap,esato,7
recap,tylko,7
recap,tonks,7
recap,avica,7
recap,goeth,7
recap,pappa,7
recap,sheth,7
recap,ipath,7
recap,aalto,7
recap,spann,7
recap,nhanh,7
recap,onlne,7
recap,scree,7
recap,ganhe,7
recap,nckum,7
recap,hannu,7
recap,lobel,7
recap,princ,7
recap,trinh,7
recap,casse,7
recap,grigg,7
recap,kasco,7
recap,gmpls,7
recap,mtasc,7
recap,fatto,7
recap,traum,7
recap,akiva,7
recap,tourn,7
recap,harpo,7
recap,actes,7
recap,gotha,7
recap,tasso,7
recap,nihil,7
recap,erith,7
recap,ovine,7
recap,tarun,7
recap,thabo,7
recap,annul,7
recap,thess,7
recap,gnubg,7
recap,lawes,7
recap,adzam,7
recap,steyr,7
recap,stich,7
recap,ursus,7
recap,influ,7
recap,copco,7
recap,garch,7
recap,lartc,7
recap,tyger,7
recap,advfn,7
recap,udate,7
recap,trave,7
recap,thins,7
recap,inves,7
recap,oftel,7
recap,tanka,7
recap,execu,7
recap,unece,7
recap,attra,7
recap,upthu,7
recap,noael,7
recap,offen,7
recap,lorde,7
recap,aipac,9
recap,hanne,7
recap,exide,7
recap,ovate,7
recap,origi,7
recap,taree,7
recap,katha,7
recap,imake,7
recap,agana,7
recap,allem,7
recap,soler,7
recap,frege,7
recap,spica,7
recap,nardi,7
recap,cobbs,7
recap,lande,7
recap,ecker,7
recap,creve,7
recap,tokyu,7
recap,exude,7
recap,joico,7
recap,landa,7
recap,amite,7
recap,stiri,7
recap,kopen,7
recap,ineel,7
recap,fassa,7
recap,adata,7
recap,edlug,7
recap,sdsdb,7
recap,oberg,7
recap,lyell,7
recap,abdur,7
recap,datuk,7
recap,houle,7
recap,cybex,7
recap,sagen,7
recap,swrcb,7
recap,datex,7
recap,horeb,7
recap,harun,7
recap,kemah,7
recap,lasky,7
recap,fateh,7
recap,moyes,7
recap,tsing,7
recap,angew,7
recap,jarno,7
recap,taiji,7
recap,gabel,7
recap,stiga,7
recap,mylex,7
recap,prule,7
recap,falla,7
recap,krush,7
recap,allez,7
recap,arjen,7
recap,calvi,7
recap,whare,7
recap,kfree,7
recap,ajung,7
recap,ffice,7
recap,gowen,7
recap,trini,7
recap,jonge,7
recap,lprng,7
recap,kaiju,7
recap,tsuen,7
recap,holux,7
recap,satyr,7
recap,gwinn,7
recap,spanx,7
recap,aznar,9
recap,eretz,7
recap,vitis,7
recap,souci,7
recap,ablum,7
recap,dimia,7
recap,anser,7
recap,largs,7
recap,ipeds,7
recap,ltype,7
recap,molle,7
recap,hanro,7
recap,zwick,7
recap,hotle,7
recap,salva,7
recap,typhi,7
recap,cardi,7
recap,panto,7
recap,patho,7
recap,assem,7
recap,porro,7
recap,emlyn,7
recap,moder,7
recap,tasse,7
recap,pcinu,7
recap,sayle,7
recap,tauck,7
recap,kyuss,7
recap,haque,7
recap,epica,7
recap,exter,7
recap,mauer,7
recap,crede,7
recap,ature,7
recap,icftu,7
recap,stsci,7
recap,gaffe,7
recap,atlus,7
recap,kanga,7
recap,utili,7
recap,evalu,7
recap,wakka,7
recap,kauri,7
recap,stena,7
recap,skala,7
recap,chink,7
recap,paule,7
recap,ojeda,7
recap,patra,7
recap,allyl,7
recap,gress,7
recap,pbars,7
recap,hakka,7
recap,waith,7
recap,marui,7
recap,spero,7
recap,mauri,7
recap,ogata,7
recap,pattr,7
recap,harel,7
recap,twigg,7
recap,gradu,7
recap,corti,7
recap,nadel,7
recap,ampli,7
recap,maler,7
recap,whith,7
recap,pryde,7
recap,espen,7
recap,nssdc,7
recap,ajuda,7
recap,jaber,7
recap,kvirc,7
recap,actel,7
recap,andel,7
recap,aspca,7
recap,doeth,7
recap,sanya,7
recap,pfile,7
recap,emden,7
recap,unruh,7
recap,zatch,7
recap,manne,7
recap,golfo,7
recap,paden,7
recap,dadra,7
recap,maule,7
recap,adara,7
recap,smaug,7
recap,anges,7
recap,loira,7
recap,octek,7
recap,arsed,7
recap,takei,7
recap,ladda,7
recap,confi,7
recap,shull,7
recap,sasso,7
recap,pykde,7
recap,cdrws,7
recap,carro,7
recap,tarde,7
recap,colli,7
recap,dager,7
recap,truex,7
recap,shula,7
recap,falke,7
recap,dvico,7
recap,nalle,7
recap,apear,9
recap,rober,7
recap,erath,7
recap,shiri,7
recap,takeo,7
recap,grrrl,7
recap,poppe,7
recap,malus,7
recap,tagen,7
recap,hoffa,7
recap,hbswk,7
recap,crapo,7
recap,ptype,7
recap,toews,7
recap,ifanc,7
recap,ghyll,7
recap,frech,7
recap,umesh,7
recap,chiro,7
recap,toils,7
recap,nhlpa,7
recap,lable,7
recap,twinx,7
recap,eelam,7
recap,toure,7
recap,pdata,7
recap,caiso,7
recap,joffe,7
recap,nates,7
recap,caldo,7
recap,omnes,7
recap,falta,7
recap,pasko,7
recap,utada,7
recap,gongs,7
recap,larga,7
recap,marga,7
recap,sanuk,7
recap,raper,7
recap,eckel,7
recap,stevo,7
recap,fagen,7
recap,manse,7
recap,asner,7
recap,coleg,7
recap,idyll,7
recap,ctags,7
recap,agata,7
recap,parce,7
recap,frits,7
recap,imeem,7
recap,erage,7
recap,paytv,7
recap,touro,7
recap,hanke,7
recap,jolee,7
recap,thies,7
recap,eowyn,7
recap,doerr,7
recap,mathe,7
recap,inure,7
recap,itweb,7
recap,krull,7
recap,aterm,7
recap,fgetc,7
recap,ponta,7
recap,convo,7
recap,kohls,7
recap,etana,7
recap,orage,7
recap,hause,7
recap,marfa,7
recap,lauro,7
recap,cauda,7
recap,hyves,7
recap,nadja,7
recap,pping,7
recap,abajo,7
recap,lansa,7
recap,gover,7
recap,polym,7
recap,oogle,7
recap,harpe,7
recap,holga,7
recap,qando,7
recap,monts,7
recap,csaba,7
recap,owego,7
recap,stupa,7
recap,tsung,7
recap,zabel,7
recap,manco,7
recap,adare,7
recap,jaqui,7
recap,goins,7
recap,erato,7
recap,ebaum,7
recap,stutz,7
recap,corne,7
recap,stith,7
recap,morbi,7
recap,scign,7
recap,skipn,7
recap,tnrcc,7
recap,ering,7
recap,mdpro,7
recap,matto,7
recap,ifpri,7
recap,korda,7
recap,poids,7
recap,sshrc,7
recap,jayna,7
recap,porth,7
recap,shive,7
recap,apgar,9
recap,vivir,7
recap,trunc,7
recap,noahs,7
recap,maggs,7
recap,awana,7
recap,afire,7
recap,parsi,7
recap,wrenn,7
recap,stasi,7
recap,mtune,7
recap,iesaf,7
recap,scapa,7
recap,daegu,7
recap,hoyts,7
recap,wyler,7
recap,csulb,7
recap,prsps,7
recap,saens,7
recap,sesam,7
recap,thuja,7
recap,hasse,7
recap,tarte,7
recap,smbus,7
recap,noten,7
recap,nobuo,7
recap,kogyo,7
recap,konya,7
recap,godel,7
recap,erbyn,7
recap,pring,7
recap,gtlds,7
recap,integ,7
recap,drawl,7
recap,ahuja,7
recap,toate,7
recap,chive,7
recap,arava,7
recap,setae,7
recap,adver,7
recap,eople,7
recap,kabhi,7
recap,parva,7
recap,anish,7
recap,potus,7
recap,charl,7
recap,arpel,7
recap,noirs,7
recap,astle,7
recap,zorba,7
recap,sangh,7
recap,ftape,7
recap,agefi,7
recap,frink,7
recap,podge,7
recap,okura,7
recap,ankur,7
recap,moire,7
recap,noooo,7
recap,angra,7
recap,cardz,7
recap,polti,7
recap,kongo,7
recap,osteo,7
recap,popex,7
recap,phrva,7
recap,freeh,7
recap,aplus,7
recap,skeen,7
recap,kranz,7
recap,skipe,7
recap,smbfs,7
recap,kaqws,7
recap,nhgri,7
recap,sprue,7
recap,catno,7
recap,nmake,7
recap,topco,7
recap,jango,7
recap,kayne,7
recap,skyfi,7
recap,naish,7
recap,porco,7
recap,inigo,7
recap,esign,7
recap,traub,7
recap,hpana,7
recap,skinz,7
recap,fouts,7
recap,toten,7
recap,tsuji,7
recap,emtec,7
recap,kader,7
recap,dynex,7
recap,nhung,7
recap,avner,7
recap,opere,7
recap,daher,7
recap,creer,7
recap,paull,7
recap,doren,7
recap,nenad,7
recap,amaro,7
recap,crake,7
recap,goede,7
recap,tante,7
recap,hatta,7
recap,devas,7
recap,kathe,7
recap,mcbee,7
recap,dtsch,7
recap,chela,7
recap,couse,7
recap,sveti,7
recap,cragg,7
recap,pande,7
recap,sarno,7
recap,donee,7
recap,lauda,7
recap,sopra,7
recap,hasek,7
recap,merak,7
recap,eynde,7
recap,abuts,7
recap,lynde,7
recap,aryeh,7
recap,atthe,7
recap,goren,7
recap,stace,7
recap,aking,7
recap,noack,7
recap,fores,7
recap,aqhna,7
recap,hyung,7
recap,imari,7
recap,maass,7
recap,daler,7
recap,gbics,7
recap,stylo,7
recap,tahun,7
recap,tsubo,7
recap,spano,7
recap,asano,7
recap,ctive,7
recap,gallu,7
recap,chari,7
recap,kahle,7
recap,calne,7
recap,tonge,7
recap,fastr,7
recap,magli,7
recap,abrsm,7
recap,marja,7
recap,hafez,7
recap,inker,7
recap,forbs,7
recap,adium,7
recap,cando,7
recap,joern,7
recap,trico,7
recap,stree,7
recap,ceram,7
recap,hsueh,7
recap,kohli,7
recap,isang,7
recap,ngati,7
recap,zouch,7
recap,oping,7
recap,pouce,7
recap,mesaj,7
recap,porca,7
recap,maxum,7
recap,harde,7
recap,lotti,7
recap,dolci,7
recap,awacs,7
recap,konus,7
recap,sande,7
recap,ecusa,7
recap,coreg,7
recap,usana,7
recap,fogle,7
recap,laska,7
recap,lader,7
recap,skink,7
recap,gowda,7
recap,otten,7
recap,koepi,7
recap,abadi,7
recap,tcltk,7
recap,iwate,7
recap,golfe,7
recap,moive,7
recap,avahi,7
recap,actus,7
recap,noyce,7
recap,freek,7
recap,spira,7
recap,swire,7
recap,cauta,7
recap,cnnfn,7
recap,dyess,7
recap,unies,7
recap,insns,7
recap,ssdna,7
recap,darul,7
recap,ineta,7
recap,carde,7
recap,khanh,7
recap,avida,7
recap,idata,7
recap,hayle,7
recap,amule,7
recap,mhash,7
recap,frree,7
recap,isaca,7
recap,marea,7
recap,skene,7
recap,panta,7
recap,cyano,7
recap,saari,7
recap,jobcv,7
recap,mjpeg,7
recap,koike,7
recap,haren,7
recap,kbits,7
recap,tcpxx,7
recap,kanno,7
recap,aditi,7
recap,ccess,7
recap,nasco,7
recap,ohaus,7
recap,effex,7
recap,wolle,7
recap,nandi,7
recap,scher,7
recap,kobra,7
recap,molec,7
recap,anata,7
recap,pathe,7
recap,gbyte,7
recap,skall,7
recap,sarda,7
recap,sabri,7
recap,cance,7
recap,lseek,7
recap,foltz,7
recap,cokes,7
recap,gruss,7
recap,zwiki,7
recap,artem,7
recap,civis,7
recap,ffiec,7
recap,endre,7
recap,stell,7
recap,dsrna,7
recap,aruna,7
recap,anura,7
recap,spada,7
recap,spahn,7
recap,moden,7
recap,karta,7
recap,uteri,7
recap,pople,7
recap,vidin,7
recap,londo,7
recap,unida,7
recap,fourm,7
recap,douro,7
recap,smale,7
recap,unito,7
recap,andar,9
recap,nagra,7
recap,exies,7
recap,copra,7
recap,marsa,7
recap,frase,7
recap,synce,7
recap,jasco,7
recap,douwe,7
recap,magno,7
recap,asada,7
recap,korps,7
recap,mpush,7
recap,manji,7
recap,cotto,7
recap,ihave,7
recap,panne,7
recap,spurl,7
recap,prydz,7
recap,presa,7
recap,ffree,7
recap,zadeh,7
recap,hones,7
recap,tsavo,7
recap,fcdrv,7
recap,chapa,7
recap,usine,7
recap,calen,7
recap,tappi,7
recap,canta,7
recap,sodus,7
recap,anvsa,7
recap,etten,7
recap,avram,9
recap,hraka,7
recap,kable,7
recap,wsign,7
recap,kfile,7
recap,dauer,7
recap,coase,7
recap,psyco,7
recap,intnl,7
recap,monuc,7
recap,karch,7
recap,morex,7
recap,osten,7
recap,polya,7
recap,cmnts,7
recap,holub,7
recap,marka,7
recap,torta,7
recap,patri,7
recap,soldi,7
recap,zoals,7
recap,fizik,7
recap,gtech,7
recap,hafer,7
recap,usato,7
recap,darya,7
recap,lrics,7
recap,jovem,7
recap,lanna,7
recap,alsto,7
recap,inder,7
recap,agius,7
recap,sorte,7
recap,oases,7
recap,jaina,7
recap,atrac,9
recap,arica,7
recap,omake,7
recap,matej,7
recap,kaiba,7
recap,cnnsi,7
recap,ihres,7
recap,merah,7
recap,taxus,7
recap,origo,7
recap,enyce,7
recap,eters,7
recap,eterm,7
recap,kypro,7
recap,fglrx,7
recap,tapco,7
recap,geras,7
recap,amada,7
recap,evals,7
recap,holde,7
recap,cyfle,7
recap,nasum,7
recap,creta,7
recap,sanna,7
recap,annal,9
recap,apics,7
recap,athex,7
recap,phyla,7
recap,annee,7
recap,chave,7
recap,scena,7
recap,kdeui,7
recap,cabra,7
recap,naeyc,7
recap,haver,7
recap,carus,7
recap,arana,7
recap,cgggc,7
recap,ponto,7
recap,joblo,7
recap,copse,7
recap,antex,7
recap,gapes,7
recap,infec,7
recap,aciar,7
recap,eyetv,7
recap,acuna,7
recap,ebays,7
recap,edius,7
recap,sanda,7
recap,dogue,7
recap,dyers,7
recap,mauch,7
recap,eirik,7
recap,gatso,7
recap,chieh,7
recap,gaeta,7
recap,oasdi,7
recap,mantz,7
recap,modra,7
recap,paesi,7
recap,morne,7
recap,indeo,7
recap,howse,7
recap,dater,7
recap,kalki,7
recap,opers,7
recap,pongo,7
recap,epage,7
recap,solti,7
recap,ghats,7
recap,chiks,7
recap,apirl,7
recap,trego,7
recap,yasuo,7
recap,natch,7
recap,sabes,7
recap,msdss,7
recap,ivica,7
recap,dottk,7
recap,nyiso,7
recap,cassa,7
recap,credi,7
recap,paese,7
recap,fixin,7
recap,hanso,7
recap,inetu,7
recap,janke,7
recap,maner,7
recap,kopel,7
recap,anali,7
recap,mydns,7
recap,tphcm,7
recap,mailx,7
recap,atech,7
recap,hassy,7
recap,torun,7
recap,totti,7
recap,faldo,7
recap,idisk,7
recap,natpe,7
recap,carss,7
recap,zawya,7
recap,laren,7
recap,sibiu,7
recap,jades,7
recap,privo,7
recap,phinn,7
recap,arter,7
recap,matsu,7
recap,longe,7
recap,krewe,7
recap,hvacr,7
recap,natra,7
recap,spurr,7
recap,gouna,7
recap,squee,7
recap,pagel,7
recap,ampex,7
recap,cades,7
recap,janez,7
recap,tranz,7
recap,ukaea,7
recap,gries,7
recap,aneta,7
recap,nakes,7
recap,egine,7
recap,hywel,7
recap,novem,7
recap,apars,7
recap,ftbfs,7
recap,konga,7
recap,wolfs,7
recap,attar,9
recap,nbatv,7
recap,napco,7
recap,galva,7
recap,solum,7
recap,uther,7
recap,gapdh,7
recap,arius,7
recap,usate,7
recap,etree,7
recap,jcifs,7
recap,houde,7
recap,ghali,7
recap,monge,7
recap,tmpfs,7
recap,cfids,7
recap,marya,7
recap,lasek,7
recap,usitc,7
recap,vizio,7
recap,araba,7
recap,phlta,7
recap,wapen,7
recap,shdsl,7
recap,thapa,7
recap,carel,7
recap,pctel,7
recap,iskra,7
recap,lafco,7
recap,tassa,7
recap,kotka,7
recap,popen,7
recap,esure,7
recap,kriya,7
recap,istea,7
recap,traje,7
recap,hyden,7
recap,shuns,7
recap,loper,7
recap,qmjhl,7
recap,carps,7
recap,preys,7
recap,eries,7
recap,gause,7
recap,arbus,7
recap,smuts,7
recap,carto,7
recap,allpm,7
recap,saner,7
recap,halla,7
recap,poner,7
recap,abaya,7
recap,asper,7
recap,cogen,7
recap,cahen,7
recap,cbeds,7
recap,amati,7
recap,adeno,7
recap,monta,7
recap,galea,7
recap,taube,7
recap,wsxga,7
recap,orfeo,7
recap,nasda,7
recap,regel,7
recap,typer,7
recap,orien,7
recap,ladue,7
recap,estec,7
recap,kouri,7
recap,gores,7
recap,assez,7
recap,goyer,7
recap,virii,7
recap,coreq,7
recap,saxes,7
recap,solna,7
recap,movsi,7
recap,aafes,7
recap,indre,7
recap,sarna,7
recap,nynex,7
recap,taino,7
recap,ambre,7
recap,lspci,7
recap,jnana,7
recap,wxgtk,7
recap,andru,7
recap,kasei,7
recap,engen,7
recap,shaws,7
recap,aring,7
recap,kasse,7
recap,douse,7
recap,sadhu,7
recap,coxxx,7
recap,getac,7
recap,cowra,7
recap,actua,7
recap,lyics,7
recap,myweb,7
recap,andys,7
recap,hafta,7
recap,ucita,7
recap,arses,7
recap,etalk,7
recap,cobre,7
recap,ickes,7
recap,tsuki,7
recap,shere,7
recap,narva,7
recap,donec,7
recap,thijs,7
recap,maltz,7
recap,ivers,7
recap,konno,7
recap,amida,7
recap,nofws,7
recap,criti,7
recap,shiel,7
recap,hauts,7
recap,fsanz,7
recap,ebner,7
recap,freqs,7
recap,ncver,7
recap,nanni,7
recap,johne,7
recap,korth,7
recap,ibase,7
recap,sveta,7
recap,ikari,7
recap,akiba,7
recap,osher,7
recap,matur,7
recap,ariss,7
recap,swets,7
recap,ukiyo,7
recap,spahr,7
recap,moble,7
recap,grafx,7
recap,amiel,7
recap,conve,7
recap,coefs,7
recap,okuda,7
recap,drang,7
recap,wolds,7
recap,hange,7
recap,enscf,7
recap,zaidi,7
recap,fonsi,7
recap,taxco,7
recap,manko,7
recap,satel,7
recap,wylug,7
recap,calcs,7
recap,kanya,7
recap,saale,7
recap,impro,7
recap,shhhh,7
recap,pekar,7
recap,amika,7
recap,thieu,7
recap,nnpgx,7
recap,sedar,7
recap,chads,7
recap,porec,7
recap,torcs,7
recap,eperm,7
recap,nesaf,7
recap,fabra,7
recap,cassy,7
recap,ganda,7
recap,naito,7
recap,naafi,7
recap,loita,7
recap,erkki,7
recap,dlsrc,7
recap,malti,7
recap,hongo,7
recap,ameen,7
recap,ponti,7
recap,spall,7
recap,shenk,7
recap,acari,7
recap,soyez,7
recap,demag,7
recap,abaca,7
recap,shyne,7
recap,mdadm,7
recap,catus,7
recap,amsco,7
recap,grube,7
recap,karns,7
recap,atque,7
recap,wmata,7
recap,crees,7
recap,agder,7
recap,sourc,7
recap,moise,7
recap,spaun,7
recap,stuur,7
recap,trejo,7
recap,napus,7
recap,ibero,7
recap,wfall,7
recap,fbdev,7
recap,mairi,7
recap,sours,7
recap,spurn,7
recap,molde,7
recap,falck,7
recap,wades,7
recap,epirb,7
recap,isthe,7
recap,abita,7
recap,morts,7
recap,lyrcs,7
recap,lohse,7
recap,forse,7
recap,ardea,7
recap,haass,7
recap,tauri,7
recap,areca,7
recap,sonde,7
recap,crits,7
recap,fatso,7
recap,koehn,7
recap,spats,7
recap,hayti,7
recap,nding,7
recap,jaqua,7
recap,uhaul,7
recap,cribb,7
recap,parus,7
recap,cshrc,7
recap,sates,7
recap,upenn,7
recap,iaido,7
recap,forta,7
recap,tonys,7
recap,yaser,7
recap,salus,7
recap,esler,7
recap,heras,7
recap,golde,7
recap,zonta,7
recap,speke,7
recap,goree,7
recap,movlw,7
recap,manti,7
recap,fagus,7
recap,holts,7
recap,kautz,7
recap,awips,7
recap,asino,7
recap,oasys,7
recap,chinh,7
recap,appar,9
recap,howth,7
recap,jouni,7
recap,nargs,7
recap,tvspy,7
recap,srvcs,7
recap,veras,7
recap,doles,7
recap,fanno,7
recap,eftsl,7
recap,dalen,7
recap,passa,7
recap,urich,7
recap,gauls,7
recap,logec,7
recap,kalba,7
recap,fraps,7
recap,amick,7
recap,exige,7
recap,wanes,7
recap,stunk,7
recap,fauns,7
recap,genau,7
recap,lvlug,7
recap,dring,7
recap,paiva,7
recap,haine,7
recap,warda,7
recap,nsapi,7
recap,zobel,7
recap,monee,7
recap,stele,7
recap,dreck,7
recap,iniva,7
recap,imitz,7
recap,crape,7
recap,cabri,7
recap,osuna,7
recap,cmucl,7
recap,iopus,7
recap,swiki,7
recap,dsdna,7
recap,ujena,7
recap,solex,7
recap,mands,7
recap,chuuk,7
recap,apter,7
recap,dqpsk,7
recap,ameda,7
recap,asstd,7
recap,karls,7
recap,sways,7
recap,hslda,7
recap,cheez,7
recap,grata,7
recap,sarum,7
recap,fobus,7
recap,skews,7
recap,akica,7
recap,illes,7
recap,koper,7
recap,gyula,7
recap,konta,7
recap,toyne,7
recap,exafs,7
recap,tranx,7
recap,egale,7
recap,shaye,7
recap,amapi,7
recap,stibo,7
recap,ogura,7
recap,expen,7
recap,kaslo,7
recap,edita,7
recap,noter,7
recap,mapex,7
recap,wrede,7
recap,fawns,7
recap,spago,7
recap,ights,7
recap,karhu,7
recap,doyen,7
recap,opsec,7
recap,farge,7
recap,ansto,7
recap,ganes,7
recap,monto,7
recap,hodel,7
recap,chere,7
recap,expre,7
recap,emeka,7
recap,hoven,7
recap,drees,7
recap,kobes,7
recap,oanda,7
recap,ghani,7
recap,loden,7
recap,epals,7
recap,esses,7
recap,lorre,7
recap,naeem,7
recap,nyala,7
recap,sotho,7
recap,gtalk,7
recap,arfer,7
recap,lowel,7
recap,sauve,7
recap,ahaha,7
recap,ponsa,7
recap,jserv,7
recap,chers,7
recap,foxxx,7
recap,forti,7
recap,odjfs,7
recap,ipgri,7
recap,ensmm,7
recap,poach,7
recap,ifill,7
recap,sdata,7
recap,arutz,7
recap,joxer,7
recap,tabel,7
recap,chavo,7
recap,trucs,7
recap,ftell,7
recap,mande,7
recap,carda,7
recap,simic,7
recap,tasca,7
recap,emtek,7
recap,coale,7
recap,appts,7
recap,cardx,7
recap,efile,7
recap,etype,7
recap,walle,7
recap,kratz,7
recap,canda,7
recap,twinn,7
recap,jtapi,7
recap,ucspi,7
recap,nouba,7
recap,gonda,7
recap,enger,7
recap,tohru,7
recap,edays,7
recap,chedi,7
recap,couto,7
recap,monel,7
recap,empha,7
recap,tribu,7
recap,follo,7
recap,loael,7
recap,hanns,7
recap,kyles,7
recap,saini,7
recap,ifile,7
recap,chika,7
recap,trach,7
recap,fatti,7
recap,madea,7
recap,lairs,7
recap,sones,7
recap,arnaz,9
recap,pdvsa,7
recap,maten,7
recap,uring,7
recap,faune,7
recap,stans,7
recap,naves,7
recap,lasko,7
recap,canbe,7
recap,acbee,7
recap,hpijs,7
recap,sants,7
recap,fslug,7
recap,passy,7
recap,druce,7
recap,crada,7
recap,motle,7
recap,aoife,7
recap,kreps,7
recap,chuen,7
recap,songz,7
recap,aargh,7
recap,manju,7
recap,echen,7
recap,cardc,7
recap,amann,7
recap,sassi,7
recap,dyads,7
recap,carls,7
recap,azzam,9
recap,ivano,7
recap,fying,7
recap,hadji,7
recap,priss,7
recap,shadi,7
recap,tares,7
recap,pflci,7
recap,kanha,7
recap,fovea,7
recap,odesa,7
recap,notti,7
recap,saeta,7
recap,steri,7
recap,casto,7
recap,fauci,7
recap,itype,7
recap,carga,7
recap,tarng,7
recap,kring,7
recap,shabu,7
recap,innen,7
recap,asesu,7
recap,fmvss,7
recap,arata,7
recap,amuck,7
recap,assur,7
recap,narre,7
recap,shrna,7
recap,crise,7
recap,lowen,7
recap,arpad,9
recap,maico,7
recap,explo,7
recap,enver,7
recap,mwave,7
recap,traco,7
recap,sainz,7
recap,nohsc,7
recap,aspro,7
recap,pdate,7
recap,erina,7
recap,stijn,7
recap,areva,7
recap,manto,7
recap,prata,7
recap,moher,7
recap,akash,7
recap,chrys,7
recap,darks,7
recap,nalco,7
recap,faits,7
recap,grijs,7
recap,inara,7
recap,krahn,7
recap,confs,7
recap,tavel,7
recap,skrev,7
recap,paulk,7
recap,paign,7
recap,sanja,7
recap,ftype,7
recap,maeva,7
recap,ssues,7
recap,fabri,7
recap,senao,7
recap,eortc,7
recap,loehr,7
recap,hotes,7
recap,shiur,7
recap,kobus,7
recap,sahni,7
recap,manno,7
recap,sdsdh,7
recap,cappa,7
recap,skoog,7
recap,folge,7
recap,thana,7
recap,asprs,7
recap,pcusa,7
recap,sarex,7
recap,icasa,7
recap,chans,7
recap,haire,7
recap,ifthe,7
recap,dbpsk,7
recap,coben,7
recap,demar,7
recap,udupi,7
recap,pbdes,7
recap,wmeth,7
recap,oaken,7
recap,folha,7
recap,haugh,7
recap,nslds,7
recap,uygur,7
recap,csfbl,7
recap,freni,7
recap,dynes,7
recap,krack,7
recap,mansi,7
recap,freel,7
recap,wrack,7
recap,eales,7
recap,tober,7
recap,caldb,7
recap,arita,7
recap,chubu,7
recap,passi,7
recap,tsuda,7
recap,icaew,7
recap,appui,7
recap,dorje,7
recap,swipl,7
recap,modrr,7
recap,exerc,7
recap,orpen,7
recap,athen,7
recap,louer,7
recap,lorch,7
recap,farhi,7
recap,kctcs,7
recap,fsync,7
recap,kivio,7
recap,anada,7
recap,paice,7
recap,creen,7
recap,grana,7
recap,gaits,7
recap,farre,7
recap,hauge,7
recap,gradi,7
recap,gmdss,7
recap,caker,7
recap,konka,7
recap,shish,7
recap,pflug,7
recap,landi,7
recap,ayler,7
recap,danka,7
recap,stier,7
recap,lages,7
recap,arves,7
recap,souce,7
recap,trate,7
recap,naesb,7
recap,paavo,7
recap,danno,7
recap,corno,7
recap,trata,7
recap,naqvi,7
recap,ensce,7
recap,ensdm,7
recap,tific,7
recap,ovale,7
recap,manwl,7
recap,karsh,7
recap,ncjrs,7
recap,kalla,7
recap,unten,7
recap,ebene,7
recap,sains,7
recap,prawa,7
recap,haack,7
recap,enfer,7
recap,krita,7
recap,acero,7
recap,hansi,7
recap,frenz,7
recap,hartl,7
recap,icase,7
recap,aftra,7
recap,kaleu,7
recap,demas,7
recap,zaken,7
recap,daito,7
recap,prevx,7
recap,engsc,7
recap,kater,7
recap,afzal,9
recap,twits,7
recap,maiko,7
recap,cardq,7
recap,wargo,7
recap,lares,7
recap,palle,7
recap,myall,7
recap,editi,7
recap,hynek,7
recap,icahn,7
recap,nclug,7
recap,kanna,7
recap,tabus,7
recap,malev,7
recap,harle,7
recap,coren,7
recap,aceto,7
recap,sogno,7
recap,swati,7
recap,saddo,7
recap,atlee,7
recap,aveva,7
recap,caner,7
recap,shado,7
recap,lylli,7
recap,acryl,7
recap,ntdll,7
recap,sards,7
recap,chass,7
recap,nardo,7
recap,lassi,7
recap,moule,7
recap,cshcn,7
recap,modle,7
recap,tryna,7
recap,ister,7
recap,eares,7
recap,tweek,7
recap,grupa,7
recap,sasse,7
recap,ening,7
recap,orgel,7
recap,talla,7
recap,sneek,7
recap,nafsa,7
recap,chisq,7
recap,worde,7
recap,cadrs,7
recap,waihi,7
recap,magle,7
recap,dorna,7
recap,corex,7
recap,toffs,7
recap,freds,7
recap,sabrc,7
recap,usafe,7
recap,tolde,7
recap,synge,7
recap,arbel,7
recap,oller,7
recap,hodes,7
recap,checa,7
recap,frahm,7
recap,zinio,9
recap,prang,7
recap,powel,7
recap,akmal,9
recap,axper,7
recap,ngala,7
recap,abare,7
recap,itsec,7
recap,inaba,7
recap,erice,7
recap,debat,7
recap,splus,7
recap,thise,7
recap,abels,7
recap,epass,7
recap,agila,7
recap,abuso,7
recap,schwa,7
recap,prtbl,7
recap,saltz,7
recap,hanse,7
recap,jagex,7
recap,hfill,7
recap,draka,7
recap,sylla,7
recap,ipaqs,7
recap,farbe,7
recap,fredo,7
recap,scats,7
recap,ebara,7
recap,indem,7
recap,krass,7
recap,galla,7
recap,cnnnn,7
recap,ebita,7
recap,melas,7
recap,grise,7
recap,kafue,7
recap,swall,7
recap,uping,7
recap,axoax,7
recap,salvi,7
recap,switz,7
recap,pando,7
recap,shewe,7
recap,laten,7
recap,carfs,7
recap,opitz,7
recap,lanya,7
recap,modsc,7
recap,kreta,7
recap,ablex,7
recap,ncube,7
recap,downl,7
recap,shafi,7
recap,pobre,7
recap,taira,7
recap,parys,7
recap,carxs,7
recap,carcs,7
recap,ahlul,7
recap,sofer,7
recap,umeda,7
recap,arens,7
recap,jains,7
recap,drell,7
recap,lrwxr,7
recap,oring,7
recap,crads,7
recap,grete,7
recap,otaki,7
recap,nnrti,7
recap,annus,7
recap,sadek,7
recap,karna,7
recap,typus,7
recap,exner,7
recap,chupa,7
recap,tanna,7
recap,ofile,7
recap,iceni,7
recap,nslug,7
recap,citie,7
recap,ibico,7
recap,grahn,7
recap,gassy,7
recap,aarti,7
recap,ucrel,7
recap,daiei,7
recap,thali,7
recap,jonti,7
recap,ituri,7
recap,forli,7
recap,nokes,7
recap,abele,7
recap,cofee,7
recap,parla,7
recap,lawer,7
recap,amarc,7
recap,anele,7
recap,shewn,7
recap,emaps,7
recap,antar,9
recap,tmake,7
recap,tanti,7
recap,morre,7
recap,pyrus,7
recap,faker,7
recap,confl,7
recap,ncits,7
recap,toren,7
recap,waifs,7
recap,janek,7
recap,hotei,7
recap,ensdr,7
recap,setar,7
recap,aaraa,9
recap,analg,7
recap,kythe,7
recap,janda,7
recap,usafa,7
recap,grano,7
recap,parvo,7
recap,ttree,7
recap,moddm,7
recap,wragg,7
recap,knabe,7
recap,lgbtq,7
recap,tmath,7
recap,frush,7
recap,csrds,7
recap,edwyn,7
recap,gayer,7
recap,ffvxz,7
recap,noite,7
recap,sappi,7
recap,ovida,7
recap,thrus,7
recap,dreya,7
recap,zango,7
recap,nmlug,7
recap,knill,7
recap,kayna,7
recap,anten,7
recap,cheju,7
recap,gorka,7
recap,daven,7
recap,mcrel,7
recap,epsxe,7
recap,itive,7
recap,qmake,7
recap,hrsdc,7
recap,dejar,7
recap,holle,7
recap,fcsts,7
recap,itera,7
recap,kasem,7
recap,fards,7
recap,spdrs,7
recap,mdate,7
recap,audax,8
recap,stubb,7
recap,avere,7
recap,orewa,7
recap,acrds,7
recap,chall,7
recap,tanta,7
recap,qoute,7
recap,jaeri,7
recap,cartv,7
recap,hopwa,7
recap,donno,7
recap,cmdbs,7
recap,sneha,7
recap,safra,7
recap,myubc,7
recap,ucits,7
recap,thilo,7
recap,morea,7
recap,ccggg,7
recap,ickle,7
recap,cdecl,7
recap,calve,7
recap,grito,7
recap,mager,7
recap,prava,7
recap,edell,7
recap,iherb,7
recap,usgbc,7
recap,edler,7
recap,pixis,7
recap,kobec,7
recap,okano,7
recap,umaga,7
recap,mtwth,7
recap,odder,7
recap,doner,7
recap,ktrue,7
recap,annua,7
recap,caeds,7
recap,usssa,7
recap,dades,7
recap,lasgo,7
recap,catds,7
recap,salen,7
recap,congr,7
recap,ereli,7
recap,shaba,7
recap,ffacs,7
recap,paise,7
recap,axium,7
recap,swink,7
recap,waken,7
recap,safex,7
recap,sorce,7
recap,aguri,7
recap,kagyu,7
recap,ifnum,7
recap,snrna,7
recap,aaace,7
recap,hoger,7
recap,walch,7
recap,uture,7
recap,saadi,7
recap,opahl,7
recap,corde,7
recap,cafds,7
recap,candu,7
recap,hable,7
recap,hakko,7
recap,mkila,7
recap,cqrds,7
recap,cwrds,7
recap,agung,7
recap,jarek,7
recap,abiti,7
recap,shrum,7
recap,stevi,7
recap,nixie,7
recap,maden,7
recap,initn,7
recap,frasi,7
recap,galco,7
recap,utara,7
recap,tarka,7
recap,dolla,7
recap,ponts,7
recap,faruk,7
recap,aiyar,9
recap,coega,7
recap,thaws,7
recap,ebadi,7
recap,oreja,7
recap,okubo,7
recap,amaru,7
recap,acter,7
recap,qotsa,7
recap,jseng,7
recap,malva,7
recap,alsea,7
recap,sanwa,7
recap,shahi,7
recap,myhre,7
recap,asdvs,7
recap,faite,7
recap,ocena,7
recap,casca,7
recap,ogspi,7
recap,molen,7
recap,exigo,7
recap,natus,7
recap,unpub,7
recap,khare,7
recap,prati,7
recap,okapi,7
recap,sharc,7
recap,crite,7
recap,sasco,7
recap,sardi,7
recap,frese,7
recap,dweeb,7
recap,shupe,7
recap,grech,7
recap,maija,7
recap,charo,7
recap,knive,7
recap,indri,7
recap,otaru,7
recap,kiril,7
recap,sheek,7
recap,halse,7
recap,frigo,7
recap,sayfa,7
recap,carws,7
recap,cenar,7
recap,preds,7
recap,statu,7
recap,woudl,7
recap,pogge,7
recap,eplus,7
recap,davem,7
recap,nanpa,7
recap,sobek,7
recap,iapps,7
recap,acqui,7
recap,poter,7
recap,trada,7
recap,fyffe,7
recap,conca,7
recap,uhhhh,7
recap,nview,7
recap,ondes,7
recap,ergen,7
recap,addas,7
recap,joane,7
recap,noerr,7
recap,naser,7
recap,moine,7
recap,ofheo,7
recap,njppc,7
recap,inven,7
recap,cppcc,7
recap,poeta,7
recap,filia,7
recap,natta,7
recap,karni,7
recap,dbenv,7
recap,corfe,7
recap,bikin,7
recap,lassa,7
recap,tatto,7
recap,toker,7
recap,foner,7
recap,loker,7
recap,daire,7
recap,syvum,7
recap,abano,7
recap,emini,7
recap,efits,7
recap,saida,7
recap,prepa,7
recap,casti,7
recap,mygen,7
recap,tyagi,7
recap,enkel,7
recap,energ,7
recap,drays,7
recap,ovies,7
recap,dagli,7
recap,montr,7
recap,folex,7
recap,kahrs,7
recap,morta,7
recap,treen,7
recap,sware,7
recap,kobuk,7
recap,krank,7
recap,sogni,7
recap,hokum,7
recap,mondi,7
recap,warri,7
recap,falko,7
recap,fones,7
recap,ikara,7
recap,ensfr,7
recap,katsu,7
recap,sherr,7
recap,fruta,7
recap,monch,7
recap,scavo,7
recap,craks,7
recap,gauri,7
recap,cinio,9
recap,forel,7
recap,titis,7
recap,divis,7
recap,morti,7
recap,wagen,7
recap,joung,7
recap,fping,7
recap,odihr,7
recap,johno,7
recap,hatem,7
recap,agena,7
recap,kaito,7
recap,mkweb,7
recap,tange,7
recap,polvo,7
recap,corta,7
recap,cardw,7
recap,wolde,7
recap,beran,9
recap,casus,7
recap,citic,7
recap,ftree,7
recap,mydna,7
recap,saker,7
recap,pcntl,7
recap,jtree,7
recap,mayle,7
recap,ajith,7
recap,patni,7
recap,uchel,7
recap,stijl,7
recap,sanco,7
recap,injun,7
recap,sagte,7
recap,akito,7
recap,pyles,7
recap,copen,7
recap,foire,7
recap,gcide,7
recap,optex,7
recap,scali,7
recap,denar,7
recap,ensgg,7
recap,dnapl,7
recap,hynde,7
recap,hadde,7
recap,asaro,7
recap,manni,7
recap,dandi,7
recap,whish,7
recap,taluk,7
recap,matus,7
recap,avago,7
recap,amita,7
recap,danks,7
recap,esper,7
recap,shino,7
recap,mousa,7
recap,usada,7
recap,raker,7
recap,atack,7
recap,phine,7
recap,spana,7
recap,faden,7
recap,kotel,7
recap,noles,7
recap,syren,7
recap,nawqa,7
recap,engrg,7
recap,nagdu,7
recap,iasus,7
recap,sanga,7
recap,jarvi,7
recap,popul,7
recap,artcc,7
recap,rager,7
recap,coutu,7
recap,hcfcs,7
recap,walke,7
recap,jobes,7
recap,abdus,7
recap,ljung,7
recap,honea,7
recap,fraga,7
recap,lofra,7
recap,matco,7
recap,nawcc,7
recap,malvo,7
recap,soave,7
recap,tatus,7
recap,phile,7
recap,mikio,7
recap,drweb,7
recap,labbe,7
recap,ocwen,7
recap,cagds,7
recap,prats,7
recap,ampro,7
recap,darra,7
recap,poate,7
recap,sirio,7
recap,cxrds,7
recap,nawbo,7
recap,carvs,7
recap,cawds,7
recap,naber,7
recap,ganji,7
recap,nmlkj,7
recap,wmass,7
recap,stype,7
recap,sorbo,7
recap,dokta,7
recap,hower,7
recap,axsys,7
recap,twiss,7
recap,ahura,7
recap,nadya,7
recap,iolta,7
recap,wonen,7
recap,labem,7
recap,gekas,7
recap,maben,7
recap,airis,7
recap,melay,7
recap,depar,7
recap,wodna,7
recap,prwth,7
recap,stuka,7
recap,asura,7
recap,assai,9
recap,thiru,7
recap,cager,7
recap,okabe,7
recap,solen,7
recap,nares,7
recap,iatse,7
recap,grati,7
recap,takuo,7
recap,kovel,7
recap,tsuga,7
recap,doute,7
recap,unreg,7
recap,saada,7
recap,sater,7
recap,annat,7
recap,ofice,7
recap,velar,7
recap,hanya,7
recap,frien,7
recap,arang,7
recap,harta,7
recap,marth,7
recap,concs,7
recap,nonna,7
recap,dolev,7
recap,cggga,7
recap,gretl,7
recap,ffdca,7
recap,gadus,7
recap,swick,7
recap,osier,7
recap,zytel,7
recap,lcdtv,7
recap,scuse,7
recap,opler,7
recap,gmaes,7
recap,khang,7
recap,sclug,7
recap,cofer,7
recap,malco,7
recap,potws,7
recap,shefc,7
recap,taher,7
recap,goten,7
recap,nasba,7
recap,logga,7
recap,nefac,7
recap,axing,7
recap,sauls,7
recap,lodhi,7
recap,wanta,7
recap,orana,7
recap,spkrs,7
recap,taita,7
recap,spath,7
recap,anals,7
recap,imaps,7
recap,sceen,7
recap,nottm,7
recap,axign,7
recap,siris,7
recap,yasui,7
recap,hoehn,7
recap,cahps,7
recap,chism,7
recap,gants,7
recap,soden,7
recap,zsnes,7
recap,manca,7
recap,jngfa,7
recap,aggre,7
recap,frens,7
recap,sarva,7
recap,logge,7
recap,ananl,7
recap,adptr,7
recap,marna,7
recap,saler,7
recap,gotch,7
recap,crito,7
recap,lgdbm,7
recap,mabye,7
recap,folke,7
recap,japen,7
recap,tfile,7
recap,stela,7
recap,sbsta,7
recap,jonno,7
recap,tracs,7
recap,wpafb,7
recap,xaser,7
recap,naneu,7
recap,jface,7
recap,amini,7
recap,charg,7
recap,harga,7
recap,saddr,7
recap,janko,7
recap,hoder,7
recap,coeli,7
recap,dnrec,7
recap,ncadi,7
recap,cabel,7
recap,debar,7
recap,entel,7
recap,dodea,7
recap,louds,7
recap,torex,7
recap,saide,7
recap,carpi,7
recap,dmerc,7
recap,mansa,7
recap,tjuta,7
recap,zfish,7
recap,akali,7
recap,qdisc,7
recap,owusu,7
recap,dogen,7
recap,nasca,7
recap,exito,7
recap,zwane,7
recap,sorge,7
recap,caire,7
recap,preda,7
recap,zhark,7
recap,priva,7
recap,dowse,7
recap,gmres,7
recap,cytec,7
recap,skils,7
recap,antle,7
recap,ndata,7
recap,trews,7
recap,agago,7
recap,pgina,7
recap,gaber,7
recap,gobel,7
recap,soffe,7
recap,worte,7
recap,treth,7
recap,drave,7
recap,oswer,7
recap,dores,7
recap,whang,7
recap,touse,7
recap,coate,7
recap,lauch,7
recap,pcifu,7
recap,dagga,7
recap,dabbs,7
recap,hmenu,7
recap,soter,7
recap,kjaer,7
recap,tanda,7
recap,axess,7
recap,arrgh,7
recap,freno,7
recap,naaee,7
recap,nokta,7
recap,chava,7
recap,isprs,7
recap,thugz,7
recap,fathi,7
recap,ndfeb,7
recap,asser,7
recap,skipa,7
recap,aarau,9
recap,icare,7
recap,podem,7
recap,koger,7
recap,ispra,7
recap,stude,7
recap,hardi,7
recap,grabe,7
recap,tynes,7
recap,koken,7
recap,ayako,7
recap,ojala,7
recap,mahle,7
recap,lolli,7
recap,odium,7
recap,drupa,7
recap,wagle,7
recap,zklfk,7
recap,karur,7
recap,hjelm,7
recap,gaara,7
recap,htsus,7
recap,holte,7
recap,caver,7
recap,utila,7
recap,uhren,7
recap,poggi,7
recap,govts,7
recap,parel,7
recap,insme,7
recap,horch,7
recap,sking,7
recap,akari,7
recap,speel,7
recap,tolga,7
recap,apprx,7
recap,worke,7
recap,gobbi,7
recap,saidi,7
recap,emrys,7
recap,taegu,7
recap,cathe,7
recap,attbi,7
recap,charr,7
recap,marcs,7
recap,idles,7
recap,hokes,7
recap,eggen,7
recap,fsapc,7
recap,artha,7
recap,lawre,7
recap,gajda,7
recap,conne,7
recap,jotto,7
recap,iller,7
recap,nappi,7
recap,codez,7
recap,palla,7
recap,copts,7
recap,kaisa,7
recap,eyeko,7
recap,wonga,7
recap,krane,7
recap,gober,7
recap,mcfee,7
recap,phung,7
recap,skibo,7
recap,dotti,7
recap,robur,7
recap,tonle,7
recap,goads,7
recap,forni,7
recap,caspi,7
recap,pdksh,7
recap,orbea,7
recap,natsu,7
recap,teran,7
recap,warks,7
recap,asure,7
recap,ahaus,7
recap,lairg,7
recap,soeur,7
recap,csusb,7
recap,gtype,7
recap,ejido,7
recap,horno,7
recap,etags,7
recap,norba,7
recap,urate,7
recap,wheee,7
recap,malla,7
recap,scads,7
recap,kanei,7
recap,acela,7
recap,arieh,7
recap,pstwo,7
recap,ovata,7
recap,grath,7
recap,kaler,7
recap,sherm,7
recap,thees,7
recap,snugg,7
recap,iwaki,7
recap,mimio,7
recap,omura,7
recap,grats,7
recap,ivens,7
recap,fasco,7
recap,gmaps,7
recap,noice,7
recap,typha,7
recap,porne,7
recap,moapa,7
recap,sciri,7
recap,usare,7
recap,gaspe,7
recap,tatsu,7
recap,koins,7
recap,shubb,7
recap,tagus,7
recap,ehren,7
recap,payes,7
recap,gregs,7
recap,epsps,7
recap,ladro,7
recap,enugu,7
recap,iball,7
recap,nanya,7
recap,sohne,7
recap,setac,7
recap,halex,7
recap,lotfi,7
recap,motha,7
recap,koivu,7
recap,cplex,7
recap,irreg,7
recap,maure,7
recap,ensdf,7
recap,margu,7
recap,tants,7
recap,sabel,7
recap,esafe,7
recap,imall,7
recap,sterk,7
recap,categ,7
recap,wolpe,7
recap,mihir,7
recap,foden,7
recap,joggs,7
recap,spyce,7
recap,forro,7
recap,uthsc,7
recap,csudh,7
recap,ideen,7
recap,aberg,7
recap,nauta,7
recap,trenz,7
recap,preci,7
recap,arago,7
recap,inala,7
recap,naruc,7
recap,naing,7
recap,idexx,7
recap,tsars,7
recap,catuk,7
recap,akura,7
recap,tofte,7
recap,anden,7
recap,ecler,7
recap,usecs,7
recap,aobjn,7
recap,torne,7
recap,zyvex,7
recap,kassa,7
recap,hogle,7
recap,sonys,7
recap,lasyk,7
recap,happi,7
recap,skare,7
recap,octel,7
recap,gofyn,7
recap,latha,7
recap,parto,7
recap,spiti,7
recap,arner,7
recap,capua,7
recap,talpa,7
recap,ewers,7
recap,maite,7
recap,fales,7
recap,lyson,7
recap,modce,7
recap,hores,7
recap,whens,7
recap,cbnrm,7
recap,arnab,7
recap,senat,7
recap,gakes,7
recap,nairu,7
recap,ponys,7
recap,actas,9
recap,gaule,7
recap,gajes,7
recap,dayer,7
recap,edito,7
recap,maadi,7
recap,milia,7
recap,hydes,7
recap,naptr,7
recap,kalra,7
recap,folle,7
recap,nanfa,7
recap,wangi,7
recap,nouri,7
recap,orick,7
recap,carya,7
recap,gioie,7
recap,spese,7
recap,idapa,7
recap,paten,7
recap,kaper,7
recap,apfel,7
recap,cappo,7
recap,mvies,7
recap,jytte,7
recap,mddev,7
recap,syrus,7
recap,sharq,7
recap,sparx,7
recap,lvttl,7
recap,nrich,7
recap,latus,7
recap,smets,7
recap,agavi,7
recap,fante,7
recap,daddr,7
recap,noweb,7
recap,modcb,7
recap,siwis,7
recap,dytek,7
recap,prese,7
recap,haken,7
recap,grece,7
recap,capco,7
recap,hajek,7
recap,obata,7
recap,golpe,7
recap,twere,7
recap,morus,7
recap,cauca,7
recap,arhus,7
recap,knaus,7
recap,unice,7
recap,wajda,7
recap,skive,7
recap,artex,7
recap,uhura,7
recap,dobre,7
recap,sahra,7
recap,kydex,7
recap,awsat,7
recap,unrev,7
recap,holen,7
recap,khadi,7
recap,enkei,7
recap,athyn,7
recap,warre,7
recap,soyer,7
recap,istra,7
recap,idina,7
recap,frede,7
recap,esate,7
recap,asaps,7
recap,mabee,7
recap,ariki,7
recap,gwell,7
recap,majus,7
recap,pirin,7
recap,spatz,7
recap,nanga,7
recap,arkko,7
recap,gcggg,7
recap,harks,7
recap,cperl,7
recap,jandl,7
recap,golgo,7
recap,nhsda,7
recap,zoner,7
recap,fdata,7
recap,eniro,7
recap,anacs,7
recap,cwlth,7
recap,onken,7
recap,sakti,7
recap,eieio,7
recap,rafer,7
recap,umich,7
recap,envtl,7
recap,sarek,7
recap,expec,7
recap,tywyn,7
recap,xdiff,7
recap,hfile,7
recap,ayhem,7
recap,consu,7
recap,mcafe,7
recap,owers,7
recap,shuji,7
recap,mpack,7
recap,medak,7
recap,mayur,7
recap,goffe,7
recap,anism,7
recap,aphra,7
recap,kenaf,7
recap,mbira,7
recap,ahvaz,9
recap,thill,7
recap,carth,7
recap,panwa,7
recap,elsey,7
recap,lyden,7
recap,panga,7
recap,jakki,7
recap,ining,7
recap,pagea,7
recap,mdlug,7
recap,moler,7
recap,soupe,7
recap,erben,7
recap,warng,7
recap,dorsi,7
recap,wapda,7
recap,carse,7
recap,pavla,7
recap,abela,7
recap,nfsmw,7
recap,grell,7
recap,krash,7
recap,imada,7
recap,saiga,7
recap,trigo,7
recap,stane,7
recap,shieh,7
recap,uphpu,7
recap,harjo,7
recap,naess,7
recap,erics,7
recap,chapo,7
recap,pmake,7
recap,freen,7
recap,amena,7
recap,caber,7
recap,nokya,7
recap,naura,7
recap,eaker,7
recap,scana,7
recap,afspc,7
recap,overo,7
recap,omada,7
recap,zeyad,7
recap,addrs,7
recap,noach,7
recap,moten,7
recap,dwele,7
recap,arish,7
recap,jdike,7
recap,fiaif,7
recap,latki,7
recap,acats,7
recap,faile,7
recap,kriti,7
recap,eebay,7
recap,cornu,7
recap,ovitz,7
recap,nouse,7
recap,optek,7
recap,patte,7
recap,divid,7
recap,acier,7
recap,dango,7
recap,shahn,7
recap,attal,9
recap,tansu,7
recap,thale,7
recap,travl,7
recap,dpsch,7
recap,tagle,7
recap,kalev,7
recap,snasw,7
recap,italk,7
recap,dbgss,7
recap,sader,7
recap,aceee,7
recap,osawa,7
recap,norev,7
recap,gcube,7
recap,ovule,7
recap,majer,7
recap,styne,7
recap,cygni,7
recap,shatz,7
recap,norbu,7
recap,hopps,7
recap,anees,7
recap,kaede,7
recap,smpeg,7
recap,wynns,7
recap,ebisu,7
recap,modjo,7
recap,mifid,7
recap,kanta,7
recap,pries,7
recap,pagex,7
recap,npaci,7
recap,nasta,7
recap,capsa,7
recap,pagez,7
recap,satch,7
recap,pageq,7
recap,ewwww,7
recap,acido,7
recap,swith,7
recap,mauls,7
recap,emate,7
recap,pagew,7
recap,entro,7
recap,apges,7
recap,ifrcs,7
recap,canti,7
recap,cttee,7
recap,creds,7
recap,hauke,7
recap,pagse,7
recap,satur,7
recap,kapha,7
recap,whenu,7
recap,grans,7
recap,anway,7
recap,jaxxx,7
recap,tolex,7
recap,wates,7
recap,pareo,7
recap,acnes,7
recap,emall,7
recap,cheuk,7
recap,orner,7
recap,chena,7
recap,asira,7
recap,apani,7
recap,oages,7
recap,preun,7
recap,strug,7
recap,syndr,7
recap,warde,7
recap,daido,7
recap,covel,7
recap,stuhl,7
recap,iclei,7
recap,entex,7
recap,enwsh,7
recap,errrr,7
recap,natto,7
recap,sylph,7
recap,moies,7
recap,houes,7
recap,lynes,7
recap,jordo,7
recap,hnpcc,7
recap,dayes,7
recap,faste,7
recap,sakya,7
recap,hagee,7
recap,fonti,7
recap,athro,7
recap,indes,7
recap,assum,7
recap,pasch,7
recap,pravo,7
recap,sreen,7
recap,isfdb,7
recap,marli,7
recap,impli,7
recap,aseek,7
recap,tggca,7
recap,efilm,7
recap,mapqu,7
recap,zpass,7
recap,ntini,7
recap,fahne,7
recap,icddr,7
recap,kohno,7
recap,talls,7
recap,dritz,7
recap,arkle,7
recap,wwwgo,7
recap,privs,7
recap,serac,7
recap,coool,7
recap,unani,7
recap,ogier,7
recap,safri,7
recap,shier,7
recap,ngang,7
recap,krung,7
recap,jance,7
recap,wwwja,7
recap,taiex,7
recap,thenk,7
recap,taleb,7
recap,jodee,7
recap,paura,7
recap,nough,7
recap,toooo,7
recap,dorki,7
recap,usata,7
recap,pagws,7
recap,pagec,7
recap,psges,7
recap,enige,7
recap,inews,7
recap,eadem,7
recap,frayn,7
recap,kaaba,7
recap,scren,7
recap,sylum,7
recap,ivans,7
recap,neway,7
recap,pasuk,7
recap,pahes,7
recap,pgaes,7
recap,paegs,7
recap,inden,7
recap,scalo,7
recap,howev,7
recap,pagrs,7
recap,semag,7
recap,dshea,7
recap,lpstr,7
recap,uller,7
recap,awdur,7
recap,iodbc,7
recap,pabes,7
recap,pafes,7
recap,nappe,7
recap,appre,7
recap,bipin,7
recap,fadel,7
recap,emplo,7
recap,okawa,7
recap,pqges,7
recap,pagds,7
recap,pagss,7
recap,avens,7
recap,asthe,7
recap,strub,7
recap,etapa,7
recap,whlte,7
recap,orica,7
recap,portb,7
recap,hoher,7
recap,gregr,7
recap,pasto,7
recap,papen,7
recap,pwges,7
recap,moers,7
recap,canso,7
recap,freez,7
recap,sarei,7
recap,aprll,7
recap,hotta,7
recap,arlee,7
recap,orari,7
recap,evere,7
recap,shala,7
recap,gahes,7
recap,knipe,7
recap,ateco,7
recap,pagfs,7
recap,ssids,7
recap,insee,7
recap,mivie,7
recap,lyrlc,7
recap,lovel,7
recap,arber,7
recap,saiko,7
recap,connu,7
recap,traer,7
recap,salek,7
recap,gogel,7
recap,arbat,7
recap,parga,7
recap,pxges,7
recap,ooker,7
recap,thrun,7
recap,creem,7
recap,papur,7
recap,lappe,7
recap,nahco,7
recap,myler,7
recap,spage,7
recap,acars,7
recap,shies,7
recap,ewige,7
recap,fondi,7
recap,apeks,7
recap,aping,7
recap,asefi,7
recap,dabur,7
recap,fogli,7
recap,jhana,7
recap,aving,7
recap,sorbs,7
recap,golwg,7
recap,mayde,7
recap,koryo,7
recap,skiba,7
recap,taler,7
recap,prawo,7
recap,okino,7
recap,sakha,7
recap,usque,7
recap,seras,7
recap,goltz,7
recap,dopes,7
recap,ivars,7
recap,koans,7
recap,igate,7
recap,userv,7
recap,cofes,7
recap,molla,7
recap,ganni,7
recap,makka,7
recap,kober,7
recap,imach,7
recap,aswel,7
recap,daugh,7
recap,gragg,7
recap,lasch,7
recap,draba,7
recap,prssa,7
recap,motus,7
recap,hanus,7
recap,monda,7
recap,loquo,7
recap,waktu,7
recap,lores,7
recap,haake,7
recap,uarts,7
recap,pheno,7
recap,adven,7
recap,edpug,7
recap,triga,7
recap,amuro,7
recap,sdesc,7
recap,poels,7
recap,hanko,7
recap,fputc,7
recap,lcase,7
recap,krige,7
recap,amata,7
recap,shags,7
recap,egads,7
recap,anisa,7
recap,phpne,7
recap,moter,7
recap,khera,7
recap,avete,7
recap,isics,7
recap,marri,7
recap,tatro,7
recap,ecash,7
recap,anpec,7
recap,esata,7
recap,dhani,7
recap,panti,7
recap,conce,7
recap,engng,7
recap,khiri,7
recap,capek,7
recap,kaner,7
recap,jassi,7
recap,johnm,7
recap,sarti,7
recap,jyrki,7
recap,ntldr,7
recap,ddrum,7
recap,doull,7
recap,andrx,7
recap,nogle,7
recap,ioffe,7
recap,partn,7
recap,usati,7
recap,sajka,7
recap,langu,7
recap,lothe,7
recap,wafts,7
recap,daveb,7
recap,initi,7
recap,etage,7
recap,aaene,7
recap,confe,7
recap,soffa,7
recap,fondu,7
recap,donts,7
recap,natte,7
recap,marck,7
recap,cants,7
recap,grego,7
recap,shawu,7
recap,pwgen,7
recap,onrec,7
recap,toles,7
recap,lynns,7
recap,swnts,7
recap,ushba,7
recap,ajahn,7
recap,ihara,7
recap,gaura,7
recap,jalna,7
recap,joash,7
recap,hohen,7
recap,treno,7
recap,zorra,7
recap,ivrea,7
recap,coqui,7
recap,isler,7
recap,adger,7
recap,psaps,7
recap,kolla,7
recap,stero,7
recap,adesa,7
recap,irisa,7
recap,spang,7
recap,grupe,7
recap,ohura,7
recap,tabke,7
recap,dmarc,7
recap,uster,7
recap,ioana,7
recap,moene,7
recap,mandl,7
recap,hypes,7
recap,trvel,7
recap,acedb,7
recap,ngine,7
recap,sarco,7
recap,khali,7
recap,ebers,7
recap,allwn,7
recap,torno,7
recap,venas,7
recap,anina,7
recap,falle,7
recap,prars,7
recap,saura,7
recap,preso,7
recap,nanti,7
recap,abeta,7
recap,oppel,7
recap,akagi,7
recap,uhler,7
recap,panko,7
recap,orgue,7
recap,stics,7
recap,avise,7
recap,casei,7
recap,nyxem,7
recap,unscr,7
recap,taner,7
recap,colca,7
recap,laube,7
recap,spiss,7
recap,amera,7
recap,caida,7
recap,fatta,7
recap,imado,7
recap,chaux,7
recap,swapo,7
recap,dnepr,7
recap,solco,7
recap,actfl,7
recap,eshte,7
recap,ifrss,7
recap,chale,7
recap,satta,7
recap,nenas,7
recap,eyler,7
recap,abetz,7
recap,maina,7
recap,ariga,7
recap,adyar,7
recap,doubs,7
recap,manch,7
recap,inada,7
recap,redex,7
recap,pjpeg,7
recap,ossur,7
recap,chann,7
recap,msecs,7
recap,usphs,7
recap,avgas,9
recap,hablo,7
recap,saheb,7
recap,latka,7
recap,dapto,7
recap,khufu,7
recap,easts,7
recap,lapto,7
recap,dolch,7
recap,avita,7
recap,deras,7
recap,chene,7
recap,conns,7
recap,cowls,7
recap,golla,7
recap,khung,7
recap,noren,7
recap,novex,7
recap,idate,7
recap,poing,7
recap,gatta,7
recap,donen,7
recap,icers,7
recap,vevay,7
recap,allel,7
recap,tsuba,7
recap,edhec,7
recap,stari,7
recap,ahler,7
recap,nager,7
recap,gbits,7
recap,trael,7
recap,jguru,7
recap,eorum,7
recap,randr,7
recap,scuds,7
recap,lordi,7
recap,talli,7
recap,shaya,7
recap,naspa,7
recap,dlsym,7
recap,wsabi,7
recap,taren,7
recap,honus,7
recap,frani,7
recap,wonko,7
recap,sarne,7
recap,corvo,7
recap,kouga,7
recap,eglug,7
recap,coppi,7
recap,havea,7
recap,igetc,7
recap,waeco,7
recap,koine,7
recap,mausb,7
recap,corpn,7
recap,kolya,7
recap,apers,7
recap,dreds,7
recap,saiki,7
recap,shifa,7
recap,couns,7
recap,hoppa,7
recap,opirg,7
recap,sauli,7
recap,freeb,7
recap,salla,7
recap,joice,7
recap,cayes,7
recap,tsien,7
recap,unifi,7
recap,corri,7
recap,loung,7
recap,ucisa,7
recap,pokrr,7
recap,sfpuc,7
recap,shews,7
recap,gotel,7
recap,akkad,9
recap,aytes,7
recap,zarko,7
recap,narra,7
recap,krier,7
recap,naill,7
recap,osaki,7
recap,khadr,7
recap,ebano,7
recap,pouts,7
recap,dntps,7
recap,johnl,7
recap,etape,7
recap,garen,7
recap,aruch,7
recap,madri,7
recap,erinn,7
recap,khans,7
recap,kwesi,7
recap,gsbca,7
recap,solli,7
recap,okuji,7
recap,aquae,7
recap,schev,7
recap,dwsrf,7
recap,okrug,7
recap,hydel,7
recap,dofus,7
recap,gater,7
recap,arxes,7
recap,toper,7
recap,mthfr,7
recap,swana,7
recap,fakta,7
recap,annce,7
recap,myerz,7
recap,cyfra,7
recap,chiyo,7
recap,kalka,7
recap,kohei,7
recap,carso,7
recap,zanna,7
recap,wando,7
recap,onida,7
recap,tting,7
recap,onawa,7
recap,imber,7
recap,kanti,7
recap,fresa,7
recap,langi,7
recap,amphi,7
recap,morra,7
recap,adasa,7
recap,nsure,7
recap,loane,7
recap,lanco,7
recap,cmplx,7
recap,gfedc,7
recap,erico,7
recap,corwm,7
recap,exico,7
recap,joeys,7
recap,expla,7
recap,hanga,7
recap,orite,7
recap,frysk,7
recap,ndash,7
recap,awasu,7
recap,ntfps,7
recap,goyle,7
recap,hyang,7
recap,sodhi,7
recap,polli,7
recap,pavlo,7
recap,canus,7
recap,lsass,7
recap,podle,7
recap,grrls,7
recap,aarts,7
recap,eskew,7
recap,knews,7
recap,treys,7
recap,tonno,7
recap,jantz,7
recap,steun,7
recap,corts,7
recap,halli,7
recap,arten,7
recap,marre,7
recap,smita,7
recap,ogren,7
recap,sepak,7
recap,moeda,7
recap,hoise,7
recap,consi,7
recap,kaige,7
recap,cantz,7
recap,gange,7
recap,angas,9
recap,mobbs,7
recap,caile,7
recap,gritz,7
recap,anjum,7
recap,odden,7
recap,monds,7
recap,harro,7
recap,opale,7
recap,dotel,7
recap,tapps,7
recap,soane,7
recap,mawes,7
recap,haruo,7
recap,karlo,7
recap,ncrel,7
recap,faixa,7
recap,chirk,7
recap,gdata,7
recap,sorti,7
recap,grabo,7
recap,annen,7
recap,appen,7
recap,malda,7
recap,atanu,7
recap,jaggi,7
recap,tatla,7
recap,khana,7
recap,acade,7
recap,jouko,7
recap,estyn,7
recap,houwe,7
recap,acree,7
recap,estro,7
recap,ikiru,7
recap,tatts,7
recap,lybra,7
recap,tasto,7
recap,sanne,7
recap,appdb,7
recap,nafex,7
recap,srini,7
recap,avivo,7
recap,donga,7
recap,chays,7
recap,wwwwe,7
recap,oxxxx,7
recap,salli,7
recap,jaish,7
recap,sarre,7
recap,avici,7
recap,anlen,7
recap,gauci,7
recap,isign,7
recap,marel,7
recap,pryda,7
recap,nabla,7
recap,petah,7
recap,arene,7
recap,chage,7
recap,oredr,7
recap,marye,7
recap,saksa,7
recap,chato,7
recap,trisa,7
recap,enine,7
recap,hadco,7
recap,thnks,7
recap,hoffe,7
recap,imagi,7
recap,arika,7
recap,ctgtc,7
recap,nwhrc,7
recap,trece,7
recap,parth,7
recap,mpage,7
recap,emeth,7
recap,inits,7
recap,jouse,7
recap,mohun,7
recap,ajram,9
recap,targe,7
recap,mauka,7
recap,gyles,7
recap,gbarr,7
recap,gwenn,7
recap,lynds,7
recap,drgeo,7
recap,thach,7
recap,houss,7
recap,pesar,7
recap,inbev,7
recap,galba,7
recap,panui,7
recap,handl,7
recap,stufe,7
recap,warsz,7
recap,marle,7
recap,solem,7
recap,maipo,7
recap,sesac,7
recap,catto,7
recap,chiel,7
recap,poule,7
recap,ncarb,7
recap,goign,7
recap,amarr,7
recap,udaya,7
recap,koehl,7
recap,housr,7
recap,esade,7
recap,acuta,7
recap,kogel,7
recap,raber,7
recap,taqwa,7
recap,cplus,7
recap,sweco,7
recap,egirl,7
recap,mtree,7
recap,conso,7
recap,phism,7
recap,preez,7
recap,biais,7
recap,gsusa,7
recap,drawe,7
recap,sitia,7
recap,wavre,7
recap,tharu,7
recap,ciria,7
recap,drina,7
recap,ovide,7
recap,ocupa,7
recap,swage,7
recap,empno,7
recap,druga,7
recap,mitis,7
recap,regev,7
recap,spiri,7
recap,atdec,7
recap,dslrs,7
recap,faute,7
recap,intek,7
recap,krach,7
recap,crrel,7
recap,chyba,7
recap,hogel,7
recap,ccsso,7
recap,malec,7
recap,natca,7
recap,smush,7
recap,uyuni,7
recap,iting,7
recap,spers,7
recap,osdev,7
recap,iving,7
recap,phate,7
recap,induc,7
recap,hande,7
recap,cgfns,7
recap,loana,7
recap,naina,7
recap,cmeth,7
recap,prace,7
recap,tauro,7
recap,pwede,7
recap,dmake,7
recap,krunk,7
recap,arnes,7
recap,lauck,7
recap,roder,7
recap,garci,7
recap,jwang,7
recap,obile,7
recap,anprm,7
recap,moisi,7
recap,motul,7
recap,engne,7
recap,htibs,7
recap,kirim,7
recap,ersys,7
recap,aamas,9
recap,hanyu,7
recap,eorge,7
recap,ocker,7
recap,kaare,7
recap,frenk,7
recap,dabba,7
recap,chaba,7
recap,anver,7
recap,zaino,7
recap,umana,7
recap,molli,7
recap,waber,7
recap,sapna,7
recap,indyk,7
recap,warra,7
recap,csnch,7
recap,polki,7
recap,lrecl,7
recap,wobei,7
recap,critz,7
recap,caino,7
recap,sapdb,7
recap,wwwuh,7
recap,artus,7
recap,acing,7
recap,stipa,7
recap,cezar,7
recap,ggtcc,7
recap,ffweb,7
recap,demat,7
recap,arina,7
recap,amess,7
recap,jorda,7
recap,droog,7
recap,grall,7
recap,saira,7
recap,divin,7
recap,stabi,7
recap,eanes,7
recap,ucase,7
recap,usado,7
recap,oppen,7
recap,sorex,7
recap,iveta,7
recap,halco,7
recap,whitw,7
recap,saude,7
recap,trull,7
recap,isate,7
recap,lolta,7
recap,iapss,7
recap,cracs,7
recap,koven,7
recap,selam,7
recap,grene,7
recap,kadek,7
recap,anite,7
recap,cebas,7
recap,gouse,7
recap,akkus,7
recap,onlye,7
recap,ather,7
recap,shera,7
recap,elspa,7
recap,hatje,7
recap,ohuse,7
recap,kaser,7
recap,hoyse,7
recap,coisa,7
recap,ostro,7
recap,prete,7
recap,housw,7
recap,fouke,7
recap,caeel,7
recap,amlwg,7
recap,ekane,7
recap,pavuk,7
recap,ansco,7
recap,agwna,7
recap,ostra,7
recap,nfuse,7
recap,arydi,7
recap,aajtk,7
recap,cfile,7
recap,natts,7
recap,koika,7
recap,ntvpl,7
recap,sekar,7
recap,hpuse,7
recap,morbo,7
recap,ecija,7
recap,uouse,7
recap,pchem,7
recap,nolle,7
recap,milis,7
recap,unjlc,7
recap,satun,7
recap,atvhc,7
recap,houee,7
recap,chulo,7
recap,cayre,7
recap,amies,7
recap,idunk,7
recap,emiko,7
recap,cggcc,7
recap,daina,7
recap,taipa,7
recap,sando,7
recap,houxe,7
recap,hohse,7
recap,mplus,7
recap,vipin,7
recap,loyer,7
recap,parsa,7
recap,hojse,7
recap,catte,7
recap,inpro,7
recap,dorso,7
recap,hkuse,7
recap,optec,7
recap,whelk,7
recap,johto,7
recap,kmiec,7
recap,honso,7
recap,joise,7
recap,fanti,7
recap,sparr,7
recap,manso,7
recap,theun,7
recap,streq,7
recap,mauck,7
recap,jasna,7
recap,gcnew,7
recap,souks,7
recap,mfuse,7
recap,molko,7
recap,kdesu,7
recap,cegas,8
recap,polje,7
recap,penas,7
recap,manek,7
recap,oseph,7
recap,gerad,7
recap,dorel,7
recap,tareq,7
recap,gcgcc,7
recap,tager,7
recap,poler,7
recap,whits,7
recap,ertel,7
recap,chptr,7
recap,tyrer,7
recap,matre,7
recap,crace,7
recap,dwlrq,7
recap,dtype,7
recap,orava,7
recap,drane,7
recap,actra,7
recap,aquel,7
recap,vefas,7
recap,pytho,7
recap,cassi,7
recap,coxes,7
recap,sties,7
recap,whire,7
recap,areti,7
recap,thira,7
recap,isgeo,7
recap,inate,7
recap,epler,7
recap,tbsps,7
recap,akbbs,7
recap,karle,7
recap,wonca,7
recap,natco,7
recap,danen,7
recap,oneco,7
recap,hoyte,7
recap,souri,7
recap,ustel,7
recap,opacs,7
recap,talug,7
recap,ntype,7
recap,kansa,7
recap,steev,7
recap,mcnew,7
recap,khiva,7
recap,dcita,7
recap,nobbs,7
recap,manel,7
recap,hajji,7
recap,passw,7
recap,mogen,7
recap,qango,7
recap,mawer,7
recap,aarde,7
recap,horel,7
recap,svenk,7
recap,dmapi,7
recap,stuhr,7
recap,oculi,7
recap,dreux,7
recap,matua,7
recap,typen,7
recap,anssi,7
recap,mylec,7
recap,anfal,9
recap,grenz,7
recap,dxing,7
recap,maheu,7
recap,daigo,7
recap,arnel,7
recap,polyu,7
recap,speth,7
recap,horng,7
recap,paulb,7
recap,eyles,7
recap,pasti,7
recap,eakes,7
recap,zoggs,7
recap,molti,7
recap,saper,7
recap,shann,7
recap,toups,7
recap,ashur,7
recap,cagcg,7
recap,joner,7
recap,cogni,7
recap,thurr,7
recap,gxine,7
recap,ayane,7
recap,swerl,7
recap,doblo,7
recap,danto,7
recap,narda,7
recap,oppts,7
recap,savez,7
recap,pussu,7
recap,morto,7
recap,noels,7
recap,janse,7
recap,zhuge,7
recap,axels,7
recap,aaaai,9
recap,swats,7
recap,thers,7
recap,phili,7
recap,poans,7
recap,ffrdc,7
recap,gonch,7
recap,andee,7
recap,grifo,7
recap,zadka,7
recap,mauss,7
recap,joltz,7
recap,avtar,9
recap,sodes,7
recap,nsidc,7
recap,loven,7
recap,jarle,7
recap,dnfsb,7
recap,fowle,7
recap,priti,7
recap,kargl,7
recap,onrpg,7
recap,zonda,7
recap,trude,7
recap,whife,7
recap,greth,7
recap,etica,7
recap,darch,7
recap,houce,7
recap,kayle,7
recap,issus,7
recap,pollu,7
recap,taang,7
recap,soyle,7
recap,athar,9
recap,presv,7
recap,woude,7
recap,ostre,7
recap,dpiwe,7
recap,wawel,7
recap,stulz,7
recap,safta,7
recap,canne,7
recap,nwdnb,7
recap,chech,7
recap,uchsc,7
recap,kagel,7
recap,tdata,7
recap,hcgtv,7
recap,tcsec,7
recap,csusm,7
recap,solea,7
recap,maidu,7
recap,joues,7
recap,ivies,7
recap,kadee,7
recap,graus,7
recap,sylvi,7
recap,aaker,7
recap,tarda,7
recap,drude,7
recap,medar,7
recap,engrs,7
recap,chali,7
recap,stren,7
recap,danya,7
recap,palko,7
recap,harju,7
recap,ittle,7
recap,tonus,7
recap,kango,7
recap,afkar,9
recap,aalen,7
recap,lorge,7
recap,irgun,7
recap,handb,7
recap,matei,7
recap,ewiki,7
recap,nguye,7
recap,ifans,7
recap,capen,7
recap,thura,7
recap,kotto,7
recap,prwhn,7
recap,nasby,7
recap,lcars,7
recap,igaku,7
recap,annam,9
recap,cougs,7
recap,cruce,7
recap,joeri,7
recap,lpans,7
recap,inher,7
recap,mbase,7
recap,kadri,7
recap,cbrne,7
recap,trsys,7
recap,hcpro,7
recap,hoggz,7
recap,nchen,7
recap,phree,7
recap,maxxx,7
recap,zager,7
recap,etang,7
recap,thung,7
recap,habel,7
recap,pcdds,7
recap,pcdfs,7
recap,astgh,7
recap,dhfpr,7
recap,spara,7
recap,darek,7
recap,schul,7
recap,iming,7
recap,abets,7
recap,daver,7
recap,matha,7
recap,ldesc,7
recap,hantu,7
recap,dodes,7
recap,notum,7
recap,danco,7
recap,dalke,7
recap,awaji,7
recap,mirin,7
recap,preta,7
recap,kalpa,7
recap,danga,7
recap,onaga,7
recap,tarea,7
recap,ataru,7
recap,lanni,7
recap,omgui,7
recap,dctrl,7
recap,opfer,7
recap,chanh,7
recap,foale,7
recap,pneus,7
recap,ljxuh,7
recap,mohel,7
recap,caabu,7
recap,iahbe,7
recap,doune,7
recap,dvrpc,7
recap,adbbs,7
recap,akala,7
recap,hoxha,7
recap,counc,7
recap,naver,7
recap,ocaho,7
recap,hanel,7
recap,stabo,7
recap,nejad,7
recap,urisa,7
recap,wyner,7
recap,shick,7
recap,pouco,7
recap,dalys,7
recap,zandi,7
recap,nauki,7
recap,iovec,7
recap,manua,7
recap,colen,7
recap,ordem,7
recap,jater,7
recap,nside,7
recap,dbuys,7
recap,arars,7
recap,palea,7
recap,psyko,7
recap,khalq,7
recap,imino,7
recap,ecars,7
recap,mones,7
recap,ponga,7
recap,zaara,7
recap,hyips,7
recap,zanes,7
recap,moens,7
recap,hwite,7
recap,assar,9
recap,cheka,7
recap,tipis,7
recap,talha,7
recap,rorer,7
recap,oyler,7
recap,ccsse,7
recap,ifahr,7
recap,daddo,7
recap,mottl,7
recap,kouji,7
recap,laksa,7
recap,saeki,7
recap,wauls,7
recap,amien,7
recap,tripz,7
recap,hpadm,7
recap,urawa,7
recap,haske,7
recap,hajdu,7
recap,dogge,7
recap,gtags,7
recap,strew,7
recap,gravi,7
recap,ennen,7
recap,acegi,7
recap,khasi,7
recap,easly,7
recap,ikura,7
recap,sxesh,7
recap,poilu,7
recap,creck,7
recap,gfatm,7
recap,simin,7
recap,notus,7
recap,kyjen,7
recap,ksirc,7
recap,whitr,7
recap,erdem,7
recap,goldx,7
recap,ftdna,7
recap,zarya,7
recap,ffilm,7
recap,urner,7
recap,achar,9
recap,hadda,7
recap,tague,7
recap,darda,7
recap,mcnee,7
recap,aggcg,7
recap,falso,7
recap,chell,7
recap,utans,7
recap,sanfl,7
recap,acaba,7
recap,ortec,7
recap,eyres,7
recap,sgurr,7
recap,paddr,7
recap,mtype,7
recap,infla,7
recap,mdina,7
recap,nelac,7
recap,warka,7
recap,amwso,7
recap,johnb,7
recap,tadhg,7
recap,horen,7
recap,egigs,7
recap,coull,7
recap,msnca,7
recap,folse,7
recap,akina,7
recap,atatu,7
recap,acide,7
recap,mothe,7
recap,shyer,7
recap,stets,7
recap,ampco,7
recap,iveka,7
recap,emanu,7
recap,cpusa,7
recap,acers,7
recap,cante,7
recap,pokee,7
recap,adael,7
recap,jonni,7
recap,talco,7
recap,cwsrf,7
recap,filii,7
recap,kopek,7
recap,wjite,7
recap,csueb,7
recap,hakes,7
recap,ndpbs,7
recap,anseo,7
recap,chugs,7
recap,aikin,7
recap,wkhlu,7
recap,potte,7
recap,ehite,7
recap,chane,7
recap,taeda,7
recap,doqqs,7
recap,fallo,7
recap,lalli,7
recap,shebs,7
recap,naija,7
recap,ibang,7
recap,maith,7
recap,tappa,7
recap,skien,7
recap,coito,7
recap,preva,7
recap,narth,7
recap,essco,7
recap,tarra,7
recap,asten,7
recap,janco,7
recap,lgbti,7
recap,codee,7
recap,isnew,7
recap,parlo,7
recap,kover,7
recap,argyl,7
recap,stute,7
recap,igbts,7
recap,whute,7
recap,skapa,7
recap,happe,7
recap,naspe,7
recap,janka,7
recap,mhnes,7
recap,wallo,7
recap,gyrls,7
recap,mattb,7
recap,halva,7
recap,qhull,7
recap,mdash,7
recap,cylch,7
recap,topel,7
recap,thula,7
recap,preya,7
recap,nants,7
recap,whiye,7
recap,arate,7
recap,farka,7
recap,upssy,7
recap,avaki,7
recap,wgite,7
recap,potch,7
recap,gaver,7
recap,danfs,7
recap,exeem,7
recap,wnite,7
recap,kouba,7
recap,jdate,7
recap,pavle,7
recap,skara,7
recap,jaana,7
recap,palns,7
recap,agsci,7
recap,lotka,7
recap,opker,7
recap,kview,7
recap,warto,7
recap,gpgga,7
recap,cains,7
recap,cctbx,7
recap,kokes,7
recap,qhite,7
recap,joing,7
recap,wakko,7
recap,vidic,7
recap,ttype,7
recap,mbari,7
recap,hjres,7
recap,wbite,7
recap,ngugi,7
recap,hrusa,7
recap,hains,7
recap,galer,7
recap,dotes,7
recap,gmxde,7
recap,wahba,7
recap,sthlm,7
recap,cotts,7
recap,umake,7
recap,mcrrc,7
recap,anejo,7
recap,palce,7
recap,naude,7
recap,pokre,7
recap,joies,7
recap,ututo,7
recap,styes,7
recap,whige,7
recap,tclsh,7
recap,ardee,7
recap,cplds,7
recap,kaili,7
recap,lygus,7
recap,poekr,7
recap,lfepa,7
recap,okres,7
recap,garbe,7
recap,wyite,7
recap,tview,7
recap,insts,7
recap,vetas,7
recap,whkte,7
recap,louch,7
recap,malum,7
recap,makki,7
recap,dhikr,7
recap,awaye,7
recap,ajuga,7
recap,morna,7
recap,ahite,7
recap,malko,7
recap,esire,7
recap,chado,7
recap,grees,7
recap,charu,7
recap,eying,7
recap,elley,7
recap,wwwrr,7
recap,loake,7
recap,ppker,7
recap,layde,7
recap,lowca,7
recap,toter,7
recap,tmfnl,7
recap,krynn,7
recap,qotes,7
recap,wwwea,7
recap,grada,7
recap,kpnnl,7
recap,zodee,7
recap,wolke,7
recap,gtkrc,7
recap,malki,7
recap,ombra,7
recap,chipz,7
recap,whjte,7
recap,psaux,7
recap,ocher,7
recap,doubl,7
recap,pandu,7
recap,kmfdn,7
recap,wowee,7
recap,tappe,7
recap,nales,7
recap,trieu,7
recap,aahsa,7
recap,spera,7
recap,farve,7
recap,hotls,7
recap,chael,7
recap,marcu,7
recap,nhieu,7
recap,kyero,7
recap,norra,7
recap,acara,7
recap,jotun,7
recap,craue,7
recap,gowri,7
recap,napra,7
recap,aotea,7
recap,osers,7
recap,knaue,7
recap,aftrs,7
recap,opsys,7
recap,otego,7
recap,snacc,7
recap,skane,7
recap,itali,7
recap,kaepa,7
recap,gegas,7
recap,derag,7
recap,ppvpn,7
recap,eftps,7
recap,ahera,7
recap,antel,7
recap,grune,7
recap,nakba,7
recap,ehler,7
recap,poque,7
recap,noell,7
recap,ncbec,7
recap,kabra,7
recap,carck,7
recap,ipers,7
recap,vebas,7
recap,cango,7
recap,melag,7
recap,smarr,7
recap,erano,7
recap,sbaen,7
recap,vevas,7
recap,oorgo,7
recap,sardo,7
recap,mtech,7
recap,imler,7
recap,nanto,7
recap,orice,7
recap,umina,7
recap,codse,7
recap,sopel,7
recap,amaco,7
recap,chilo,7
recap,strtr,7
recap,nflpa,7
recap,ikeja,7
recap,omiya,7
recap,freem,7
recap,moren,7
recap,mewar,7
recap,korpi,7
recap,frigg,7
recap,codea,7
recap,veyas,7
recap,loura,7
recap,avene,7
recap,jover,7
recap,actew,7
recap,chits,7
recap,gotto,7
recap,ianus,7
recap,rsfsr,7
recap,kotex,7
recap,sibir,7
recap,abeba,7
recap,pojer,7
recap,sweni,7
recap,pical,8
recap,cebaf,7
recap,nodev,7
recap,akaar,9
recap,ghada,7
recap,farne,7
recap,icute,7
recap,ldaps,7
recap,poier,7
recap,grane,7
recap,gaine,7
recap,uotes,7
recap,ipenz,7
recap,maini,7
recap,navyn,7
recap,arabo,7
recap,saath,7
recap,orkla,7
recap,daeth,7
recap,doink,7
recap,abeka,7
recap,darna,7
recap,crudo,7
recap,egprs,7
recap,honjo,7
recap,zande,7
recap,theyr,7
recap,tness,7
recap,wefax,7
recap,mkdev,7
recap,cripe,7
recap,pijin,7
recap,salex,7
recap,coade,7
recap,chrno,7
recap,tosoh,7
recap,tangi,7
recap,naper,7
recap,kwara,7
recap,garra,7
recap,foulk,7
recap,ebina,7
recap,smrsh,7
recap,jowls,7
recap,pakke,7
recap,grahm,7
recap,pokwr,7
recap,aztar,9
recap,gafni,7
recap,echec,7
recap,endes,7
recap,usnea,7
recap,ccggc,7
recap,pokdr,7
recap,kdata,7
recap,usfsa,7
recap,ashro,7
recap,naifa,7
recap,eperl,7
recap,amadi,7
recap,okuno,7
recap,artel,7
recap,umani,7
recap,sfefc,7
recap,eriks,7
recap,orser,7
recap,kokko,7
recap,atype,7
recap,codew,7
recap,moure,7
recap,ecare,7
recap,fretz,7
recap,plsns,7
recap,frier,7
recap,prwto,7
recap,cappi,7
recap,mangi,7
recap,pndec,7
recap,opava,7
recap,ambro,7
recap,lotts,7
recap,dalea,7
recap,donks,7
recap,abler,7
recap,erver,7
recap,styra,7
recap,loinc,7
recap,moyse,7
recap,anthr,7
recap,sheps,7
recap,goken,7
recap,sojuz,7
recap,gilia,7
recap,marcl,7
recap,iddle,7
recap,chacl,7
recap,carpa,7
recap,axils,7
recap,arben,7
recap,oaqps,7
recap,ekins,7
recap,otara,7
recap,parnu,7
recap,loups,7
recap,thara,7
recap,fayez,7
recap,arine,7
recap,gaede,7
recap,hotrl,7
recap,talex,7
recap,dhara,7
recap,arntz,7
recap,aview,7
recap,sping,7
recap,gaper,7
recap,souno,7
recap,taleo,7
recap,poetr,7
recap,falsa,7
recap,pjssy,7
recap,kezar,7
recap,ganna,7
recap,kwaku,7
recap,matri,7
recap,usfda,7
recap,truco,7
recap,menar,7
recap,credu,7
recap,esben,7
recap,haplo,7
recap,iebar,7
recap,thaks,7
recap,qtype,7
recap,konex,7
recap,taiwo,7
recap,koffi,7
recap,haare,7
recap,afirm,7
recap,janta,7
recap,knyfe,7
recap,jobri,7
recap,eriko,7
recap,moreh,7
recap,lotek,7
recap,coile,7
recap,solec,7
recap,mikis,7
recap,gorno,7
recap,enada,7
recap,colug,7
recap,airam,9
recap,mserv,7
recap,pslra,7
recap,cmeta,7
recap,avari,7
recap,oserr,7
recap,cpath,7
recap,trife,7
recap,nasze,7
recap,jafra,7
recap,nhill,7
recap,chets,7
recap,zaher,7
recap,naire,7
recap,mokes,7
recap,ofall,7
recap,pottr,7
recap,senay,7
recap,chiva,7
recap,waage,7
recap,soete,7
recap,grsec,7
recap,onate,7
recap,pkans,7
recap,phssy,7
recap,gorki,7
recap,jongh,7
recap,karya,7
recap,abidi,7
recap,waner,7
recap,coque,7
recap,taung,7
recap,nanes,7
recap,lstdc,7
recap,druge,7
recap,kores,7
recap,ptter,7
recap,onera,7
recap,tauno,7
recap,cofdm,7
recap,ppans,7
recap,trani,7
recap,frica,7
recap,oxxus,7
recap,educo,7
recap,cygne,7
recap,ccpch,7
recap,okita,7
recap,ptdls,7
recap,pkker,7
recap,jokse,7
recap,torro,7
recap,araye,7
recap,odels,7
recap,fajna,7
recap,kasch,7
recap,usaha,7
recap,poksr,7
recap,aifia,7
recap,kanes,7
recap,parrs,7
recap,potes,7
recap,patto,7
recap,afrts,7
recap,cavco,7
recap,crupi,7
recap,acasa,7
recap,weeee,9
recap,gedas,7
recap,chepi,7
recap,irngs,7
recap,arien,7
recap,jokez,7
recap,stice,7
recap,sauru,7
recap,unagi,7
recap,ensur,7
recap,dolts,7
recap,danek,7
recap,dolle,7
recap,wtite,7
recap,davec,7
recap,hotte,7
recap,anzai,9
recap,dougs,7
recap,prade,7
recap,gpgsm,7
recap,ukpds,7
recap,gcgcg,7
recap,nblug,7
recap,ineke,7
recap,odule,7
recap,arhat,7
recap,harth,7
recap,dones,7
recap,maxes,7
recap,intrm,7
recap,codrs,7
recap,koide,7
recap,crich,7
recap,fredi,7
recap,eturn,7
recap,marwa,7
recap,drano,7
recap,dcgui,7
recap,prgho,7
recap,tdhca,7
recap,haere,7
recap,koigu,7
recap,ggnra,7
recap,nmaes,7
recap,warex,7
recap,warea,7
recap,ltrch,7
recap,codds,7
recap,sanka,7
recap,dogra,7
recap,poens,7
recap,farha,7
recap,phiri,7
recap,staus,7
recap,codws,7
recap,copro,7
recap,avuto,7
recap,lgrfg,7
recap,prell,7
recap,tflee,7
recap,dawei,7
recap,cpdes,7
recap,areer,7
recap,pallu,7
recap,phere,7
recap,johng,7
recap,hardw,7
recap,scire,7
recap,mallz,7
recap,trith,7
recap,taine,7
recap,movex,7
recap,etale,7
recap,akela,7
recap,caree,7
recap,wheen,7
recap,codeq,7
recap,hanni,7
recap,shawe,7
recap,obetz,7
recap,anwer,7
recap,inici,7
recap,chuse,7
recap,katun,7
recap,privi,7
recap,ipdps,7
recap,gatco,7
recap,truva,7
recap,chaum,7
recap,maryo,7
recap,salux,7
recap,stego,7
recap,tagua,7
recap,otice,7
recap,cauce,7
recap,talke,7
recap,imdur,7
recap,frics,7
recap,oruro,7
recap,steem,7
recap,sahtu,7
recap,cpich,7
recap,execl,7
recap,usarc,7
recap,longi,7
recap,kyats,7
recap,asifa,7
recap,issyk,7
recap,ocdes,7
recap,parli,7
recap,caere,7
recap,mailq,7
recap,warrz,7
recap,fasti,7
recap,casno,7
recap,granz,7
recap,fodes,7
recap,joles,7
recap,chele,7
recap,gadda,7
recap,ories,7
recap,kayes,7
recap,aybar,9
recap,katra,7
recap,coees,7
recap,eards,7
recap,olley,7
recap,codss,7
recap,wsrez,7
recap,markm,7
recap,icdcs,7
recap,omara,7
recap,adrem,7
recap,injec,7
recap,ckdes,7
recap,dayum,7
recap,zolla,7
recap,treba,7
recap,nfbcs,7
recap,souto,7
recap,saers,7
recap,letal,7
recap,afana,7
recap,driel,7
recap,hygro,7
recap,kohta,7
recap,pruss,7
recap,emner,7
recap,honno,7
recap,horna,7
recap,indel,7
recap,johnn,7
recap,jojes,7
recap,essec,7
recap,monck,7
recap,chiru,7
recap,pkssy,7
recap,amate,7
recap,mogel,7
recap,kante,7
recap,acsys,7
recap,napsa,7
recap,abana,7
recap,parch,7
recap,loule,7
recap,paygo,7
recap,wapsi,7
recap,fager,7
recap,cdphe,7
recap,jokee,7
recap,nhprc,7
recap,lters,7
recap,wanne,7
recap,zeraw,7
recap,sbull,7
recap,couer,7
recap,shash,7
recap,poesm,7
recap,iptel,7
recap,laree,7
recap,harru,7
recap,elser,7
recap,joeks,7
recap,waxer,7
recap,steeg,7
recap,najes,7
recap,kolej,7
recap,mpges,7
recap,akaev,7
recap,hyles,7
recap,heiau,7
recap,stylu,7
recap,epple,7
recap,ansty,7
recap,haryr,7
recap,nwfsc,7
recap,ecads,7
recap,umane,7
recap,maxus,7
recap,loger,7
recap,sarra,7
recap,empeg,7
recap,gorna,7
recap,hokse,7
recap,koten,7
recap,shlvl,7
recap,jokws,7
recap,mapua,7
recap,harrh,7
recap,sauro,7
recap,ncees,7
recap,stike,7
recap,hotch,7
recap,nolde,7
recap,ellps,7
recap,zolfo,7
recap,ecrds,7
recap,akzaa,8
recap,halki,7
recap,warna,7
recap,ergun,7
recap,poges,7
recap,paire,7
recap,thala,7
recap,itxpo,7
recap,yllek,7
recap,harrg,7
recap,ojkes,7
recap,haysi,7
recap,hoque,7
recap,daeng,7
recap,maike,7
recap,ewens,7
recap,gmina,7
recap,jokea,7
recap,dhite,7
recap,hanja,7
recap,carll,7
recap,cefas,7
recap,jokrs,7
recap,sonda,7
recap,arawa,7
recap,kniga,7
recap,dizie,7
recap,manke,7
recap,evins,7
recap,poeks,7
recap,lagen,7
recap,jokew,7
recap,acabq,7
recap,whihe,7
recap,sherk,7
recap,kandu,7
recap,sythe,7
recap,etihw,7
recap,jpkes,7
recap,poejs,7
recap,aprli,7
recap,iokes,7
recap,harco,7
recap,jokex,7
recap,nahes,7
recap,ipsco,7
recap,darez,7
recap,jokss,7
recap,uokes,7
recap,aprul,7
recap,waerz,7
recap,jokds,7
recap,jkkes,7
recap,danda,7
recap,wraez,7
recap,pmans,7
recap,palgn,7
recap,ophth,7
recap,spela,7
recap,lyrci,7
recap,jotel,7
recap,aprkl,7
recap,aprjl,7
recap,imara,7
recap,gnaws,7
recap,agger,7
recap,popek,7
recap,wagez,7
recap,dolen,7
recap,tards,7
recap,wardz,7
recap,awrez,7
recap,hasso,7
recap,swich,7
recap,fooos,7
recap,watez,7
recap,codfs,7
recap,wawez,7
recap,jokfs,7
recap,gaddi,7
recap,houqe,7
recap,warwz,7
recap,aapno,7
recap,eberl,7
recap,abati,7
recap,harrj,7
recap,coude,7
recap,nyrev,7
recap,lyirc,7
recap,jokec,7
recap,malli,7
recap,aarez,7
recap,earez,7
recap,hahha,7
recap,delas,7
recap,wafez,7
recap,kokua,7
recap,jokeq,7
recap,waeez,7
recap,chada,7
recap,wqrez,7
recap,aatcc,7
recap,jivin,7
recap,tonez,7
recap,wwrez,7
recap,aazak,9
recap,wmite,7
recap,wxrez,7
recap,warfz,7
recap,corke,7
recap,cciss,7
recap,znane,7
recap,lyruc,7
recap,menas,7
recap,lyrkc,7
recap,nonux,7
recap,lyrjc,7
recap,appal,9
recap,poehs,7
recap,smirl,7
recap,anexo,7
recap,honks,7
recap,svers,7
recap,concl,7
recap,tsiec,7
recap,kaski,7
recap,ensco,7
recap,prlta,7
recap,ppage,7
recap,opper,7
recap,idasa,7
recap,jmenu,7
recap,savrs,7
recap,spudz,7
recap,sagev,7
recap,marto,7
recap,steez,7
recap,qarez,7
recap,snapz,7
recap,kouts,7
recap,siria,7
recap,mattm,7
recap,evang,7
recap,segan,8
recap,addtl,7
recap,mapei,7
recap,agrar,9
recap,kheng,7
recap,darel,7
recap,sarez,7
recap,kolko,7
recap,csino,7
recap,qawra,7
recap,akudi,7
recap,ccase,7
recap,emuga,7
recap,whets,7
recap,sause,7
recap,qadri,7
recap,caeli,7
recap,ifneq,7
recap,darse,7
recap,antya,7
recap,ebell,7
recap,fapri,7
recap,sakyo,7
recap,greca,7
recap,gasse,7
recap,sharh,7
recap,sytle,7
recap,palen,7
recap,actek,7
recap,kwick,7
recap,swala,7
recap,saggi,7
recap,epygi,7
recap,wahle,7
recap,madla,7
recap,uspga,7
recap,maila,7
recap,abdal,9
recap,ardex,7
recap,asado,7
recap,cvisn,7
recap,esale,7
recap,drini,7
recap,nftva,7
recap,coire,7
recap,lgslg,7
recap,sojka,7
recap,conex,7
recap,atras,9
recap,corra,7
recap,morfa,7
recap,malke,7
recap,grism,7
recap,whetu,7
recap,idade,7
recap,hatco,7
recap,mikie,7
recap,malhi,7
recap,watto,7
recap,emina,7
recap,stehr,7
recap,eking,7
recap,cgicc,7
recap,tkyte,7
recap,sagle,7
recap,asinh,7
recap,ither,7
recap,okhla,7
recap,kales,7
recap,frats,7
recap,abang,7
recap,hawea,7
recap,haude,7
recap,akeni,7
recap,osstf,7
recap,tondo,7
recap,zonen,7
recap,caven,7
recap,hoyel,7
recap,fortu,7
recap,ucles,7
recap,mtbne,7
recap,stinx,7
recap,twrci,7
recap,anabl,7
recap,hptel,7
recap,kretz,7
recap,kolev,7
recap,pryke,7
recap,utive,7
recap,potti,7
recap,hoetl,7
recap,kwsta,7
recap,hotek,7
recap,tytso,7
recap,corro,7
recap,collo,7
recap,mollo,7
recap,emlen,7
recap,jauch,7
recap,howle,7
recap,laffs,7
recap,oxana,7
recap,nantz,7
recap,nakfa,7
recap,mallu,7
recap,lapre,7
recap,wayfm,7
recap,hotwl,7
recap,hayer,7
recap,koder,7
recap,nobus,7
recap,jaane,7
recap,papes,7
recap,myabc,7
recap,styro,7
recap,titin,7
recap,svarc,7
recap,laste,7
recap,saigo,7
recap,usasa,7
recap,norum,7
recap,spesh,7
recap,kriek,7
recap,andal,9
recap,mpigs,7
recap,egner,7
recap,marki,7
recap,tsvwg,7
recap,aards,7
recap,shako,7
recap,tongo,7
recap,inser,7
recap,unarj,7
recap,ooida,7
recap,appea,7
recap,sture,7
recap,ujung,7
recap,norns,7
recap,hobbi,7
recap,thile,7
recap,watsu,7
recap,mpgtx,7
recap,ddata,7
recap,cdrun,7
recap,asstr,7
recap,mmegi,7
recap,gobbo,7
recap,saabs,7
recap,cdisc,7
recap,cregg,7
recap,chieu,7
recap,chelm,7
recap,fauve,7
recap,invex,7
recap,oshun,7
recap,idweb,7
recap,zafra,7
recap,avara,7
recap,phigs,7
recap,adutl,7
recap,stael,7
recap,eriez,7
recap,pdufa,7
recap,oohhh,7
recap,krick,7
recap,ianni,7
recap,cpaws,7
recap,johnh,7
recap,whirr,7
recap,sfera,7
recap,dayco,7
recap,krenn,7
recap,kohrs,7
recap,pharo,7
recap,iwasa,7
recap,coens,7
recap,sorum,7
recap,syndb,7
recap,sadeh,7
recap,lappa,7
recap,krays,7
recap,spdes,7
recap,chels,7
recap,atrus,7
recap,gruhn,7
recap,kahng,7
recap,drygs,7
recap,igang,7
recap,dagda,7
recap,qksrv,7
recap,nobre,7
recap,oteri,7
recap,kongs,7
recap,naren,7
recap,usern,7
recap,aneka,7
recap,skyes,7
recap,iancu,7
recap,karem,7
recap,ltker,7
recap,iggle,7
recap,taiba,7
recap,matue,7
recap,dolna,7
recap,aparo,7
recap,ffaso,7
recap,arwba,7
recap,pappe,7
recap,nawrw,7
recap,calci,7
recap,athas,9
recap,calgb,7
recap,parul,7
recap,panyu,7
recap,urano,7
recap,jfacc,7
recap,stacs,7
recap,maaya,7
recap,tatti,7
recap,enell,7
recap,trins,7
recap,atanh,7
recap,makem,7
recap,matka,7
recap,wkhvh,7
recap,pybus,7
recap,dafna,7
recap,shiho,7
recap,koden,7
recap,tabco,7
recap,kaise,7
recap,gpass,7
recap,emrsa,7
recap,acque,7
recap,kavli,7
recap,gwine,7
recap,nauti,7
recap,zohra,7
recap,dondi,7
recap,hangi,7
recap,gpgle,7
recap,saicm,7
recap,omers,7
recap,zongo,7
recap,enues,7
recap,thurn,7
recap,apacs,7
recap,talss,7
recap,coppe,7
recap,hklpg,7
recap,ituns,7
recap,paske,7
recap,halwa,7
recap,harus,7
recap,malen,7
recap,arrgo,7
recap,gaffa,7
recap,workz,7
recap,cllrs,7
recap,prigg,7
recap,erets,7
recap,cmsms,7
recap,arkat,7
recap,sbirs,7
recap,erler,7
recap,tanke,7
recap,iryna,7
recap,arigo,7
recap,warth,7
recap,marjo,7
recap,toung,7
recap,goglr,7
recap,madtv,7
recap,walde,7
recap,dowco,7
recap,gogls,7
recap,pannu,7
recap,erful,7
recap,woese,7
recap,cmavo,7
recap,tabun,7
recap,todds,7
recap,whatz,7
recap,oogel,7
recap,spick,7
recap,golgl,7
recap,gogll,7
recap,gglle,7
recap,sqlca,7
recap,tsuru,7
recap,aqdas,7
recap,paree,7
recap,arghh,7
recap,afael,7
recap,maaco,7
recap,insch,7
recap,frack,7
recap,hmiel,7
recap,gonen,7
recap,undeb,7
recap,earli,7
recap,drash,7
recap,galex,7
recap,zollo,7
recap,abbes,7
recap,conni,7
recap,gorls,7
recap,pakes,7
recap,stada,7
recap,inpex,7
recap,etive,7
recap,schug,7
recap,farra,7
recap,awang,7
recap,graha,7
recap,carec,7
recap,imide,7
recap,sagwa,7
recap,ariwa,7
recap,abkco,7
recap,stuph,7
recap,foldr,7
recap,nones,7
recap,pante,7
recap,otels,7
recap,crago,7
recap,toben,7
recap,mopti,7
recap,erkel,7
recap,konda,7
recap,amido,7
recap,biwis,7
recap,zkhuh,7
recap,zarqa,7
recap,frell,7
recap,wafec,7
recap,panek,7
recap,moyra,7
recap,gappa,7
recap,fasth,7
recap,shiso,7
recap,dayva,7
recap,orate,7
recap,mabus,7
recap,hasna,7
recap,satre,7
recap,hakea,7
recap,imiss,7
recap,ebbro,7
recap,mturk,7
recap,toigo,7
recap,folli,7
recap,deray,7
recap,graue,7
recap,haluk,7
recap,natel,7
recap,hahne,7
recap,sathe,7
recap,salwa,7
recap,loksa,7
recap,usuhs,7
recap,maish,7
recap,triva,7
recap,ncvhs,7
recap,adham,7
recap,dants,7
recap,sneem,7
recap,mnths,7
recap,theca,7
recap,yuppy,7
recap,solla,7
recap,ifreq,7
recap,aggcc,7
recap,canel,7
recap,zaner,7
recap,thede,7
recap,mpeye,7
recap,katka,7
recap,kaija,7
recap,metam,7
recap,cobbe,7
recap,moltz,7
recap,kcalc,7
recap,arrau,9
recap,wykes,7
recap,coene,7
recap,scarr,7
recap,maili,7
recap,arush,7
recap,sween,7
recap,eftsu,7
recap,chini,7
recap,prisk,7
recap,maver,7
recap,abfab,7
recap,mythe,7
recap,jolum,7
recap,hoepa,7
recap,intvs,7
recap,prill,7
recap,dougl,7
recap,adulr,7
recap,chalo,7
recap,calva,7
recap,kopec,7
recap,iaapa,7
recap,totta,7
recap,maxpc,7
recap,koele,7
recap,chups,7
recap,grewe,7
recap,eolss,7
recap,dorji,7
recap,tkach,7
recap,dmiss,7
recap,acheh,7
recap,wanks,7
recap,ajayi,7
recap,songo,7
recap,theus,7
recap,londa,7
recap,etate,7
recap,fwire,7
recap,nylex,7
recap,sesay,7
recap,issei,7
recap,johna,7
recap,worts,7
recap,stlye,7
recap,stann,7
recap,mynci,7
recap,dalco,7
recap,shapr,7
recap,antho,7
recap,sedam,7
recap,nafcu,7
recap,sebab,7
recap,tayeb,7
recap,panch,7
recap,itsmf,7
recap,anark,7
recap,tcrpr,7
recap,acera,7
recap,zrank,7
recap,tcbpr,7
recap,scbwi,7
recap,iweto,7
recap,maino,7
recap,cader,7
recap,gopel,7
recap,jafri,7
recap,andas,9
recap,gokul,7
recap,owasa,7
recap,abebe,7
recap,empts,7
recap,lavra,7
recap,lanse,7
recap,pregn,7
recap,zetas,7
recap,acini,7
recap,kmidi,7
recap,treng,7
recap,kargs,7
recap,assns,7
recap,morss,7
recap,chani,7
recap,cytes,7
recap,neeed,7
recap,chata,7
recap,htels,7
recap,malwa,7
recap,tabuk,7
recap,hasps,7
recap,imenu,7
recap,lykes,7
recap,jaque,7
recap,sonex,7
recap,usebb,7
recap,solde,7
recap,jenas,7
recap,garys,7
recap,howel,7
recap,nreca,7
recap,kaena,7
recap,fetac,7
recap,axler,7
recap,laspi,7
recap,shaku,7
recap,qalys,7
recap,allso,7
recap,noder,7
recap,irini,7
recap,prate,7
recap,ubyte,7
recap,frate,7
recap,lordz,7
recap,khara,7
recap,gonne,7
recap,shida,7
recap,toano,7
recap,koach,7
recap,knish,7
recap,schls,7
recap,hokus,7
recap,phylo,7
recap,moxee,7
recap,katyn,7
recap,asdex,7
recap,mairs,7
recap,spbbc,7
recap,mkapa,7
recap,amach,7
recap,sarpn,7
recap,waide,7
recap,aniel,7
recap,fcpga,7
recap,wordz,7
recap,tsubi,7
recap,imine,7
recap,attri,7
recap,ibher,7
recap,appls,7
recap,sadri,7
recap,krenz,7
recap,lollo,7
recap,traks,7
recap,orida,7
recap,laxer,7
recap,nbits,7
recap,korla,7
recap,skulk,7
recap,wonde,7
recap,allre,7
recap,halth,7
recap,ibank,7
recap,waipa,7
recap,prefi,7
recap,drach,7
recap,eryri,7
recap,nanus,7
recap,extfs,7
recap,ihrsa,7
recap,smatv,7
recap,chero,7
recap,aimag,9
recap,treck,7
recap,snuba,7
recap,nguni,7
recap,hader,7
recap,otari,7
recap,toyko,7
recap,itedo,7
recap,maneb,7
recap,ssrna,7
recap,ngata,7
recap,zowel,7
recap,farel,7
recap,manha,7
recap,nfile,7
recap,schem,7
recap,foule,7
recap,nonda,7
recap,tonna,7
recap,lxxxv,7
recap,confg,7
recap,monga,7
recap,dbdpg,7
recap,chees,7
recap,jante,7
recap,matth,7
recap,enfsi,7
recap,churg,7
recap,snews,7
recap,strng,7
recap,danja,7
recap,taigh,7
recap,cadle,7
recap,edale,7
recap,targu,7
recap,ebill,7
recap,extre,7
recap,netac,7
recap,sonra,7
recap,sopho,7
recap,colls,7
recap,lcall,7
recap,pargo,7
recap,sarde,7
recap,motti,7
recap,asari,7
recap,adhes,7
recap,udipi,7
recap,faine,7
recap,inegi,7
recap,trica,7
recap,artek,7
recap,ibetx,7
recap,oving,7
recap,patco,7
recap,ukuug,7
recap,torgo,7
recap,uspta,7
recap,phuck,7
recap,skinn,7
recap,atrax,8
recap,qarch,7
recap,arann,7
recap,nsefu,7
recap,eting,7
recap,asger,7
recap,jansz,7
recap,honer,7
recap,assts,7
recap,drage,7
recap,prisa,7
recap,sivin,7
recap,sapsa,7
recap,taebo,7
recap,paich,7
recap,worli,7
recap,notel,7
recap,aadac,9
recap,karki,7
recap,esada,7
recap,agren,7
recap,faruq,7
recap,falch,7
recap,caaws,7
recap,schum,7
recap,cmpro,7
recap,faryl,7
recap,simig,7
recap,grank,7
recap,pilin,7
recap,carns,7
recap,phala,7
recap,itune,7
recap,angua,7
recap,arraf,9
recap,garve,7
recap,fclug,7
recap,ibach,7
recap,creec,7
recap,driss,7
recap,cgggg,7
recap,nyaya,7
recap,wcpss,7
recap,palus,7
recap,atene,7
recap,hoffs,7
recap,druse,7
recap,mcree,7
recap,ethne,7
recap,shibe,7
recap,naiko,7
recap,ippnw,7
recap,gabes,7
recap,movpe,7
recap,tmpqk,7
recap,pappu,7
recap,ncidq,7
recap,obner,7
recap,avada,7
recap,shugo,7
recap,louca,7
recap,wwwvw,7
recap,erven,7
recap,laars,7
recap,tsena,7
recap,lwjgl,7
recap,chise,7
recap,akula,7
recap,kniss,7
recap,wwwva,7
recap,lathi,7
recap,aclug,7
recap,zynex,7
recap,skarn,7
recap,gnvqs,7
recap,asaka,7
recap,mattr,7
recap,kalee,7
recap,chich,7
recap,manen,7
recap,unrra,7
recap,zafer,7
recap,meeee,9
recap,noryl,7
recap,fordi,7
recap,papke,7
recap,krich,7
recap,shunk,7
recap,canku,7
recap,gaile,7
recap,antee,7
recap,gresh,7
recap,evjen,7
recap,souda,7
recap,issns,7
recap,enden,7
recap,majel,7
recap,snick,7
recap,hollo,7
recap,worng,7
recap,abeer,7
recap,emiel,7
recap,preti,7
recap,abili,7
recap,gwasg,7
recap,entec,7
recap,gwave,7
recap,poppi,7
recap,kolka,7
recap,casue,7
recap,maerz,7
recap,lvars,7
recap,inesc,7
recap,krabs,7
recap,mtink,7
recap,coree,7
recap,fyans,7
recap,amtec,7
recap,maves,7
recap,aafco,7
recap,astex,7
recap,gmpcs,7
recap,asina,7
recap,zadro,7
recap,msite,7
recap,gming,7
recap,presl,7
recap,ljpeg,7
recap,manya,7
recap,pcntr,7
recap,acabo,7
recap,kando,7
recap,ohtel,7
recap,davej,7
recap,shehu,7
recap,addys,7
recap,theys,7
recap,nvsvc,7
recap,prien,7
recap,usera,7
recap,tandi,7
recap,crays,7
recap,jarke,7
recap,ekiga,7
recap,ccacc,7
recap,caige,7
recap,amper,7
recap,thunb,7
recap,nandu,7
recap,gards,7
recap,markh,7
recap,magri,7
recap,separ,7
recap,pesah,7
recap,kranj,7
recap,lnapl,7
recap,dwsei,7
recap,wonna,7
recap,wango,7
recap,saite,7
recap,jough,7
recap,dafka,7
recap,arnau,9
recap,paans,7
recap,phpex,7
recap,ahmar,9
recap,frane,7
recap,idivi,7
recap,loade,7
recap,agram,9
recap,cimic,7
recap,atnam,9
recap,kdisc,7
recap,jotti,7
recap,mapcs,7
recap,mbeya,7
recap,mknbi,7
recap,gtgcc,7
recap,kaywa,7
recap,malto,7
recap,jasta,7
recap,mpire,7
recap,skete,7
recap,tanel,7
recap,tribo,7
recap,fqhcs,7
recap,obara,7
recap,krech,7
recap,dohrn,7
recap,tclcl,7
recap,londe,7
recap,faull,7
recap,sfile,7
recap,thuds,7
recap,partz,7
recap,eppes,7
recap,skipl,7
recap,atala,7
recap,ondeo,7
recap,cvicu,7
recap,adisa,7
recap,swigs,7
recap,tyack,7
recap,carti,7
recap,hmera,7
recap,utree,7
recap,aspex,7
recap,wdata,7
recap,tryck,7
recap,kesar,7
recap,matcn,7
recap,fcall,7
recap,laina,7
recap,korum,7
recap,uview,7
recap,latke,7
recap,lykke,7
recap,ssbbw,7
recap,laeto,7
recap,koyuk,7
recap,icash,7
recap,chidi,7
recap,coila,7
recap,odigo,7
recap,edwse,7
recap,larke,7
recap,talyn,7
recap,gyrfa,7
recap,eolex,7
recap,eader,7
recap,goffs,7
recap,carys,7
recap,goans,7
recap,dtree,7
recap,aftco,7
recap,msdtc,7
recap,gager,7
recap,gatun,7
recap,dawgz,7
recap,espec,7
recap,agfeo,7
recap,kadel,7
recap,corbo,7
recap,nahro,7
recap,trien,7
recap,codek,7
recap,asunc,7
recap,noank,7
recap,haker,7
recap,gggcg,7
recap,islds,7
recap,coper,7
recap,kalli,7
recap,pkgrm,7
recap,taura,7
recap,lotro,7
recap,sdkfz,7
recap,erule,7
recap,inuse,7
recap,parve,7
recap,cadca,7
recap,aneth,7
recap,lpits,7
recap,gabbs,7
recap,maiti,7
recap,hibis,7
recap,chanc,7
recap,layna,7
recap,dmacc,7
recap,ayyub,7
recap,haena,7
recap,taire,7
recap,mdtrk,7
recap,kopje,7
recap,urrea,7
recap,tribs,7
recap,arbab,7
recap,pardi,7
recap,drava,7
recap,inteq,7
recap,efsec,7
recap,garko,7
recap,mpicc,7
recap,phats,7
recap,pmprb,7
recap,psili,7
recap,efree,7
recap,ofits,7
recap,apaci,7
recap,mimir,7
recap,gorum,7
recap,fattr,7
recap,nibib,7
recap,foure,7
recap,jobek,7
recap,ubeda,7
recap,wanke,7
recap,thatn,7
recap,pdhpe,7
recap,hatsu,7
recap,songe,7
recap,njics,7
recap,lauke,7
recap,xclef,7
recap,eneva,7
recap,mapks,7
recap,lmrda,7
recap,ajmal,9
recap,aayla,7
recap,warsh,7
recap,znale,7
recap,imper,7
recap,preco,7
recap,pyres,7
recap,mpasm,7
recap,embro,7
recap,sorgi,7
recap,mapkk,7
recap,kathu,7
recap,gades,7
recap,iseki,7
recap,anqqa,7
recap,waipu,7
recap,unitl,7
recap,idabc,7
recap,joani,7
recap,chito,7
recap,ohler,7
recap,spani,7
recap,hofel,7
recap,apium,7
recap,uotel,7
recap,ssees,7
recap,fabel,7
recap,molca,7
recap,dargo,7
recap,ondra,7
recap,matls,7
recap,norvo,7
recap,morva,7
recap,cfstr,7
recap,hotsl,7
recap,garba,7
recap,hotdl,7
recap,osdbu,7
recap,malfi,7
recap,hosoi,7
recap,ccusa,7
recap,ading,7
recap,thebe,7
recap,lyana,7
recap,hrtem,7
recap,whata,7
recap,tarla,7
recap,afifi,7
recap,krijg,7
recap,okara,7
recap,myres,7
recap,kplug,7
recap,cayto,7
recap,vetar,7
recap,naden,7
recap,kafer,7
recap,ccnso,7
recap,andri,7
recap,jogja,7
recap,thecb,7
recap,kohda,7
recap,sedat,7
recap,krise,7
recap,anmal,9
recap,makua,7
recap,nsrcg,7
recap,conda,7
recap,pongi,7
recap,igjen,7
recap,hktel,7
recap,skitz,7
recap,nsduh,7
recap,apuls,7
recap,thata,7
recap,hoteo,7
recap,jable,7
recap,ativo,7
recap,shahr,7
recap,mmics,7
recap,serax,7
recap,inula,7
recap,usweb,7
recap,naila,7
recap,palli,7
recap,amflo,7
recap,scbus,7
recap,efate,7
recap,sirin,7
recap,waitz,7
recap,janni,7
recap,porrn,7
recap,korba,7
recap,afdcb,7
recap,naveh,7
recap,arges,7
recap,esrch,7
recap,kogen,7
recap,ogino,7
recap,iattc,7
recap,zsinj,7
recap,mortg,7
recap,csula,7
recap,moich,7
recap,halfe,7
recap,najwa,7
recap,dague,7
recap,tofts,7
recap,whick,7
recap,douds,7
recap,freja,7
recap,skuse,7
recap,friss,7
recap,falvo,7
recap,ohren,7
recap,drugi,7
recap,sandu,7
recap,ckers,7
recap,frati,7
recap,ojays,7
recap,bilin,7
recap,kalye,7
recap,tragi,7
recap,halfs,7
recap,dtivo,7
recap,caddr,7
recap,zweck,7
recap,foree,7
recap,msida,7
recap,eshel,7
recap,unang,7
recap,saldo,7
recap,dntel,7
recap,lones,7
recap,zanex,7
recap,xrdef,7
recap,spens,7
recap,ntsec,7
recap,aniwa,7
recap,laghi,7
recap,tasti,7
recap,penan,8
recap,iders,7
recap,prahl,7
recap,loicz,7
recap,spyri,7
recap,infso,7
recap,noyer,7
recap,acher,7
recap,expts,7
recap,satra,7
recap,stefi,7
recap,toatl,7
recap,molte,7
recap,theli,7
recap,hoels,7
recap,ecbca,7
recap,sanji,7
recap,hejaz,7
recap,mypda,7
recap,cheks,7
recap,evuln,7
recap,laleh,7
recap,phaco,7
recap,motts,7
recap,artba,7
recap,kotra,7
recap,pdsch,7
recap,ikkyu,7
recap,drewe,7
recap,ahlen,7
recap,zerah,7
recap,akush,7
recap,mrics,7
recap,aridi,7
recap,ahepa,7
recap,todes,7
recap,avins,7
recap,lanne,7
recap,andyb,7
recap,salei,7
recap,pheng,7
recap,sanko,7
recap,forbo,7
recap,sarka,7
recap,freew,7
recap,katta,7
recap,preus,7
recap,tardi,7
recap,dyana,7
recap,ccdbg,7
recap,thnkz,7
recap,moggs,7
recap,itaca,7
recap,umano,7
recap,iaasb,7
recap,hapus,7
recap,hepat,7
recap,ungle,7
recap,oardc,7
recap,achds,7
recap,chesa,7
recap,sswug,7
recap,kaleo,7
recap,gorgo,7
recap,darte,7
recap,dotto,7
recap,stach,7
recap,gretz,7
recap,wanli,7
recap,nodyn,7
recap,iwvpa,7
recap,dalli,7
recap,cduce,7
recap,caddx,7
recap,hovde,7
recap,motru,7
recap,jeram,7
recap,wkhuh,7
recap,easer,7
recap,asign,7
recap,edinb,7
recap,cpdlc,7
recap,hauri,7
recap,kassi,7
recap,pcscd,7
recap,saupe,7
recap,moneo,7
recap,notez,7
recap,donum,7
recap,kousa,7
recap,zabul,7
recap,milic,7
recap,johnr,7
recap,pkill,7
recap,nasso,7
recap,execv,7
recap,ephel,7
recap,mayte,7
recap,dweck,7
recap,tabls,7
recap,atiku,7
recap,towyn,7
recap,katch,7
recap,hrule,7
recap,aaahh,7
recap,hailo,7
recap,nobex,7
recap,augat,7
recap,stahr,7
recap,molka,7
recap,schen,7
recap,ecsta,7
recap,magro,7
recap,copys,7
recap,ictus,7
recap,dphhs,7
recap,drigs,7
recap,kneen,7
recap,monke,7
recap,molts,7
recap,menam,7
recap,chugh,7
recap,tpdus,7
recap,cdrps,7
recap,manje,7
recap,eckes,7
recap,edyta,7
recap,danys,7
recap,karuk,7
recap,ampus,7
recap,foege,7
recap,fouth,7
recap,dorte,7
recap,gnugk,7
recap,skeel,7
recap,predi,7
recap,angad,9
recap,churl,7
recap,mbale,7
recap,fobes,7
recap,speen,7
recap,karyo,7
recap,lajes,7
recap,jasno,7
recap,mdata,7
recap,sance,7
recap,optum,7
recap,tajhs,7
recap,shina,7
recap,erden,7
recap,tyabb,7
recap,soble,7
recap,walco,7
recap,trykk,7
recap,fcrps,7
recap,onics,7
recap,dasco,7
recap,ekiti,7
recap,aneel,7
recap,hanka,7
recap,thaba,7
recap,pdgfr,7
recap,magdi,7
recap,heeey,8
recap,taylo,7
recap,cmeva,7
recap,abiel,7
recap,srate,7
recap,soire,7
recap,swedo,7
recap,coati,7
recap,hoegh,7
recap,aaasc,7
recap,tolna,7
recap,itano,7
recap,kajsa,7
recap,otehr,7
recap,pgweb,7
recap,spads,7
recap,hogge,7
recap,tonti,7
recap,nanbu,7
recap,saben,7
recap,hynds,7
recap,bivio,7
recap,arwel,7
recap,talbe,7
recap,coher,7
recap,prier,7
recap,davek,7
recap,smyer,7
recap,freeq,7
recap,daudi,7
recap,oevau,7
recap,vivia,7
recap,isscc,7
recap,akten,7
recap,saiva,7
recap,coppo,7
recap,porna,7
recap,myagi,7
recap,johnw,7
recap,zaius,7
recap,poire,7
recap,sygna,7
recap,pacal,7
recap,davew,7
recap,gcgga,7
recap,iseli,7
recap,coerr,7
recap,nlscy,7
recap,cheli,7
recap,tanpa,7
recap,walts,7
recap,jcrew,7
recap,eclub,7
recap,natti,7
recap,streb,7
recap,isfsi,7
recap,ecdsa,7
recap,opics,7
recap,dbang,7
recap,nctta,7
recap,filio,7
recap,laune,7
recap,doree,7
recap,svara,7
recap,folco,7
recap,krang,7
recap,jaybe,7
recap,morck,7
recap,fdgcx,7
recap,sover,7
recap,exprs,7
recap,prerm,7
recap,trino,7
recap,spise,7
recap,talya,7
recap,wwweb,7
recap,aveni,7
recap,shito,7
recap,nswlr,7
recap,darco,7
recap,ehehe,7
recap,tahki,7
recap,jayjg,7
recap,ncase,7
recap,truls,7
recap,gryce,7
recap,shada,7
recap,typee,7
recap,amahl,7
recap,chare,7
recap,nimis,7
recap,noxpm,7
recap,eties,7
recap,drese,7
recap,lapua,7
recap,awave,7
recap,dokdo,7
recap,utech,7
recap,goyen,7
recap,karno,7
recap,intes,7
recap,unbsj,7
recap,tches,7
recap,nayer,7
recap,phers,7
recap,mthca,7
recap,mohri,7
recap,desam,7
recap,warta,7
recap,trefn,7
recap,tbars,7
recap,marse,7
recap,kolda,7
recap,treni,7
recap,scuro,7
recap,usrds,7
recap,swara,7
recap,arado,7
recap,mateu,7
recap,tritc,7
recap,pajer,7
recap,thaci,7
recap,hailu,7
recap,qdate,7
recap,shika,7
recap,lauth,7
recap,scwrl,7
recap,ustda,7
recap,polus,7
recap,crisi,7
recap,saifi,7
recap,ambur,7
recap,erssa,7
recap,chack,7
recap,abrar,9
recap,fayth,7
recap,ivalo,7
recap,hewat,7
recap,zaugg,7
recap,nyang,7
recap,datca,7
recap,hoenn,7
recap,chade,7
recap,nbtel,7
recap,evapo,7
recap,hardc,7
recap,laven,7
recap,deram,7
recap,fango,7
recap,adude,7
recap,offce,7
recap,orgun,7
recap,engli,7
recap,shuri,7
recap,kripa,7
recap,asaba,7
recap,atall,7
recap,saple,7
recap,falda,7
recap,wagyu,7
recap,ifree,7
recap,swang,7
recap,aduva,7
recap,abida,7
recap,orthe,7
recap,garro,7
recap,etips,7
recap,ecacc,7
recap,afula,7
recap,ektro,7
recap,astho,7
recap,coare,7
recap,godes,7
recap,candl,7
recap,timin,7
recap,kbprb,7
recap,inlen,7
recap,laths,7
recap,anini,7
recap,paker,7
recap,qtica,7
recap,painu,7
recap,mical,7
recap,saffo,7
recap,farda,7
recap,freyr,7
recap,garbi,7
recap,statz,7
recap,narue,7
recap,torys,7
recap,fauth,7
recap,chrun,7
recap,oshrc,7
recap,yibin,7
recap,waleg,7
recap,shung,7
recap,dfsms,7
recap,shads,7
recap,toine,7
recap,sonna,7
recap,pover,7
recap,mfish,7
recap,chuva,7
recap,spach,7
recap,phule,7
recap,igrls,7
recap,jaleo,7
recap,nfbsk,7
recap,loges,7
recap,jansa,7
recap,jorde,7
recap,ubvri,7
recap,daveo,7
recap,prece,7
recap,hassi,7
recap,worle,7
recap,esaki,7
recap,koito,7
recap,ameno,7
recap,honen,7
recap,delar,7
recap,taibu,7
recap,knape,7
recap,injur,7
recap,seiad,7
recap,apryl,7
recap,laiki,7
recap,khuri,7
recap,popeo,7
recap,pasek,7
recap,cthrb,7
recap,dfree,7
recap,hoyne,7
recap,idesk,7
recap,hkscs,7
recap,kaira,7
recap,fhlbb,7
recap,twiga,7
recap,daveg,7
recap,otxxx,7
recap,kalua,7
recap,towse,7
recap,urata,7
recap,wausa,7
recap,dback,7
recap,mplex,7
recap,fbeye,7
recap,aonbs,7
recap,tawni,7
recap,trich,7
recap,nassa,7
recap,iness,7
recap,sadeq,7
recap,hoanh,7
recap,andto,7
recap,tikis,7
recap,avinu,7
recap,wauna,7
recap,lappi,7
recap,udebs,7
recap,scato,7
recap,lytte,7
recap,isacs,7
recap,godde,7
recap,eqnwn,7
recap,synta,7
recap,katri,7
recap,akena,7
recap,enthu,7
recap,hgeth,7
recap,asara,7
recap,ength,7
recap,fedak,7
recap,kbbug,7
recap,iagra,7
recap,haiko,7
recap,doyne,7
recap,schub,7
recap,afeni,7
recap,chepa,7
recap,qfile,7
recap,doina,7
recap,mybus,7
recap,tolra,7
recap,coler,7
recap,hawse,7
recap,kpers,7
recap,orise,7
recap,icgeb,7
recap,okgen,7
recap,inade,7
recap,hvala,7
recap,janee,7
recap,ivdgl,7
recap,kaeng,7
recap,speea,7
recap,jahns,7
recap,fanci,7
recap,nahua,7
recap,lynco,7
recap,thida,7
recap,natya,7
recap,jhane,7
recap,kterm,7
recap,kimia,7
recap,trixi,7
recap,coupl,7
recap,asako,7
recap,nwrel,7
recap,jpnyc,7
recap,corec,7
recap,cadco,7
recap,hovea,7
recap,endel,7
recap,ifsta,7
recap,atter,7
recap,marwi,7
recap,crile,7
recap,ushga,7
recap,tonex,7
recap,datek,7
recap,faren,7
recap,stres,7
recap,scara,7
recap,sanjo,7
recap,iding,7
recap,fater,7
recap,timis,7
recap,grava,7
recap,afile,7
recap,cdate,7
recap,salga,7
recap,paino,7
recap,isaps,7
recap,doges,7
recap,magga,7
recap,dyker,7
recap,capta,7
recap,darbo,7
recap,chiew,7
recap,hrung,7
recap,ofari,7
recap,iraqs,7
recap,tahle,7
recap,ishte,7
recap,shiek,7
recap,bejan,7
recap,cnrfc,7
recap,mvpds,7
recap,nbins,7
recap,esnug,7
recap,ccgcc,7
recap,wheda,7
recap,ptsch,7
recap,koryu,7
recap,sassa,7
recap,aimar,9
recap,wewak,7
recap,coads,7
recap,ponch,7
recap,stube,7
recap,patea,7
recap,daube,7
recap,pokus,7
recap,edili,7
recap,twinz,7
recap,corpl,7
recap,katee,7
recap,lohri,7
recap,dbacl,7
recap,omarr,7
recap,nauck,7
recap,tsala,7
recap,tanji,7
recap,uninc,7
recap,taith,7
recap,anara,7
recap,lwres,7
recap,mattc,7
recap,argun,7
recap,egawa,7
recap,swges,7
recap,ittee,7
recap,ksysv,7
recap,spilo,7
recap,tarsi,7
recap,arisa,7
recap,poage,7
recap,datto,7
recap,oprea,7
recap,sebag,7
recap,sarel,7
recap,aniko,7
recap,solux,7
recap,marda,7
recap,aksar,9
recap,maddi,7
recap,naini,7
recap,fajne,7
recap,saila,7
recap,gaute,7
recap,gdbtk,7
recap,jabre,7
recap,gavle,7
recap,chido,7
recap,avars,7
recap,mchem,7
recap,harre,7
recap,soine,7
recap,adeel,7
recap,kpaul,7
recap,karra,7
recap,snuka,7
recap,acmax,8
recap,sanso,7
recap,darge,7
recap,coudl,7
recap,phlex,7
recap,aptus,7
recap,zoysa,7
recap,gaden,7
recap,dragn,7
recap,jonne,7
recap,adjei,7
recap,amdex,7
recap,laslo,7
recap,owski,7
recap,flstf,7
recap,goltv,7
recap,adden,7
recap,janua,7
recap,walli,7
recap,korjo,7
recap,koinh,7
recap,mongu,7
recap,ianno,7
recap,foutz,7
recap,dxers,7
recap,besan,8
recap,atiya,7
recap,ayeka,7
recap,etpro,7
recap,lopsa,7
recap,ganun,7
recap,uspsa,7
recap,carpc,7
recap,lovee,7
recap,kovno,7
recap,caspa,7
recap,ljudi,7
recap,hoeve,7
recap,kolls,7
recap,friso,7
recap,otake,7
recap,ikuta,7
recap,gyres,7
recap,mmake,7
recap,tsuno,7
recap,scieh,7
recap,egpcs,7
recap,tsble,7
recap,askes,7
recap,tchrs,7
recap,aalbc,7
recap,starn,7
recap,goooo,7
recap,dharm,7
recap,afepl,7
recap,uneca,7
recap,bitin,7
recap,styer,7
recap,lhwca,7
recap,hopen,7
recap,whurr,7
recap,satcu,7
recap,eatcs,7
recap,ntsug,7
recap,tbale,7
recap,laiho,7
recap,zorki,7
recap,prpsc,7
recap,parki,7
recap,ahafo,7
recap,thika,7
recap,arato,7
recap,hypro,7
recap,iansa,7
recap,bikii,7
recap,touya,7
recap,stede,7
recap,stege,7
recap,irans,7
recap,faser,7
recap,hagge,7
recap,scuti,7
recap,colva,7
recap,overa,7
recap,mceer,7
recap,cmpsc,7
recap,nabel,7
recap,atble,7
recap,mahna,7
recap,whate,7
recap,ggtgg,7
recap,havde,7
recap,atago,7
recap,trues,7
recap,kheda,7
recap,lsten,7
recap,ohira,7
recap,aretz,7
recap,chera,7
recap,knuts,7
recap,khuda,7
recap,wolfi,7
recap,torti,7
recap,tablw,7
recap,saiya,7
recap,dolni,7
recap,pelas,7
recap,boooo,8
recap,grasa,7
recap,iplen,7
recap,hytec,7
recap,salco,7
recap,htpcs,7
recap,zolli,7
recap,houts,7
recap,syles,7
recap,akara,7
recap,amben,7
recap,tggcg,7
recap,sqush,7
recap,joens,7
recap,haise,7
recap,gerar,7
recap,acics,7
recap,taeko,7
recap,abedi,7
recap,kwasi,7
recap,stitz,7
recap,lango,7
recap,hotfm,7
recap,tablr,7
recap,apana,7
recap,addco,7
recap,odern,7
recap,etaps,7
recap,jarel,7
recap,ponro,7
recap,parei,7
recap,iflux,7
recap,tanle,7
recap,dabcc,7
recap,nrtee,7
recap,mblem,7
recap,ctgcg,7
recap,onkel,7
recap,soken,7
recap,morya,7
recap,prack,7
recap,tavle,7
recap,shibu,7
recap,caips,7
recap,onaka,7
recap,toiba,7
recap,sdsdm,7
recap,gangi,7
recap,lxxvi,7
recap,giris,7
recap,fcitx,7
recap,fasso,7
recap,csndc,7
recap,pakse,7
recap,soini,7
recap,ncppc,7
recap,presc,7
recap,akino,7
recap,sssca,7
recap,kaifi,7
recap,sapte,7
recap,odets,7
recap,dimin,7
recap,lokta,7
recap,gfree,7
recap,tmrna,7
recap,scheu,7
recap,trefl,7
recap,tyana,7
recap,attgg,7
recap,calco,7
recap,edacs,7
recap,starc,7
recap,narni,7
recap,nsarm,7
recap,palka,7
recap,wayte,7
recap,naeve,7
recap,physx,7
recap,ptwsh,7
recap,lopen,7
recap,verax,7
recap,ikusa,7
recap,pable,7
recap,jwltv,7
recap,kokki,7
recap,wabco,7
recap,tqble,7
recap,cemac,7
recap,dvder,7
recap,dpdch,7
recap,usnrc,7
recap,emera,7
recap,panni,7
recap,cilis,7
recap,pfree,7
recap,fsnfl,7
recap,talca,7
recap,spyke,7
recap,cretu,7
recap,espna,7
recap,ipage,7
recap,kaska,7
recap,holum,7
recap,sarlo,7
recap,isaku,7
recap,uyeda,7
recap,dtach,7
recap,scism,7
recap,gaetz,7
recap,skira,7
recap,marce,7
recap,manea,7
recap,foxen,7
recap,abnam,9
recap,mbufs,7
recap,doall,7
recap,coner,7
recap,khaya,7
recap,okien,7
recap,kaipa,7
recap,ardec,7
recap,forem,7
recap,naryn,7
recap,forss,7
recap,krutz,7
recap,pbsxd,7
recap,matho,7
recap,tavla,7
recap,panth,7
recap,omics,7
recap,qader,7
recap,cyrtv,7
recap,cnnlm,7
recap,artfl,7
recap,ldquo,7
recap,paulc,7
recap,dgugs,7
recap,jafco,7
recap,kstuk,7
recap,hapur,7
recap,amdes,7
recap,anila,7
recap,pspec,7
recap,larbi,7
recap,lause,7
recap,otsxx,7
recap,amdur,7
recap,kmess,7
recap,panno,7
recap,manja,7
recap,saico,7
recap,nfirs,7
recap,montz,7
recap,sctbn,7
recap,chnli,7
recap,twble,7
recap,gweru,7
recap,freec,7
recap,harti,7
recap,ashra,7
recap,fracs,7
recap,avrum,7
recap,omall,7
recap,taksi,7
recap,sarun,7
recap,frvch,7
recap,narfe,7
recap,thiem,7
recap,spack,7
recap,thinh,7
recap,atila,7
recap,fwdlk,7
recap,swrda,7
recap,egina,7
recap,kalyx,7
recap,zatte,7
recap,sonho,7
recap,lynnm,7
recap,ayyam,9
recap,spata,7
recap,saule,7
recap,nrens,7
recap,lttle,7
recap,kriel,7
recap,jfree,7
recap,nvivo,7
recap,ofili,7
recap,takla,7
recap,napwa,7
recap,aasld,7
recap,gargi,7
recap,omena,7
recap,foldl,7
recap,frays,7
recap,asifm,7
recap,urkel,7
recap,toula,7
recap,tabpe,7
recap,abudh,7
recap,aksam,9
recap,adfav,7
recap,ufrgs,7
recap,chuye,7
recap,madra,7
recap,tdrss,7
recap,trakz,7
recap,gotts,7
recap,bijin,7
recap,akuna,7
recap,jasso,7
recap,jotka,7
recap,spywa,7
recap,iwase,7
recap,conts,7
recap,sming,7
recap,anafi,7
recap,eserv,7
recap,gwrra,7
recap,lowri,7
recap,dsign,7
recap,whups,7
recap,nyeri,7
recap,ncdpi,7
recap,njtpa,7
recap,drigg,7
recap,nerad,7
recap,zgeek,7
recap,kauth,7
recap,orlen,7
recap,zshrc,7
recap,statr,7
recap,sakka,7
recap,kaspi,7
recap,daine,7
recap,drefn,7
recap,pnina,7
recap,moggi,7
recap,arrrr,7
recap,freke,7
recap,chiki,7
recap,sslps,7
recap,arati,7
recap,pryer,7
recap,wwtps,7
recap,afips,7
recap,stabn,7
recap,kalei,7
recap,sofya,7
recap,cnetx,7
recap,sdbug,7
recap,ewins,7
recap,nofee,7
recap,ayate,7
recap,gcggc,7
recap,dalem,7
recap,scute,7
recap,najeh,7
recap,cvsps,7
recap,gauch,7
recap,icaro,7
recap,ahzab,7
recap,hoyes,7
recap,thuya,7
recap,owell,7
recap,dokki,7
recap,talkr,7
recap,qvale,7
recap,oggle,7
recap,atuss,7
recap,viair,7
recap,kanne,7
recap,kalco,7
recap,fowke,7
recap,frewe,7
recap,goeke,7
recap,shils,7
recap,markb,7
recap,irlen,7
recap,fayer,7
recap,kaido,7
recap,jajka,7
recap,grens,7
recap,zapco,7
recap,gokyo,7
recap,mmusa,7
recap,edata,7
recap,cadro,7
recap,fastd,7
recap,ofter,7
recap,swers,7
recap,mokum,7
recap,payex,7
recap,kalem,7
recap,prrsv,7
recap,ntdtv,7
recap,kries,7
recap,torra,7
recap,mattu,7
recap,prall,7
recap,wyles,7
recap,sdate,7
recap,kosov,7
recap,shita,7
recap,houtz,7
recap,akker,7
recap,sayce,7
recap,cytyc,7
recap,abeam,9
recap,patsi,7
recap,objrs,7
recap,motds,7
recap,marls,7
recap,frugs,7
recap,lodes,7
recap,karve,7
recap,drugz,7
recap,ayttm,7
recap,aatsr,7
recap,kappe,7
recap,asawa,7
recap,monjo,7
recap,ohhla,7
recap,kahua,7
recap,tolyl,7
recap,frass,7
recap,wxlxh,7
recap,isuka,7
recap,nobes,7
recap,arval,9
recap,ionen,7
recap,taija,7
recap,crill,7
recap,mvdds,7
recap,krave,7
recap,swfsc,7
recap,arnal,9
recap,wooof,7
recap,sweda,7
recap,sharx,7
recap,ayaka,7
recap,idube,7
recap,usbfs,7
recap,jarco,7
recap,opstr,7
recap,arium,7
recap,orach,7
recap,mglur,7
recap,labeo,7
recap,shipe,7
recap,majko,7
recap,katti,7
recap,shifu,7
recap,aqeel,7
recap,magra,7
recap,antea,7
recap,kilic,7
recap,naika,7
recap,doyce,7
recap,warte,7
recap,psers,7
recap,egies,7
recap,saara,7
recap,hetac,7
recap,atsab,7
recap,jouve,7
recap,haner,7
recap,egpws,7
recap,ibejo,7
recap,wtype,7
recap,holbo,7
recap,harua,7
recap,aimal,9
recap,totus,7
recap,sheni,7
recap,titie,7
recap,dvbes,7
recap,tfree,7
recap,ncrna,7
recap,cimis,7
recap,anine,7
recap,spele,7
recap,pmetb,7
recap,mogli,7
recap,antbo,7
recap,hytek,7
recap,kokyu,7
recap,druns,7
recap,skyds,7
recap,grieb,7
recap,daids,7
recap,asuna,7
recap,sweng,7
recap,haith,7
recap,mxico,7
recap,tnpsc,7
recap,palps,7
recap,jatte,7
recap,kalte,7
recap,dasch,7
recap,aarne,7
recap,grega,7
recap,ecrel,7
recap,checo,7
recap,ebang,7
recap,falbo,7
recap,worki,7
recap,axeda,7
recap,phani,7
recap,naacl,7
recap,kragh,7
recap,prede,7
recap,sciex,7
recap,gwang,7
recap,movue,7
recap,fatha,7
recap,houge,7
recap,alsek,7
recap,imuli,7
recap,narch,7
recap,dovre,7
recap,scudo,7
recap,inscr,7
recap,ghigo,7
recap,ivibe,7
recap,goelz,7
recap,abena,7
recap,hapke,7
recap,radyr,7
recap,ariva,7
recap,iapso,7
recap,maeno,7
recap,daith,7
recap,maull,7
recap,ncura,7
recap,ebace,7
recap,faken,7
recap,nrfgc,7
recap,maryb,7
recap,dpnss,7
recap,cnddb,7
recap,actar,9
recap,okaya,7
recap,calda,7
recap,zabka,7
recap,taves,7
recap,taffe,7
recap,itsma,7
recap,edule,7
recap,halti,7
recap,kredi,7
recap,nover,7
recap,useem,7
recap,avrdc,7
recap,monje,7
recap,hhldr,7
recap,sprgs,7
recap,maika,7
recap,ansem,7
recap,warsi,7
recap,mphys,7
recap,svane,7
recap,polke,7
recap,sanni,7
recap,polco,7
recap,idees,7
recap,avweb,7
recap,dabel,7
recap,hanen,7
recap,polhs,7
recap,dpage,7
recap,saijo,7
recap,hrdwr,7
recap,hasui,7
recap,osker,7
recap,adrar,7
recap,ctahr,7
recap,dalyn,7
recap,sfree,7
recap,zwire,7
recap,ebank,7
recap,aotus,7
recap,iters,7
recap,salee,7
recap,grawn,7
recap,iodev,7
recap,doyel,7
recap,fmeca,7
recap,hmake,7
recap,drabs,7
recap,gaita,7
recap,jheka,7
recap,cotte,7
recap,marso,7
recap,ocess,7
recap,ihrli,7
recap,wyder,7
recap,asajj,7
recap,nfdrs,7
recap,achse,7
recap,cksfv,7
recap,cavus,7
recap,gwann,7
recap,notbe,7
recap,emeco,7
recap,druhs,7
recap,inqua,7
recap,iclub,7
recap,mandu,7
recap,smads,7
recap,ganem,7
recap,thurl,7
recap,aytwn,7
recap,taake,7
recap,swlug,7
recap,ikeya,7
recap,drubs,7
recap,pretz,7
recap,shali,7
recap,asato,7
recap,achen,7
recap,knaub,7
recap,adeli,7
recap,loanz,7
recap,soldo,7
recap,ponda,7
recap,avevo,7
recap,amsta,7
recap,shaji,7
recap,untso,7
recap,acreo,7
recap,kavya,7
recap,tassi,7
recap,movke,7
recap,poile,7
recap,satte,7
recap,okdhs,7
recap,istec,7
recap,myiss,7
recap,invdb,7
recap,cresc,7
recap,sagra,7
recap,pming,7
recap,caepr,7
recap,mades,7
recap,maale,7
recap,inish,7
recap,tanne,7
recap,moate,7
recap,synes,7
recap,ayuso,7
recap,sakhi,7
recap,noven,7
recap,trnka,7
recap,asbru,7
recap,whihc,7
recap,ibuki,7
recap,ibill,7
recap,lodha,7
recap,fredk,7
recap,nytro,7
recap,cticc,7
recap,matla,7
recap,kouta,7
recap,fontc,7
recap,imprs,7
recap,arxel,7
recap,kaala,7
recap,darro,7
recap,epabx,7
recap,ianuk,7
recap,forca,7
recap,oyate,7
recap,afars,7
recap,jhene,7
recap,isite,7
recap,threo,7
recap,danum,7
recap,ccass,7
recap,cbgbs,7
recap,solei,7
recap,nyasa,7
recap,thyro,7
recap,sjeng,7
recap,onlus,7
recap,sough,7
recap,gharb,7
recap,waele,7
recap,nolfi,7
recap,unibe,7
recap,smake,7
recap,atera,7
recap,darle,7
recap,wesak,7
recap,hoath,7
recap,toppo,7
recap,ishes,7
recap,itani,7
recap,naida,7
recap,charn,7
recap,edera,7
recap,adeva,7
recap,tofel,7
recap,asbca,7
recap,expro,7
recap,akili,7
recap,talgo,7
recap,aktar,9
recap,cpres,7
recap,cctvs,7
recap,zarek,7
recap,emine,7
recap,coues,7
recap,sshun,7
recap,ortel,7
recap,daele,7
recap,lixit,7
recap,phife,7
recap,toool,7
recap,walko,7
recap,abegg,7
recap,porum,7
recap,adulg,7
recap,akure,7
recap,panja,7
recap,inese,7
recap,grahl,7
recap,mtrcl,7
recap,hixie,7
recap,argen,7
recap,laier,7
recap,ocrwm,7
recap,emigh,7
recap,insys,7
recap,agbar,9
recap,analo,7
recap,crakk,7
recap,ccspa,7
recap,granr,7
recap,majka,7
recap,irixx,7
recap,asppa,7
recap,dmsms,7
recap,cadel,7
recap,shela,7
recap,prynu,7
recap,hogen,7
recap,wbenc,7
recap,nogen,7
recap,pfahl,7
recap,sotck,7
recap,harge,7
recap,tablo,7
recap,garyk,7
recap,tanni,7
recap,fasfa,7
recap,hakki,7
recap,carna,7
recap,okage,7
recap,cftpa,7
recap,markl,7
recap,kiris,7
recap,gyfle,7
recap,natha,7
recap,octra,7
recap,draps,7
recap,tvlug,7
recap,ionel,7
recap,kabwe,7
recap,golva,7
recap,iriki,7
recap,jolen,7
recap,chega,7
recap,qanda,7
recap,tatem,7
recap,kyrre,7
recap,alsey,7
recap,upaya,7
recap,gagcg,7
recap,ciais,7
recap,aktau,9
recap,jahrb,7
recap,wfuna,7
recap,majda,7
recap,hohne,7
recap,ramar,7
recap,abexo,7
recap,unadj,7
recap,haino,7
recap,fytek,7
recap,ppars,7
recap,ntpdc,7
recap,intur,7
recap,navwr,7
recap,nceca,7
recap,moddb,7
recap,chala,7
recap,polks,7
recap,uslec,7
recap,addax,7
recap,martn,7
recap,aseem,7
recap,osyth,7
recap,hstem,7
recap,evalm,7
recap,epscs,7
recap,epubs,7
recap,ncaer,7
recap,psara,7
recap,gotee,7
recap,sturk,7
recap,sheck,7
recap,kaiho,7
recap,ikuko,7
recap,triss,7
recap,ihpva,7
recap,sadun,7
recap,tynnu,7
recap,dhaba,7
recap,watec,7
recap,awada,7
recap,catre,7
recap,cprgs,7
recap,ocing,7
recap,odier,7
recap,aahhh,7
recap,podur,7
recap,esten,7
recap,icidh,7
recap,embee,7
recap,ucker,7
recap,latur,7
recap,epeck,7
recap,parku,7
recap,oifig,7
recap,avier,7
recap,gayda,7
recap,morrl,7
recap,opaca,7
recap,ctrlr,7
recap,thero,7
recap,swreg,7
recap,gaida,7
recap,eates,7
recap,mcash,7
recap,dding,7
recap,torke,7
recap,zoila,7
recap,navle,7
recap,unace,7
recap,orafi,7
recap,abien,7
recap,imsdb,7
recap,eaven,7
recap,knerr,7
recap,taqqu,7
recap,mapps,7
recap,granc,7
recap,aimai,9
recap,aryel,7
recap,lapps,7
recap,couts,7
recap,roehr,7
recap,fasch,7
recap,gkrls,7
recap,actec,7
recap,prinn,7
recap,laius,7
recap,sbics,7
recap,onega,7
recap,kainz,7
recap,ipsps,7
recap,usura,7
recap,urbes,7
recap,msadc,7
recap,cpunk,7
recap,sohum,7
recap,chano,7
recap,sheel,7
recap,kokee,7
recap,emens,7
recap,isale,7
recap,kotch,7
recap,aniem,7
recap,sterl,7
recap,gaerc,7
recap,kantz,7
recap,igier,7
recap,mauel,7
recap,antwi,7
recap,pwyll,7
recap,mskcc,7
recap,mrben,7
recap,gggca,7
recap,phing,7
recap,smyre,7
recap,csuci,7
recap,skipg,7
recap,sytex,7
recap,akeru,7
recap,toggi,7
recap,ootes,7
recap,ssadm,7
recap,akhal,9
recap,vejar,7
recap,osato,7
recap,nwall,7
recap,daveh,7
recap,kotla,7
recap,sappo,7
recap,kaeru,7
recap,ebeye,7
recap,colrs,7
recap,exene,7
recap,cober,7
recap,shuja,7
recap,mshda,7
recap,moena,7
recap,cales,7
recap,tolka,7
recap,osdem,7
recap,gadjo,7
recap,daxue,7
recap,frano,7
recap,caura,7
recap,drugw,7
recap,kaiso,7
recap,othes,7
recap,impco,7
recap,danel,7
recap,laque,7
recap,evdev,7
recap,trius,7
recap,odlum,7
recap,ssago,7
recap,ayths,7
recap,unhrc,7
recap,laage,7
recap,ihlen,7
recap,acaai,9
recap,hayko,7
recap,casso,7
recap,haina,7
recap,prach,7
recap,staes,7
recap,mekas,7
recap,lxxxi,7
recap,sprem,7
recap,istdl,7
recap,adeeb,7
recap,hopez,7
recap,cruda,7
recap,pones,7
recap,lapco,7
recap,dafwe,7
recap,tauba,7
recap,amtex,7
recap,areds,7
recap,graul,7
recap,lowke,7
recap,gjrls,7
recap,faina,7
recap,shila,7
recap,gorce,7
recap,aksum,7
recap,kcals,7
recap,savva,7
recap,gandi,7
recap,iture,7
recap,unles,7
recap,utata,7
recap,loara,7
recap,lydda,7
recap,fnprm,7
recap,haaga,7
recap,karun,7
recap,emale,7
recap,ahbao,9
recap,xcssa,7
recap,uniqe,7
recap,urena,7
recap,lndbm,7
recap,nhpco,7
recap,cbwfq,7
recap,kyudo,7
recap,kargo,7
recap,maita,7
recap,kasza,7
recap,flstc,7
recap,saine,7
recap,zveri,7
recap,chelo,7
recap,kotte,7
recap,loera,7
recap,erugs,7
recap,cflcc,7
recap,erech,7
recap,fxdwg,7
recap,mallo,7
recap,aapne,7
recap,aymar,9
recap,mmarr,7
recap,wauer,7
recap,galka,7
recap,wadda,7
recap,garva,7
recap,farlo,7
recap,warba,7
recap,cafra,7
recap,velay,7
recap,solva,7
recap,uneek,7
recap,chirs,7
recap,lober,7
recap,ingwe,7
recap,kntjc,7
recap,kenaz,7
recap,mclgs,7
recap,haeri,7
recap,donya,7
recap,lasfs,7
recap,kaire,7
recap,mokpo,7
recap,zanni,7
recap,cssed,7
recap,kanri,7
recap,gradn,7
recap,coyer,7
recap,zarco,7
recap,aming,7
recap,goldi,7
recap,addre,7
recap,thatz,7
recap,stuks,7
recap,cvars,7
recap,kagen,7
recap,fases,7
recap,dsysv,7
recap,nssea,7
recap,cirio,7
recap,movje,7
recap,kbqfe,7
recap,hanta,7
recap,sgwrs,7
recap,ssale,7
recap,marro,7
recap,phyfe,7
recap,newar,7
recap,thull,7
recap,tautz,7
recap,opara,7
recap,lynna,7
recap,sanes,7
recap,nytbr,7
recap,granx,7
recap,inash,7
recap,nrsro,7
recap,marji,7
recap,grsnd,7
recap,naken,7
recap,ncdex,7
recap,lagna,7
recap,crats,7
recap,catha,7
recap,molls,7
recap,khush,7
recap,fpath,7
recap,kyllo,7
recap,anica,7
recap,iphdr,7
recap,naaec,7
recap,ihets,7
recap,maula,7
recap,artno,7
recap,addle,7
recap,sobra,7
recap,coali,7
recap,eilis,7
recap,nalls,7
recap,dcrtv,7
recap,lorel,7
recap,qpass,7
recap,maese,7
recap,stkck,7
recap,morga,7
recap,lades,7
recap,movel,7
recap,norka,7
recap,kvale,7
recap,abihu,7
recap,obere,7
recap,dohuk,7
recap,enate,7
recap,kopka,7
recap,yimin,7
recap,ccacg,7
recap,nimiq,7
recap,hepar,7
recap,icate,7
recap,thics,7
recap,nwsli,7
recap,aviel,7
recap,uting,7
recap,parex,7
recap,kaitz,7
recap,fbida,7
recap,mcrea,7
recap,kapla,7
recap,chunn,7
recap,hybla,7
recap,mcpfe,7
recap,nanba,7
recap,afftc,7
recap,kaida,7
recap,insuf,7
recap,laake,7
recap,laddr,7
recap,arwyn,7
recap,zdeno,7
recap,ssets,7
recap,toueg,7
recap,ganci,7
recap,theni,7
recap,arkel,7
recap,soder,7
recap,poble,7
recap,isgur,7
recap,gwava,7
recap,taffs,7
recap,tslsa,7
recap,sseti,7
recap,halfa,7
recap,asahq,7
recap,haldi,7
recap,waere,7
recap,haese,7
recap,ukusa,7
recap,hoess,7
recap,tauxe,7
recap,anera,7
recap,ogaki,7
recap,arekm,7
recap,msnes,7
recap,folla,7
recap,asilo,7
recap,zytek,7
recap,cmips,7
recap,helas,7
recap,upilv,7
recap,earll,7
recap,padus,7
recap,stano,7
recap,iattr,7
recap,naads,7
recap,nbfcs,7
recap,atena,7
recap,mcbul,7
recap,hping,7
recap,nawer,7
recap,gilis,7
recap,johnk,7
recap,jaine,7
recap,chadw,7
recap,trato,7
recap,cfree,7
recap,ngscb,7
recap,dangl,7
recap,pabna,7
recap,fatus,7
recap,owsla,7
recap,daggs,7
recap,dyken,7
recap,dartz,7
recap,hrbek,7
recap,chelu,7
recap,sapno,7
recap,nfhca,7
recap,drugx,7
recap,arath,7
recap,addai,7
recap,taiho,7
recap,drgus,7
recap,tawes,7
recap,panss,7
recap,ssatb,7
recap,asier,7
recap,tobys,7
recap,loidl,7
recap,pavee,7
recap,paugh,7
recap,iruka,7
recap,grafe,7
recap,ikini,7
recap,fatua,7
recap,ekrem,7
recap,umtri,7
recap,atsar,9
recap,monex,7
recap,unius,7
recap,lhins,7
recap,uniqs,7
recap,sbdcs,7
recap,afree,7
recap,shiko,7
recap,moeck,7
recap,wyneb,7
recap,imura,7
recap,gnade,7
recap,allll,7
recap,antra,7
recap,ccgen,7
recap,galbi,7
recap,naalc,7
recap,wxusa,7
recap,arico,7
recap,poyen,7
recap,zwack,7
recap,donyo,7
recap,totyl,7
recap,lanys,7
recap,erker,7
recap,koble,7
recap,wmita,7
recap,fanns,7
recap,chiri,7
recap,larra,7
recap,agawa,7
recap,hawpe,7
recap,scano,7
recap,inexq,7
recap,magua,7
recap,ladki,7
recap,ifurn,7
recap,eptfe,7
recap,tyhee,7
recap,ahuri,7
recap,spvcs,7
recap,syler,7
recap,sytek,7
recap,kreek,7
recap,mipim,7
recap,omnem,7
recap,obeng,7
recap,cseng,7
recap,gmpte,7
recap,ffffh,7
recap,wwith,7
recap,lrapa,7
recap,sanyu,7
recap,arive,7
recap,pgrfa,7
recap,staro,7
recap,douri,7
recap,aktel,7
recap,laini,7
recap,assab,7
recap,emali,7
recap,stere,7
recap,hegan,7
recap,torco,7
recap,markw,7
recap,tfans,7
recap,takde,7
recap,nster,7
recap,lgera,7
recap,svase,7
recap,fdacs,7
recap,ericb,7
recap,topes,7
recap,amsec,7
recap,praya,7
recap,loglo,7
recap,bifid,7
recap,goleg,7
recap,cjayc,7
recap,ihana,7
recap,odgen,7
recap,cdjfs,7
recap,eniva,7
recap,torto,7
recap,tyles,7
recap,emili,7
recap,ggtca,7
recap,whell,7
recap,chira,7
recap,thade,7
recap,arpes,7
recap,advfs,7
recap,togel,7
recap,nsign,7
recap,merab,7
recap,kaufe,7
recap,cynda,7
recap,aapbl,7
recap,omgeo,7
recap,karbo,7
recap,vesak,7
recap,acsec,7
recap,epita,7
recap,ubago,7
recap,koppe,7
recap,dalva,7
recap,nabru,7
recap,ajarn,7
recap,shuei,7
recap,oorno,7
recap,dober,7
recap,stien,7
recap,noung,7
recap,jodes,7
recap,ocado,7
recap,sajta,7
recap,wodka,7
recap,jhang,7
recap,hypex,7
recap,chaga,7
recap,ettes,7
recap,pruul,7
recap,woltz,7
recap,qclug,7
recap,casci,7
recap,trann,7
recap,anick,7
recap,tifia,7
recap,wavex,7
recap,isaev,7
recap,daksh,7
recap,goool,7
recap,taite,7
recap,waurn,7
recap,lclub,7
recap,acevi,7
recap,antas,9
recap,kralj,7
recap,kyger,7
recap,watne,7
recap,habre,7
recap,affec,7
recap,sanke,7
recap,chiho,7
recap,tweco,7
recap,crugs,7
recap,thuka,7
recap,nasri,7
recap,ehnes,7
recap,hvide,7
recap,markg,7
recap,zarro,7
recap,mbaye,7
recap,draga,7
recap,kasko,7
recap,donni,7
recap,mouli,7
recap,coell,7
recap,ogies,7
recap,gasto,7
recap,ktulu,7
recap,cciug,7
recap,arbys,7
recap,indya,7
recap,chank,7
recap,urick,7
recap,pohle,7
recap,sanno,7
recap,crull,7
recap,goler,7
recap,ehess,7
recap,cande,7
recap,tansi,7
recap,askus,7
recap,copcs,7
recap,dalto,7
recap,amela,7
recap,garel,7
recap,jaken,7
recap,msync,7
recap,pplus,7
recap,harra,7
recap,ccgca,7
recap,avati,7
recap,isner,7
recap,modnr,7
recap,fdree,7
recap,daiko,7
recap,fruge,7
recap,svevo,7
recap,amala,7
recap,kollo,7
recap,worls,7
recap,danca,7
recap,setag,7
recap,pader,7
recap,cfish,7
recap,kapeh,7
recap,lshtm,7
recap,lardo,7
recap,srvrs,7
recap,thake,7
recap,odana,7
recap,torba,7
recap,okina,7
recap,prabu,7
recap,oguri,7
recap,farvi,7
recap,yasna,7
recap,ebben,7
recap,daite,7
recap,forer,7
recap,fredg,7
recap,intre,7
recap,thilk,7
recap,jodel,7
recap,hasle,7
recap,gasco,7
recap,iogen,7
recap,sharn,7
recap,stlck,7
recap,madej,7
recap,torbe,7
recap,farro,7
recap,amrum,7
recap,thare,7
recap,dhuhr,7
recap,wanee,7
recap,gradm,7
recap,gondi,7
recap,stpck,7
recap,cobus,7
recap,ttxvn,7
recap,tokes,7
recap,goude,7
recap,cbera,7
recap,anall,7
recap,anile,7
recap,gyfun,7
recap,mardo,7
recap,cylus,7
recap,pallo,7
recap,arukh,7
recap,hyuga,7
recap,totum,7
recap,hdacs,7
recap,sruti,7
recap,sbttl,7
recap,msntc,7
recap,gnuts,7
recap,gobjc,7
recap,smike,7
recap,ayano,7
recap,maryl,7
recap,datch,7
recap,crefe,7
recap,ghita,7
recap,lythe,7
recap,gjxdm,7
recap,pctfe,7
recap,moyno,7
recap,gaude,7
recap,esarr,7
recap,salew,7
recap,ifsra,7
recap,ntalk,7
recap,nhtcu,7
recap,loasn,7
recap,srugs,7
recap,ingri,7
recap,daies,7
recap,philc,7
recap,ctree,7
recap,anuar,7
recap,arnez,7
recap,lagro,7
recap,drewk,7
recap,sftri,7
recap,crego,7
recap,ncgub,7
recap,mcing,7
recap,lahko,7
recap,ukasz,7
recap,gabri,7
recap,jalta,7
recap,nagps,7
recap,nejat,7
recap,stica,7
recap,ealrs,7
recap,dimir,7
recap,kobel,7
recap,norva,7
recap,jando,7
recap,johnc,7
recap,sayde,7
recap,saisi,7
recap,hmiwi,7
recap,skaha,7
recap,loetz,7
recap,karln,7
recap,usysa,7
recap,trybe,7
recap,thall,7
recap,annwn,7
recap,horti,7
recap,paulh,7
recap,dtugs,7
recap,nable,7
recap,shuen,7
recap,dowds,7
recap,scdnr,7
recap,gollo,7
recap,aesar,7
recap,obdds,7
recap,nahda,7
recap,salse,7
recap,schek,7
recap,calss,7
recap,stabe,7
recap,nypro,7
recap,cview,7
recap,metak,7
recap,ssfdc,7
recap,ehlen,7
recap,ddess,7
recap,hatti,7
recap,poyer,7
recap,sjres,7
recap,shuli,7
recap,korns,7
recap,paeth,7
recap,gakki,7
recap,obrys,7
recap,kauno,7
recap,agweb,7
recap,cayer,7
recap,affrs,7
recap,dassa,7
recap,ajani,7
recap,lbank,7
recap,fmpro,7
recap,umbel,7
recap,oribi,7
recap,abito,7
recap,hiris,7
recap,eaddr,7
recap,wyers,7
recap,pdftk,7
recap,anare,7
recap,afina,7
recap,makri,7
recap,pohne,7
recap,kothe,7
recap,gouws,7
recap,stana,7
recap,ecthr,7
recap,hrefs,7
recap,acgcc,7
recap,drufs,7
recap,kritz,7
recap,theri,7
recap,catts,7
recap,mcvea,7
recap,pregl,7
recap,atual,7
recap,folch,7
recap,woehr,7
recap,copel,7
recap,kanki,7
recap,nalfs,7
recap,hkale,7
recap,udata,7
recap,satna,7
recap,rejet,7
recap,atypi,7
recap,trali,7
recap,freex,7
recap,ipedo,7
recap,trens,7
recap,dnssd,7
recap,nasbe,7
recap,fferm,7
recap,petak,7
recap,atlss,7
recap,larta,7
recap,fress,7
recap,paela,7
recap,noura,7
recap,magre,7
recap,ddwga,7
recap,moina,7
recap,matel,7
recap,mowen,7
recap,speec,7
recap,imaje,7
recap,pasky,7
recap,dming,7
recap,toggs,7
recap,urabe,7
recap,cbtpa,7
recap,chueh,7
recap,jotul,7
recap,prugh,7
recap,adays,7
recap,wrppn,7
recap,shido,7
recap,ntddk,7
recap,yasko,7
recap,shien,7
recap,ajtai,9
recap,mcall,7
recap,simil,7
recap,anuak,7
recap,fasse,7
recap,icsti,7
recap,orrum,7
recap,taibi,7
recap,swade,7
recap,arexx,7
recap,qpage,7
recap,gewar,7
recap,avsab,7
recap,idera,7
recap,kanth,7
recap,drugc,7
recap,htink,7
recap,hoerr,7
recap,sordo,7
recap,svejk,7
recap,dwebb,7
recap,javer,7
recap,kaula,7
recap,nsurl,7
recap,epeus,7
recap,specu,7
recap,coduo,7
recap,senan,7
recap,adire,7
recap,ngall,7
recap,sizin,7
recap,csupo,7
recap,inaki,7
recap,panyo,7
recap,cture,7
recap,cvale,7
recap,ssafa,7
recap,dvali,7
recap,mayse,7
recap,gyges,7
recap,pirib,7
recap,payen,7
recap,fadec,7
recap,gtjfn,7
recap,sonno,7
recap,solrs,7
recap,wadge,7
recap,sokha,7
recap,pelaw,7
recap,kdefx,7
recap,tware,7
recap,tohra,7
recap,xmlwf,7
recap,epipe,7
recap,nerac,7
recap,morpc,7
recap,mspca,7
recap,calke,7
recap,mmath,7
recap,ekahi,7
recap,pdpta,7
recap,uspfo,7
recap,applr,7
recap,kadhi,7
recap,smlxl,7
recap,oprno,7
recap,hawgs,7
recap,iasca,7
recap,essed,7
recap,aorto,7
recap,xbiff,7
recap,ipics,7
recap,golve,7
recap,osyka,7
recap,annai,9
recap,henao,7
recap,wahda,7
recap,lpars,7
recap,lmass,7
recap,copus,7
recap,nalla,7
recap,anies,7
recap,anaba,7
recap,emaul,7
recap,tontr,7
recap,ctbto,7
recap,ifish,7
recap,ecers,7
recap,donji,7
recap,dbtss,7
recap,cardr,7
recap,koino,7
recap,hafsa,7
recap,chapi,7
recap,odeur,7
recap,kanko,7
recap,thses,7
recap,cspfa,7
recap,wheth,7
recap,motek,7
recap,foool,7
recap,nadur,7
recap,hoefs,7
recap,faeye,7
recap,skadi,7
recap,confu,7
recap,sanju,7
recap,asare,7
recap,angul,7
recap,obius,7
recap,assal,9
recap,itten,7
recap,wayto,7
recap,halka,7
recap,drwho,7
recap,hivid,7
recap,aniso,7
recap,jabbi,7
recap,adass,7
recap,hatto,7
recap,polsc,7
recap,togle,7
recap,dotco,7
recap,maddr,7
recap,jarpa,7
recap,faver,7
recap,warga,7
recap,hodek,7
recap,arido,7
recap,magha,7
recap,dorne,7
recap,epath,7
recap,gouki,7
recap,abeja,7
recap,kansu,7
recap,illex,7
recap,usllc,7
recap,ucali,7
recap,coryn,7
recap,icetv,7
recap,urgel,7
recap,tweel,7
recap,sweyn,7
recap,nhptv,7
recap,fanwl,7
recap,sajtu,7
recap,jalla,7
recap,akahi,7
recap,dcski,7
recap,podeu,7
recap,odili,7
recap,ffers,7
recap,agner,7
recap,styls,7
recap,chura,7
recap,atalk,7
recap,snipa,7
recap,usapl,7
recap,hansz,7
recap,saher,7
recap,cylex,7
recap,paedo,7
recap,kayte,7
recap,dallo,7
recap,thigs,7
recap,larco,7
recap,karbi,7
recap,katso,7
recap,lotem,7
recap,honde,7
recap,matju,7
recap,frueh,7
recap,hssdc,7
recap,edelg,7
recap,dalvi,7
recap,ocdsb,7
recap,asadi,7
recap,sauda,7
recap,emakl,7
recap,nascs,7
recap,harer,7
recap,extel,7
recap,ihaka,7
recap,soysa,7
recap,hnscc,7
recap,jpsco,7
recap,ansal,9
recap,grden,7
recap,zahle,7
recap,koncz,7
recap,erals,7
recap,woelk,7
recap,copni,7
recap,lback,7
recap,cepat,7
recap,lytec,7
recap,zoecu,7
recap,walck,7
recap,mooos,7
recap,jalex,7
recap,devar,7
recap,imech,7
recap,gheen,7
recap,soner,7
recap,aparc,7
recap,ikkje,7
recap,cmptr,7
recap,kalus,7
recap,laber,7
recap,nemax,7
recap,melao,7
recap,sahrc,7
recap,epier,7
recap,nords,7
recap,farum,7
recap,casrd,7
recap,eradu,7
recap,viris,7
recap,aathi,7
recap,manka,7
recap,sorea,7
recap,emajl,7
recap,ohyho,7
recap,onich,7
recap,movle,7
recap,anapa,7
recap,sadus,7
recap,unryu,7
recap,smica,7
recap,shijo,7
recap,pornn,7
recap,touto,7
recap,tauer,7
recap,maysa,7
recap,jheri,7
recap,umali,7
recap,jonka,7
recap,nswrl,7
recap,doper,7
recap,anike,7
recap,harbo,7
recap,saeko,7
recap,citib,7
recap,edate,7
recap,vivie,7
recap,spyda,7
recap,pryse,7
recap,loann,7
recap,useth,7
recap,mobel,7
recap,aqute,7
recap,lyder,7
recap,shaes,7
recap,pmela,7
recap,hyers,7
recap,noaca,7
recap,dalbo,7
recap,gabew,7
recap,regar,8
recap,ohter,7
recap,watco,7
recap,danne,7
recap,ppsch,7
recap,jarra,7
recap,hoice,7
recap,ccsmc,7
recap,jayni,7
recap,ifsec,7
recap,frdee,7
recap,dpans,7
recap,anino,7
recap,nsuri,7
recap,gbaja,7
recap,whhna,7
recap,hauth,7
recap,galss,7
recap,lvdts,7
recap,scasa,7
recap,abbat,7
recap,marus,7
recap,nther,7
recap,fonck,7
recap,nonyl,7
recap,pogle,7
recap,smala,7
recap,daing,7
recap,athea,7
recap,houre,7
recap,dhplc,7
recap,joans,7
recap,itude,7
recap,korne,7
recap,haibo,7
recap,ppics,7
recap,stirk,7
recap,spils,7
recap,fngla,7
recap,adaps,7
recap,canno,7
recap,nakul,7
recap,sopko,7
recap,oohla,7
recap,tonfa,7
recap,drupe,7
recap,gotse,7
recap,fabro,7
recap,usafr,7
recap,kards,7
recap,golle,7
recap,drugq,7
recap,ikawa,7
recap,twnhs,7
recap,fonta,7
recap,gcgtc,7
recap,unpre,7
recap,itala,7
recap,polhn,7
recap,gtick,7
recap,kassy,7
recap,nraes,7
recap,miria,7
recap,ganka,7
recap,tolko,7
recap,kapda,7
recap,marum,7
recap,taepo,7
recap,tohei,7
recap,madel,7
recap,inyri,7
recap,cpwhu,7
recap,goile,7
recap,jwing,7
recap,sbhcs,7
recap,narus,7
recap,madjo,7
recap,emira,7
recap,oklee,7
recap,ksync,7
recap,itsus,7
recap,doqei,7
recap,golbe,7
recap,triwn,7
recap,hosoe,7
recap,estte,7
recap,pouya,7
recap,lehal,9
recap,gabbe,7
recap,daiki,7
recap,ptpka,7
recap,sqlda,7
recap,goall,7
recap,hogla,7
recap,omata,7
recap,anije,7
recap,doryx,7
recap,sarec,7
recap,jbush,7
recap,asirs,7
recap,gatch,7
recap,watha,7
recap,ponse,7
recap,koena,7
recap,taihu,7
recap,staco,7
recap,jonte,7
recap,holdi,7
recap,zmuda,7
recap,tando,7
recap,tgtgc,7
recap,freea,7
recap,doell,7
recap,tarta,7
recap,taiki,7
recap,foehr,7
recap,prehn,7
recap,sakhr,7
recap,sdllc,7
recap,kalsi,7
recap,isllc,7
recap,ufesa,7
recap,ootel,7
recap,krips,7
recap,andyc,7
recap,mainl,7
recap,orten,7
recap,saken,7
recap,snaga,7
recap,shuki,7
recap,nswna,7
recap,twurl,7
recap,etnus,7
recap,lynge,7
recap,ingre,7
recap,sonka,7
recap,golge,7
recap,gspda,7
recap,cravo,7
recap,jondi,7
recap,esqui,7
recap,awars,7
recap,frenc,7
recap,porbo,7
recap,stylz,7
recap,kabba,7
recap,caffi,7
recap,malde,7
recap,adibi,7
recap,sokko,7
recap,cardb,7
recap,fkiss,7
recap,uggla,7
recap,orkus,7
recap,davdi,7
recap,torsk,7
recap,jmapa,7
recap,taven,7
recap,obter,7
recap,kilik,7
recap,adath,7
recap,losos,7
recap,janss,7
recap,novle,7
recap,sdsdg,7
recap,scarc,7
recap,shige,7
recap,ecita,7
recap,navex,7
recap,chaun,7
recap,pough,7
recap,gooof,7
recap,folta,7
recap,assps,7
recap,isern,7
recap,twite,7
recap,catta,7
recap,amapa,7
recap,hoggs,7
recap,druku,7
recap,oking,7
recap,treur,7
recap,asisn,7
recap,pfann,7
recap,abbys,7
recap,carni,7
recap,wotch,7
recap,ogwen,7
recap,goblo,7
recap,mouna,7
recap,aneja,7
recap,isues,7
recap,gohel,7
recap,jawra,7
recap,njsba,7
recap,logle,7
recap,jabes,7
recap,adits,7
recap,mautz,7
recap,dbinc,7
recap,ifsps,7
recap,mobee,7
recap,detar,7
recap,polvi,7
recap,nadca,7
recap,gasch,7
recap,nassi,7
recap,uaddr,7
recap,maill,7
recap,logla,7
recap,waine,7
recap,ahigh,7
recap,jokul,7
recap,oyens,7
recap,foula,7
recap,drusg,7
recap,shels,7
recap,cnplx,7
recap,elsea,7
recap,ccacs,7
recap,mrfss,7
recap,fassi,7
recap,dwars,7
recap,ifire,7
recap,hypha,7
recap,drets,7
recap,noxen,7
recap,ogiek,7
recap,lohja,7
recap,pilih,7
recap,kanka,7
recap,cabbi,7
recap,gogli,7
recap,sgpgi,7
recap,gawne,7
recap,gogeo,7
recap,fawna,7
recap,churc,7
recap,naati,7
recap,phera,7
recap,colgo,7
recap,chenu,7
recap,haahr,7
recap,adddl,7
recap,oogla,7
recap,mangu,7
recap,spiez,7
recap,adani,7
recap,moffo,7
recap,nnude,7
recap,thyng,7
recap,logel,7
recap,eagen,7
recap,dafni,7
recap,golye,7
recap,eodem,7
recap,gokuu,7
recap,sooon,7
recap,wanja,7
recap,itsme,7
recap,goapl,7
recap,soavi,7
recap,goakl,7
recap,ailie,7
recap,govel,7
recap,addto,7
recap,labei,7
recap,golga,7
recap,dolpo,7
recap,wsdls,7
recap,druys,7
recap,oobla,7
recap,pmeth,7
recap,lajja,7
recap,goooy,7
recap,captn,7
recap,fogla,7
recap,wanka,7
recap,spidi,7
recap,sowle,7
recap,urien,7
recap,hyner,7
recap,goayl,7
recap,ooble,7
recap,idndr,7
recap,poush,7
recap,goahl,7
recap,goglo,7
recap,oofle,7
recap,goflo,7
recap,cardg,7
recap,ootle,7
recap,egree,7
recap,zemax,7
recap,arkes,7
recap,kaddr,7
recap,kaars,7
recap,polge,7
recap,golel,7
recap,oolge,7
recap,goila,7
recap,kouch,7
recap,touga,7
recap,frfee,7
recap,gobla,7
recap,hopla,7
recap,eblen,7
recap,bivin,7
recap,gopla,7
recap,gotla,7
recap,daaum,7
recap,oygle,7
recap,goyel,7
recap,kogle,7
recap,sevak,7
recap,golte,7
recap,antun,7
recap,oogli,7
recap,gasca,7
recap,kolge,7
recap,gople,7
recap,shufu,7
recap,poglo,7
recap,pogel,7
recap,tarus,7
recap,nousu,7
recap,iffco,7
recap,goook,7
recap,goatl,7
recap,nebat,7
recap,gokla,7
recap,addam,7
recap,goigl,7
recap,filim,7
recap,goooh,7
recap,chike,7
recap,hoool,7
recap,gwacs,7
recap,holge,7
recap,goglw,7
recap,gogla,7
recap,goilg,7
recap,gohlo,7
recap,donev,7
recap,ollge,7
recap,ogtle,7
recap,ogile,7
recap,iogel,7
recap,ahirc,7
recap,goige,7
recap,gohla,7
recap,openc,7
recap,isexo,7
recap,gofle,7
recap,dalej,7
recap,ooglr,7
recap,fooog,7
recap,toglo,7
recap,gpoog,7
recap,gogpe,7
recap,faeth,7
recap,togla,7
recap,iogle,7
recap,goigo,7
recap,opgel,7
recap,oohle,7
recap,gohle,7
recap,goago,7
recap,addnl,7
recap,tahho,7
recap,oofla,7
recap,hauch,7
recap,gokgo,7
recap,goilo,7
recap,tolge,7
recap,gotlo,7
recap,golke,7
recap,goiga,7
recap,gofla,7
recap,foglo,7
recap,gokel,7
recap,gofel,7
recap,chigi,7
recap,pogla,7
recap,houra,7
recap,hoglo,7
recap,gotle,7
recap,yooog,7
recap,pggle,7
recap,hoagl,7
recap,gooob,7
recap,ggile,7
recap,lolge,7
recap,hanle,7
recap,gollg,7
recap,goiel,7
recap,edgdm,7
recap,sailr,7
recap,potno,7
recap,oovel,7
recap,oolfe,7
recap,omenn,7
recap,ogige,7
recap,koglo,7
recap,kogla,7
recap,gesar,7
recap,ootlo,7
recap,oolte,7
recap,oobel,7
recap,ogiga,7
recap,ioglo,7
recap,goglz,7
recap,toits,7
recap,ooyle,7
recap,ooblo,7
recap,obgle,7
recap,gopgo,7
recap,goooe,7
recap,gogko,7
recap,gogek,7
recap,dauum,7
recap,oolye,7
recap,oolve,7
recap,oolbe,7
recap,ooglo,7
recap,ogyle,7
recap,lggle,7
recap,gokle,7
recap,gogpo,7
recap,gogke,7
recap,yoool,7
recap,oghle,7
recap,loagl,7
recap,golgs,7
recap,goklg,7
recap,goieg,7
recap,cytrx,7
recap,oogeo,7
recap,ooagl,7
recap,ohgle,7
recap,ogigo,7
recap,oggll,7
recap,gogrl,7
recap,ootla,7
recap,ooigl,7
recap,oogls,7
recap,oglle,7
recap,kggle,7
recap,gpagl,7
recap,gopge,7
recap,gopeg,7
recap,goooa,7
recap,gokgl,7
recap,gogsl,7
recap,goabl,7
recap,tooog,7
recap,opgle,7
recap,opagl,7
recap,oovle,7
recap,oolgr,7
recap,oogko,7
recap,oofel,7
recap,ooayl,7
recap,ooahl,7
recap,okgle,7
recap,oglge,7
recap,ogglw,7
recap,oggkl,7
recap,ofgle,7
recap,gpgla,7
recap,gpgel,7
recap,goylo,7
recap,govle,7
recap,goplo,7
recap,gopgl,7
recap,golgw,7
fetus,seems,9
fetus,devel,9
fetus,irish,7
fetus,reset,7
fetus,dying,8
fetus,tribe,7
fetus,newer,9
fetus,yemen,8
fetus,sewer,9
fetus,sears,9
fetus,weber,9
fetus,uncut,7
fetus,pagan,10
fetus,toons,8
fetus,arial,7
fetus,perez,9
fetus,eaton,10
fetus,owing,8
fetus,wears,8
fetus,tying,8
fetus,sling,7
fetus,xoops,7
fetus,semen,8
fetus,leafs,9
fetus,lupus,7
fetus,heuer,7
fetus,genet,9
fetus,resid,7
fetus,mayan,9
fetus,meier,7
fetus,melee,8
fetus,lenin,7
fetus,soooo,9
fetus,tenet,9
fetus,suing,8
fetus,keyed,8
fetus,keats,9
fetus,levee,9
fetus,erisa,7
fetus,teeny,8
fetus,privy,7
fetus,telus,9
fetus,trium,7
fetus,drier,7
fetus,coors,7
fetus,trier,7
fetus,esque,7
fetus,accum,7
fetus,ipsum,7
fetus,nears,9
fetus,struc,7
fetus,hemel,7
fetus,torus,8
fetus,sosui,7
fetus,pelle,11
fetus,mosul,7
fetus,gener,9
fetus,kazan,7
fetus,eagan,10
fetus,arith,7
fetus,trike,7
fetus,catia,8
fetus,medea,7
fetus,hagan,10
fetus,karoo,8
fetus,jerez,9
fetus,nzlug,7
fetus,krieg,7
fetus,cksum,7
fetus,soyuz,7
fetus,hemet,7
fetus,svlug,7
fetus,rajan,9
fetus,sagan,10
fetus,menon,8
fetus,immun,7
fetus,domus,7
fetus,triax,7
fetus,xalan,7
fetus,neuer,9
fetus,redif,7
fetus,volum,7
fetus,tulum,8
fetus,prise,7
fetus,seder,7
fetus,nylug,7
fetus,selle,11
fetus,ricks,10
fetus,aucun,8
fetus,novus,7
fetus,corum,7
fetus,shing,8
fetus,hebei,7
fetus,welle,7
fetus,daman,7
fetus,mmiii,7
fetus,velez,9
fetus,karas,10
fetus,ooops,7
fetus,roque,7
fetus,hogue,7
fetus,tclug,7
fetus,anhui,7
fetus,gllug,7
fetus,ariat,7
fetus,schuh,7
fetus,tener,9
fetus,nthum,7
fetus,mccue,7
fetus,uribe,7
fetus,hafan,9
fetus,modul,7
fetus,kraut,7
fetus,nchum,7
fetus,priya,7
fetus,srila,7
fetus,nadal,7
fetus,regen,7
fetus,vexed,9
fetus,madan,9
fetus,neyer,9
fetus,geyer,9
fetus,zaman,7
fetus,patil,7
fetus,shaul,7
fetus,oriya,7
fetus,ating,8
fetus,vrije,7
fetus,taman,7
fetus,maran,9
fetus,ising,9
fetus,tring,8
fetus,zener,9
fetus,hoots,7
fetus,tritt,7
fetus,djing,8
fetus,taran,9
fetus,jools,7
fetus,trigg,7
fetus,strum,7
fetus,tered,9
fetus,rheum,7
fetus,saran,9
fetus,uklug,7
fetus,ariba,7
fetus,kreuk,7
fetus,oriel,7
fetus,arity,7
fetus,sonus,7
fetus,wneud,7
fetus,tenon,8
fetus,irian,7
fetus,refit,7
fetus,colum,7
fetus,bayan,9
fetus,durum,8
fetus,duque,8
fetus,wring,8
fetus,docum,7
fetus,pavan,9
fetus,humus,7
fetus,prive,7
fetus,solus,7
fetus,sadat,7
fetus,ceedy,9
fetus,banus,7
fetus,lexer,9
fetus,reduc,7
fetus,ileum,7
fetus,sewed,9
fetus,baran,9
fetus,trill,7
fetus,hsing,8
fetus,magoo,8
fetus,selec,9
fetus,wplug,7
fetus,nluug,7
fetus,leder,7
fetus,hakan,9
fetus,hocus,7
fetus,sefer,9
fetus,pocus,7
fetus,toque,7
fetus,lacan,9
fetus,avium,7
fetus,satie,7
fetus,rexel,7
fetus,navan,8
fetus,dened,9
fetus,grund,7
fetus,bagan,10
fetus,sexed,9
fetus,novum,7
fetus,recip,7
fetus,kreuz,7
fetus,recep,7
fetus,rubus,7
fetus,jedec,7
fetus,nckum,7
fetus,heyer,7
fetus,ueber,9
fetus,traum,7
fetus,recut,7
fetus,taras,10
fetus,erith,7
fetus,maman,7
fetus,origi,8
fetus,jebel,9
fetus,hanan,9
fetus,aurum,8
fetus,catie,7
fetus,tsing,8
fetus,haman,7
fetus,hepes,9
fetus,reser,7
fetus,seyed,9
fetus,dayan,9
fetus,jemez,9
fetus,kemet,8
fetus,kemer,8
fetus,unruh,7
fetus,illum,7
fetus,cvsup,7
fetus,smaug,7
fetus,saban,9
fetus,lebel,9
fetus,aleut,7
fetus,volun,7
fetus,koons,8
fetus,dever,9
fetus,telle,11
fetus,deuel,9
fetus,neked,9
fetus,ering,8
fetus,kener,8
fetus,haran,9
fetus,jeder,7
fetus,nobuo,7
fetus,lefel,9
fetus,pring,7
fetus,revit,7
fetus,lagan,7
fetus,hoofs,7
fetus,kaman,7
fetus,reber,7
fetus,peder,7
fetus,kelle,8
fetus,sprue,7
fetus,makan,9
fetus,teats,9
fetus,rerum,7
fetus,malan,9
fetus,laman,7
fetus,hefei,7
fetus,dulug,8
fetus,lemar,7
fetus,neuem,9
fetus,reget,7
fetus,oping,7
fetus,texel,9
fetus,deseo,7
fetus,dooms,7
fetus,galan,9
fetus,resea,7
fetus,negus,9
fetus,nacaa,11
fetus,nevus,9
fetus,mukul,8
fetus,ilium,7
fetus,grond,7
fetus,baloo,8
fetus,regie,7
fetus,keyer,8
fetus,tevet,9
fetus,decem,9
fetus,nebel,9
fetus,calan,7
fetus,leser,9
fetus,catid,7
fetus,balan,9
fetus,neous,9
fetus,beery,9
fetus,triac,7
fetus,dogue,7
fetus,scaup,7
fetus,resit,7
fetus,caras,10
fetus,tagan,10
fetus,peleg,9
fetus,torun,7
fetus,saman,7
fetus,krist,7
fetus,solum,7
fetus,sebel,9
fetus,kriya,7
fetus,selly,8
fetus,natio,7
fetus,leber,9
fetus,newel,9
fetus,ellum,7
fetus,geier,8
fetus,regel,7
fetus,orien,7
fetus,sadam,7
fetus,aring,8
fetus,katif,7
fetus,wylug,7
fetus,dweud,7
fetus,demag,7
fetus,yshoo,8
fetus,paean,9
fetus,atque,7
fetus,badal,7
fetus,spaun,7
fetus,nding,8
fetus,uhaul,7
fetus,revie,7
fetus,yagoo,7
fetus,yauoo,7
fetus,dring,8
fetus,jelle,9
fetus,dered,9
fetus,iopus,7
fetus,redit,7
fetus,chuuk,7
fetus,redid,7
fetus,augue,8
fetus,weyer,9
fetus,tumut,8
fetus,dagan,8
fetus,hadac,7
fetus,tribu,7
fetus,ncbuy,7
fetus,hadad,7
fetus,uring,8
fetus,kalan,8
fetus,hewes,7
fetus,wedel,7
fetus,yocum,7
fetus,kukui,8
fetus,kring,8
fetus,temat,7
fetus,genel,9
fetus,remov,7
fetus,demar,7
fetus,resum,7
fetus,pelly,8
fetus,peery,9
fetus,pewee,9
fetus,arita,7
fetus,semel,9
fetus,meher,8
fetus,aerei,8
fetus,pelee,9
fetus,badan,9
fetus,yayoo,8
fetus,krita,7
fetus,chaud,7
fetus,mecer,8
fetus,weepy,7
fetus,pawan,9
fetus,yaboo,7
fetus,nclug,7
fetus,manan,9
fetus,eling,7
fetus,remem,7
fetus,bazan,9
fetus,ening,8
fetus,yajoo,7
fetus,yanoo,7
fetus,woooo,7
fetus,uping,7
fetus,heder,7
fetus,gabaa,9
fetus,gavan,9
fetus,ahlul,7
fetus,oring,8
fetus,peled,9
fetus,nslug,7
fetus,nadav,7
fetus,aaraa,11
fetus,knauf,7
fetus,canoo,8
fetus,thrus,7
fetus,nmlug,7
fetus,perea,9
fetus,devez,9
fetus,hulud,8
fetus,aerea,9
fetus,rebuy,7
fetus,ktrue,7
fetus,aereo,7
fetus,axium,7
fetus,mkiii,7
fetus,verus,9
fetus,luxus,7
fetus,shrum,7
fetus,wever,9
fetus,vacua,7
fetus,kogut,7
fetus,liing,8
fetus,neveu,9
fetus,nemec,9
fetus,bagua,8
fetus,hevea,7
fetus,relig,7
fetus,acqui,7
fetus,venez,9
fetus,kohut,7
fetus,rebum,7
fetus,filia,7
fetus,renum,7
fetus,syvum,7
fetus,daran,9
fetus,tiing,8
fetus,insul,7
fetus,kobuk,7
fetus,hokum,7
fetus,mysun,7
fetus,beran,8
fetus,dling,7
fetus,zulus,7
fetus,reuel,7
fetus,injun,7
fetus,weder,7
fetus,lebec,9
fetus,inbuf,7
fetus,sawan,9
fetus,defeo,7
fetus,comus,8
fetus,relea,7
fetus,wayan,9
fetus,reden,7
fetus,hever,7
fetus,jedem,7
fetus,trian,7
fetus,weser,9
fetus,sclug,7
fetus,musuc,8
fetus,leedy,9
fetus,axing,8
fetus,izing,7
fetus,peset,9
fetus,hazan,9
fetus,priva,7
fetus,reder,7
fetus,laloo,7
fetus,sayan,9
fetus,audun,8
fetus,teays,9
fetus,hebel,7
fetus,varas,8
fetus,kavan,9
fetus,peyer,9
fetus,arieh,7
fetus,husum,8
fetus,saras,9
fetus,gagan,9
fetus,menem,8
fetus,rools,7
fetus,loots,7
fetus,paran,9
fetus,desea,9
fetus,weier,8
fetus,maton,7
fetus,ariki,8
fetus,ariza,7
fetus,lebed,9
fetus,hosue,7
fetus,ining,8
fetus,nohup,7
fetus,kerem,8
fetus,decus,7
fetus,symud,7
fetus,arish,7
fetus,pebeo,7
fetus,fiaif,7
fetus,kriti,8
fetus,gered,9
fetus,meder,7
fetus,kexec,8
fetus,telep,9
fetus,sqaud,7
fetus,wwiii,7
fetus,cheuk,7
fetus,strug,7
fetus,nemea,9
fetus,nasaa,11
fetus,delet,9
fetus,assum,7
fetus,dekel,9
fetus,dritz,7
fetus,wwwat,7
fetus,iayoo,8
fetus,wwwja,7
fetus,toooo,9
fetus,deref,9
fetus,rofug,7
fetus,sylum,7
fetus,semag,7
fetus,nubus,7
fetus,jicks,7
fetus,pritt,7
fetus,bajan,9
fetus,neher,7
fetus,thrun,7
fetus,aping,7
fetus,resim,7
fetus,neals,7
fetus,kaloo,8
fetus,rexec,7
fetus,usque,7
fetus,barua,8
fetus,neneh,7
fetus,tooms,7
fetus,triga,7
fetus,gools,7
fetus,krige,7
fetus,zeker,9
fetus,hemes,9
fetus,coqui,7
fetus,irisa,7
fetus,debus,7
fetus,solut,7
fetus,kasaa,9
fetus,heier,7
fetus,algun,7
fetus,ariga,7
fetus,poing,7
fetus,revio,7
fetus,eorum,7
fetus,sadan,9
fetus,nativ,7
fetus,honus,8
fetus,eglug,7
fetus,pelem,9
fetus,rebif,7
fetus,alsup,7
fetus,krier,7
fetus,levet,9
fetus,dofus,7
fetus,nemen,7
fetus,senin,7
fetus,neder,7
fetus,tting,8
fetus,recei,7
fetus,orite,7
fetus,steun,7
fetus,cagan,8
fetus,nysut,7
fetus,merus,9
fetus,anjum,7
fetus,rever,7
fetus,ellul,7
fetus,rebid,7
fetus,trist,7
fetus,erial,7
fetus,wwwwe,7
fetus,trisa,7
fetus,arika,7
fetus,relug,7
fetus,mohun,7
fetus,dubus,7
fetus,lavan,9
fetus,hewed,7
fetus,remot,7
fetus,turun,8
fetus,regev,7
fetus,iting,9
fetus,lxiii,7
fetus,induc,7
fetus,aeree,9
fetus,yaooo,7
fetus,menin,7
fetus,wwwuh,7
fetus,acing,8
fetus,demat,7
fetus,recit,7
fetus,vered,9
fetus,sumus,7
fetus,theun,7
fetus,delek,9
fetus,ority,7
fetus,dxing,8
fetus,comun,7
fetus,xodus,7
fetus,priti,7
fetus,deneb,9
fetus,tonus,8
fetus,irgun,7
fetus,zelus,9
fetus,lemak,7
fetus,susun,8
fetus,schul,7
fetus,iming,9
fetus,allum,7
fetus,reliv,7
fetus,bakan,9
fetus,iesus,8
fetus,waban,7
fetus,pened,9
fetus,urisa,7
fetus,yofun,7
fetus,subud,8
fetus,cacks,7
fetus,keepy,9
fetus,tripz,7
fetus,resue,7
fetus,falso,8
fetus,senet,9
fetus,veery,9
fetus,poohs,7
fetus,vexel,9
fetus,fallo,7
fetus,herek,7
fetus,dools,7
fetus,tacan,9
fetus,nexel,9
fetus,getta,7
fetus,gelee,9
fetus,joing,8
fetus,kukuk,7
fetus,hinks,7
fetus,kedem,7
fetus,wwwaa,7
fetus,sebek,9
fetus,dubuc,8
fetus,nurul,8
fetus,kusum,8
fetus,gened,9
fetus,eying,8
fetus,ariff,7
fetus,wwwea,7
fetus,wwwhp,7
fetus,aliue,7
fetus,trieu,7
fetus,craue,7
fetus,knaue,7
fetus,genev,9
fetus,roons,8
fetus,micks,8
fetus,rembo,7
fetus,tinks,8
fetus,ledee,7
fetus,gebel,9
fetus,ledet,7
fetus,seeed,9
fetus,deery,8
fetus,meret,8
fetus,kawan,10
fetus,sojuz,7
fetus,nudum,8
fetus,ludus,7
fetus,sping,7
fetus,weyed,9
fetus,padam,7
fetus,colug,7
fetus,hukum,8
fetus,rying,7
fetus,trife,7
fetus,merel,8
fetus,refid,7
fetus,mener,8
fetus,vooks,7
fetus,coque,7
fetus,genin,7
fetus,hewer,7
fetus,wesel,9
fetus,lazaa,7
fetus,mazaa,7
fetus,weeee,8
fetus,arien,7
fetus,lelly,7
fetus,hexed,7
fetus,eooms,7
fetus,genew,9
fetus,duduk,8
fetus,banan,9
fetus,zelle,11
fetus,dcgui,7
fetus,baras,10
fetus,roojs,7
fetus,trith,7
fetus,chaum,7
fetus,tagua,8
fetus,deleo,7
fetus,reyer,7
fetus,kaxaa,9
fetus,ielly,8
fetus,sewel,9
fetus,splut,7
fetus,driel,7
fetus,kaaaa,10
fetus,jazaa,11
fetus,oelly,8
fetus,redim,7
fetus,gooms,7
fetus,qaqaa,10
fetus,bazaa,7
fetus,iazaa,7
fetus,ergun,7
fetus,drily,7
fetus,uelly,8
fetus,oazaa,7
fetus,hoque,7
fetus,aobut,7
fetus,schut,7
fetus,yssup,7
fetus,zemel,9
fetus,jooes,7
fetus,aprul,7
fetus,urgup,7
fetus,yamoo,7
fetus,vools,7
fetus,fooos,8
fetus,redun,7
fetus,nelem,9
fetus,aulus,7
fetus,eools,7
fetus,uazaa,7
fetus,tugun,8
fetus,vejer,9
fetus,reven,7
fetus,pesek,9
fetus,rempt,7
fetus,gling,7
fetus,roohs,7
fetus,hered,7
fetus,deser,9
fetus,gelly,8
fetus,poofs,7
fetus,nobus,7
fetus,norum,7
fetus,driza,7
fetus,jawan,8
fetus,dufus,7
fetus,jezus,7
fetus,eriez,7
fetus,sorum,7
fetus,terek,9
fetus,atrus,7
fetus,gemet,9
fetus,hoooo,9
fetus,alium,7
fetus,melek,8
fetus,acque,7
fetus,kurup,8
fetus,harus,7
fetus,baoan,9
fetus,prigg,7
fetus,datil,7
fetus,kaban,8
fetus,erful,7
fetus,schug,7
fetus,tataa,7
fetus,ariwa,7
fetus,oasas,7
fetus,zkhuh,7
fetus,nefer,9
fetus,medis,7
fetus,graue,7
fetus,denel,9
fetus,triva,7
fetus,jolum,7
fetus,macan,9
fetus,prill,7
fetus,medel,7
fetus,umzug,7
fetus,cebus,8
fetus,payan,9
fetus,recio,7
fetus,gokul,7
fetus,herer,7
fetus,canan,9
fetus,neeed,9
fetus,terus,9
fetus,memec,8
fetus,eevee,9
fetus,hokus,7
fetus,eurus,8
fetus,orida,7
fetus,teleo,7
fetus,gaian,9
fetus,perel,9
fetus,decel,9
fetus,jusuf,7
fetus,kever,8
fetus,wagan,10
fetus,venet,9
fetus,ukuug,7
fetus,eting,8
fetus,karaa,9
fetus,prisa,7
fetus,ravan,7
fetus,yuhui,7
fetus,semon,7
fetus,aadac,7
fetus,keams,9
fetus,schum,7
fetus,arist,7
fetus,wwwty,7
fetus,wwwva,7
fetus,aclug,7
fetus,reaim,7
fetus,meeee,7
fetus,perec,9
fetus,drauf,7
fetus,nayan,9
fetus,katon,8
fetus,yelle,11
fetus,seber,9
fetus,gming,8
fetus,rding,7
fetus,prien,7
fetus,memel,8
fetus,hatim,7
fetus,kadam,7
fetus,lemax,7
fetus,davan,9
fetus,cusum,8
fetus,korum,7
fetus,koyuk,7
fetus,maday,7
fetus,goops,7
fetus,trien,7
fetus,heery,9
fetus,kayan,12
fetus,illud,7
fetus,veber,9
fetus,sajan,9
fetus,sener,9
fetus,gorum,7
fetus,nebet,9
fetus,izzue,7
fetus,beaus,9
fetus,apium,7
fetus,ading,8
fetus,keays,9
fetus,krijg,7
fetus,kplug,7
fetus,krise,7
fetus,degus,8
fetus,nsduh,7
fetus,nuzum,8
fetus,paroo,8
fetus,falvo,8
fetus,seyer,9
fetus,aavan,9
fetus,nadab,7
fetus,algum,7
fetus,cahal,7
fetus,aridi,8
fetus,hayan,9
fetus,revid,7
fetus,sswug,7
fetus,lehet,7
fetus,wkhuh,7
fetus,oeser,9
fetus,aukum,8
fetus,remec,7
fetus,henon,7
fetus,keedy,9
fetus,sebec,9
fetus,heeey,9
fetus,kriza,7
fetus,prier,7
fetus,tobuy,7
fetus,naran,9
fetus,dritt,7
fetus,demeo,7
fetus,haras,8
fetus,wwweb,7
fetus,alcun,7
fetus,reque,7
fetus,cadoo,8
fetus,tritc,7
fetus,polus,7
fetus,hesed,7
fetus,kripa,7
fetus,revia,7
fetus,hadaf,7
fetus,layan,9
fetus,lenen,7
fetus,finit,7
fetus,sered,9
fetus,mazoo,8
fetus,chrun,7
fetus,armut,7
fetus,delly,8
fetus,hehee,7
fetus,deber,9
fetus,rking,7
fetus,gadag,7
fetus,refil,7
fetus,oever,9
fetus,kalua,8
fetus,uldum,7
fetus,seery,9
fetus,rempe,7
fetus,ladan,9
fetus,orise,7
fetus,orian,7
fetus,nahua,8
fetus,trixi,8
fetus,veyed,9
fetus,iding,9
fetus,vener,9
fetus,vasan,9
fetus,bejan,7
fetus,rsquo,7
fetus,reeep,7
fetus,geber,9
fetus,tuqui,8
fetus,pokus,7
fetus,apcug,7
fetus,koops,7
fetus,argun,7
fetus,garan,9
fetus,arisa,7
fetus,leier,8
fetus,kpaul,7
fetus,jekel,9
fetus,kadaj,7
fetus,xebec,9
fetus,besan,8
fetus,nubuc,8
fetus,goooo,7
fetus,nemer,9
fetus,nacks,8
fetus,ntsug,7
fetus,masan,9
fetus,boooo,9
fetus,traut,7
fetus,rozum,7
fetus,cuius,7
fetus,durus,7
fetus,seker,9
fetus,lehel,7
fetus,zemer,9
fetus,holum,7
fetus,oriau,7
fetus,hemen,8
fetus,sasan,9
fetus,tubus,7
fetus,wener,9
fetus,nevel,9
fetus,jemen,8
fetus,avrum,7
fetus,kriel,7
fetus,unsup,7
fetus,genea,9
fetus,ieder,7
fetus,sming,8
fetus,aaton,9
fetus,megus,9
fetus,drigg,7
fetus,telec,9
fetus,kesel,8
fetus,trixy,7
fetus,velle,11
fetus,rarus,8
fetus,mokum,7
fetus,lemen,8
fetus,kahua,8
fetus,xaman,7
fetus,arium,7
fetus,naras,10
fetus,sadaf,7
fetus,yener,9
fetus,dalan,8
fetus,tuque,8
fetus,sagoo,8
fetus,taian,9
fetus,harua,8
fetus,jadoo,7
fetus,falbo,8
fetus,staud,7
fetus,movue,7
fetus,ariva,7
fetus,rwjuh,7
fetus,filix,7
fetus,qelei,8
fetus,youuu,7
fetus,hemus,7
fetus,aotus,7
fetus,serez,9
fetus,relia,7
fetus,kadan,11
fetus,meeus,9
fetus,swlug,7
fetus,pming,7
fetus,penon,8
fetus,cumul,8
fetus,tling,7
fetus,remez,7
fetus,gefeg,9
fetus,peker,9
fetus,sshun,7
fetus,rting,7
fetus,texet,9
fetus,aerus,9
fetus,noeud,7
fetus,irixx,7
fetus,tvlug,7
fetus,iriki,8
fetus,ramar,7
fetus,gazan,9
fetus,ghaut,7
fetus,ansul,7
fetus,ocing,8
fetus,devem,9
fetus,demel,9
fetus,dding,8
fetus,finir,7
fetus,lemel,9
fetus,tenen,7
fetus,wakan,9
fetus,sohum,7
fetus,peret,9
fetus,phing,7
fetus,rewey,7
fetus,memek,8
fetus,redig,7
fetus,lenel,9
fetus,graul,7
fetus,aksum,7
fetus,relet,7
fetus,nukus,7
fetus,steud,7
fetus,danan,9
fetus,weaks,7
fetus,aming,8
fetus,aaman,7
fetus,lerer,9
fetus,savan,9
fetus,teleg,9
fetus,grsnd,7
fetus,menen,7
fetus,penev,9
fetus,jener,9
fetus,dohuk,7
fetus,uting,8
fetus,deler,9
fetus,insuf,7
fetus,favia,8
fetus,ceats,9
fetus,helas,7
fetus,mcbul,7
fetus,hping,7
fetus,getti,7
fetus,borus,7
fetus,perek,9
fetus,sukup,8
fetus,resem,7
fetus,jeber,9
fetus,arive,7
fetus,geats,9
fetus,hemon,7
fetus,reluc,7
fetus,domum,7
fetus,rakan,9
fetus,qclug,7
fetus,janan,8
fetus,cciug,7
fetus,varan,9
fetus,aliud,7
fetus,tasas,7
fetus,rgyud,7
fetus,iskut,7
fetus,nadac,7
fetus,pasan,9
fetus,cukup,8
fetus,amrum,7
fetus,cobus,8
fetus,gyfun,7
fetus,lears,9
fetus,arief,7
fetus,mcing,8
fetus,eavan,9
fetus,draut,7
fetus,uebel,9
fetus,jever,9
fetus,comum,7
fetus,oribi,8
fetus,dawan,9
fetus,gehee,7
fetus,dusun,8
fetus,kritz,7
fetus,nubuk,8
fetus,rejet,7
fetus,googs,7
fetus,dming,8
fetus,rewer,7
fetus,reqid,7
fetus,debet,9
fetus,beeny,8
fetus,coduo,7
fetus,sogut,7
fetus,yokum,7
fetus,valua,8
fetus,copus,7
fetus,melus,9
fetus,emaul,7
fetus,kekus,9
fetus,angul,7
fetus,badam,7
fetus,urity,7
fetus,barys,7
fetus,oriah,7
fetus,keler,8
fetus,newed,9
fetus,mooos,9
fetus,nemax,7
fetus,feree,7
fetus,telem,9
fetus,batie,7
fetus,bicks,9
fetus,temel,9
fetus,wafaa,9
fetus,radan,9
fetus,remzi,7
fetus,datig,7
fetus,norut,7
fetus,kozue,7
fetus,marus,9
fetus,yhhoo,7
fetus,deats,9
fetus,deset,9
fetus,memee,8
fetus,jwing,8
fetus,narus,9
fetus,eears,9
fetus,triwn,7
fetus,fadia,9
fetus,sukuk,8
fetus,padan,9
fetus,esqui,7
fetus,shaud,7
fetus,chaun,7
fetus,kasan,12
fetus,neveh,7
fetus,tosun,7
fetus,huius,7
fetus,velev,9
fetus,taxan,9
fetus,jokul,7
fetus,seaes,8
fetus,matid,7
fetus,vodun,7
fetus,gokuu,7
fetus,demet,9
fetus,urien,7
fetus,tarus,9
fetus,filim,7
fetus,keser,8
fetus,gohoo,7
fetus,reveo,7
flake,looks,8
flake,tokyo,7
flake,ghana,7
flake,howto,7
flake,shark,7
flake,sears,8
flake,juicy,7
flake,lotto,7
flake,shack,7
flake,kuala,7
flake,tiava,7
flake,prada,7
flake,shalt,7
flake,cooke,8
flake,tummy,7
flake,avaya,7
flake,mondo,7
flake,yummy,7
flake,duffy,7
flake,smack,7
flake,trung,7
flake,gonzo,7
flake,leung,7
flake,swami,7
flake,soooo,7
flake,sitio,8
flake,reeve,7
flake,amana,7
flake,brava,7
flake,swank,7
flake,bumpy,7
flake,nutty,7
flake,asain,7
flake,tully,7
flake,miata,7
flake,aussi,7
flake,lhasa,7
flake,sealy,7
flake,plesk,8
flake,ababa,7
flake,footy,7
flake,ayala,7
flake,surry,8
flake,molto,7
flake,snark,8
flake,prana,7
flake,seach,7
flake,plein,8
flake,lossy,8
flake,keele,9
flake,shang,7
flake,hondo,7
flake,rummy,7
flake,yeung,7
flake,kondo,7
flake,keefe,9
flake,rondo,7
flake,moana,7
flake,yadda,7
flake,ricks,10
flake,soapy,7
flake,euery,7
flake,ljava,7
flake,graca,7
flake,siamo,8
flake,sotto,7
flake,tubby,8
flake,seung,7
flake,clank,8
flake,clade,8
flake,akasa,7
flake,seale,7
flake,saarc,8
flake,yuasa,7
flake,clack,8
flake,searc,8
flake,kyung,7
flake,aunty,7
flake,shaul,7
flake,shays,7
flake,skank,7
flake,huffy,7
flake,ahava,7
flake,gutsy,7
flake,iwata,7
flake,searo,8
flake,xsara,7
flake,tonto,7
flake,ronco,7
flake,konto,7
flake,brama,7
flake,aqaba,7
flake,asana,7
flake,lemke,7
flake,elook,7
flake,praca,7
flake,usama,7
flake,clase,8
flake,swart,8
flake,dungy,7
flake,shaka,7
flake,jussi,7
flake,chara,7
flake,peppy,7
flake,monro,7
flake,searh,8
flake,bugsy,7
flake,adana,7
flake,swazi,7
flake,minix,7
flake,pappa,7
flake,ipath,8
flake,copco,8
flake,purer,7
flake,pappy,7
flake,agana,7
flake,joico,7
flake,shand,7
flake,plexi,8
flake,dupuy,8
flake,ajung,7
flake,clube,7
flake,clava,7
flake,adama,7
flake,lusso,7
flake,beata,7
flake,kiama,7
flake,cutty,7
flake,muffy,7
flake,skala,7
flake,bungy,7
flake,chama,7
flake,hedda,7
flake,kaaza,7
flake,buzzy,7
flake,icaza,7
flake,bluej,7
flake,golfo,7
flake,smaug,7
flake,ladda,7
flake,purus,7
flake,byala,7
flake,tuffy,7
flake,ounty,7
flake,meese,9
flake,pdata,7
flake,utada,7
flake,cully,7
flake,touro,7
flake,utama,7
flake,tukey,7
flake,linke,7
flake,etana,7
flake,csaba,7
flake,tsung,7
flake,nuala,7
flake,bonzo,7
flake,statt,7
flake,awana,7
flake,nobuo,7
flake,arava,7
flake,plzen,8
flake,noooo,7
flake,topco,7
flake,kloof,7
flake,welke,7
flake,piana,7
flake,bondo,7
flake,hyung,7
flake,snarf,8
flake,niaaa,7
flake,usana,7
flake,muncy,7
flake,grama,7
flake,ceske,8
flake,idata,7
flake,isaca,7
flake,saari,8
flake,anata,8
flake,skall,7
flake,shamu,7
flake,londo,7
flake,asada,7
flake,raddb,7
flake,chapa,7
flake,rdata,7
flake,swapp,7
flake,libio,8
flake,arana,7
flake,joblo,7
flake,dumpy,7
flake,robbo,7
flake,ukaea,7
flake,rwada,7
flake,araba,7
flake,hussy,9
flake,thapa,7
flake,abaya,7
flake,plwha,8
flake,jnana,7
flake,shaws,7
flake,konno,7
flake,bluer,7
flake,abaca,7
flake,blase,8
flake,bunty,7
flake,arama,7
flake,lucey,7
flake,mosso,7
flake,cummy,7
flake,keepe,9
flake,seele,7
flake,clast,8
flake,bluey,7
flake,sways,7
flake,monto,7
flake,nyala,7
flake,sotho,7
flake,ffvii,7
flake,saami,7
flake,keung,7
flake,livio,8
flake,siang,7
flake,follo,7
flake,crada,7
flake,shama,7
flake,teese,9
flake,shadi,7
flake,filmi,7
flake,arata,7
flake,peele,7
flake,buhay,7
flake,prata,8
flake,inara,7
flake,thana,7
flake,icasa,7
flake,elini,7
flake,agama,7
flake,kivio,8
flake,anada,7
flake,cocco,7
flake,grana,7
flake,seago,8
flake,bwana,8
flake,trata,8
flake,prawa,7
flake,dully,7
flake,zinio,7
flake,ngala,7
flake,inaba,7
flake,woooo,7
flake,ebara,7
flake,siara,10
flake,swall,7
flake,shafi,7
flake,tmake,7
flake,usafa,7
flake,trama,7
flake,klare,8
flake,qmake,8
flake,bmake,9
flake,donno,7
flake,radda,7
flake,cutey,7
flake,prava,7
flake,shaba,7
flake,heung,7
flake,saadi,7
flake,agung,7
flake,utara,7
flake,shahi,7
flake,sharc,7
flake,fidei,7
flake,srand,7
flake,clazz,8
flake,weese,9
flake,trada,7
flake,siano,8
flake,feise,7
flake,commo,7
flake,kurri,7
flake,ikara,7
flake,huddy,7
flake,ceara,7
flake,usada,7
flake,tooke,8
flake,ljung,7
flake,mikio,7
flake,lully,7
flake,sirio,7
flake,aiada,7
flake,cunty,7
flake,minic,7
flake,saada,7
flake,neese,9
flake,iiasa,7
flake,muhly,7
flake,tuohy,7
flake,leuke,8
flake,kutty,7
flake,leese,9
flake,floto,7
flake,bubby,7
flake,saddr,7
flake,bhava,8
flake,deddf,7
flake,pleco,8
flake,fidji,7
flake,ndata,7
flake,chava,7
flake,gaara,7
flake,meara,7
flake,klute,7
flake,jotto,7
flake,zinik,9
flake,moapa,7
flake,snapp,7
flake,inala,7
flake,kubby,8
flake,siast,8
flake,guana,7
flake,dutty,7
flake,alava,7
flake,daddr,7
flake,keese,9
flake,culty,7
flake,teske,8
flake,kloot,7
flake,eieio,8
flake,clann,7
flake,hurra,7
flake,humpy,7
flake,pmake,10
flake,biala,8
flake,snasw,8
flake,modjo,7
flake,skald,7
flake,sqaud,7
flake,errrr,8
flake,nubby,8
flake,mussa,7
flake,icddr,7
flake,clamd,8
flake,tombo,7
flake,krung,7
flake,toooo,7
flake,usata,7
flake,kaaba,7
flake,shami,7
flake,etapa,7
flake,botto,7
flake,jicks,7
flake,plsql,8
flake,braza,7
flake,shala,7
flake,yobbo,7
flake,leete,8
flake,tzara,7
flake,jhana,7
flake,draba,7
flake,loquo,7
flake,shags,7
flake,esata,7
flake,shawu,7
flake,ihara,7
flake,ioana,7
flake,torno,9
flake,ducey,7
flake,swapo,8
flake,solco,7
flake,suppy,7
flake,inada,7
flake,juggy,7
flake,stari,7
flake,shaya,7
flake,bluet,7
flake,suazo,8
flake,fenny,7
flake,meete,7
flake,looke,8
flake,swana,7
flake,bollo,7
flake,dubby,8
flake,adasa,7
flake,vlade,8
flake,tonno,7
flake,diniz,9
flake,izawa,7
flake,gdata,7
flake,khana,7
flake,plazo,7
flake,swany,7
flake,bobco,7
flake,naama,7
flake,xdata,7
flake,purpa,7
flake,purex,7
flake,piasa,7
flake,wuzzy,7
flake,boffo,7
flake,jeske,8
flake,dufty,7
flake,loana,7
flake,dmake,11
flake,chaba,7
flake,teece,9
flake,gerke,7
flake,plamo,8
flake,redds,7
flake,johto,7
flake,riada,7
flake,honso,7
flake,zeese,9
flake,cuaba,7
flake,puama,7
flake,snart,8
flake,alane,7
flake,cloop,7
flake,guiry,7
flake,tussi,7
flake,sharf,7
flake,olans,7
flake,badda,7
flake,reddi,7
flake,alans,8
flake,butty,7
flake,searl,8
flake,peppa,7
flake,tdata,7
flake,kotto,7
flake,numpy,7
flake,geske,8
flake,didio,7
flake,jeeze,7
flake,weepe,9
flake,akala,7
flake,llans,9
flake,feede,7
flake,zaara,7
flake,iwama,7
flake,urawa,7
flake,seany,7
flake,suchy,7
flake,hadda,7
flake,gloor,7
flake,acaba,7
flake,filii,7
flake,dufay,7
flake,neede,9
flake,skapa,7
flake,siana,7
flake,gedda,7
flake,skara,10
flake,jaana,7
flake,baaba,7
flake,pinin,9
flake,hinks,7
flake,umake,12
flake,puros,7
flake,plker,8
flake,grada,7
flake,acara,7
flake,finna,7
flake,snacc,7
flake,teddi,7
flake,micks,8
flake,smarr,8
flake,srams,7
flake,tinks,8
flake,gotto,7
flake,seaso,8
flake,ghada,7
flake,luffy,7
flake,honjo,7
flake,kwara,7
flake,suara,7
flake,kdata,7
flake,lussy,9
flake,xloop,7
flake,mombo,7
flake,brung,7
flake,thara,7
flake,dhara,7
flake,souno,7
flake,enada,7
flake,reala,7
flake,vooks,8
flake,taung,7
flake,hsrry,9
flake,torro,9
flake,beara,8
flake,neeme,9
flake,acasa,7
flake,weeee,8
flake,riana,7
flake,unama,7
flake,mussi,7
flake,blunk,7
flake,gadda,7
flake,multy,7
flake,souto,7
flake,afana,7
flake,kaaaa,7
flake,abana,7
flake,ginia,9
flake,shash,7
flake,svart,8
flake,winip,7
flake,suant,7
flake,zolfo,7
flake,kzaaa,7
flake,thala,7
flake,hzrry,7
flake,arawa,7
flake,snalp,7
flake,gaddi,7
flake,chada,7
flake,hxrry,8
flake,hurri,7
flake,snapz,7
flake,floro,7
flake,puram,7
flake,pursu,7
flake,ronks,8
flake,mugsy,7
flake,swala,7
flake,boxeo,7
flake,czaja,7
flake,meece,9
flake,frats,7
flake,tondo,7
flake,bsddb,7
flake,corro,7
flake,mollo,7
flake,moama,7
flake,pures,7
flake,svarc,8
flake,usasa,7
flake,ddata,7
flake,leske,8
flake,gobbo,7
flake,saabs,7
flake,tocco,7
flake,ruffy,7
flake,avara,7
flake,iwasa,7
flake,hoooo,7
flake,ulate,7
flake,brate,7
flake,maaya,7
flake,plase,7
flake,suomy,7
flake,brade,8
flake,gloop,7
flake,sukey,7
flake,summy,7
flake,plyer,8
flake,zollo,7
flake,jedda,7
flake,sigio,8
flake,piata,7
flake,duley,7
flake,suply,7
flake,yuppy,7
flake,iaapa,7
flake,shapr,7
flake,tussy,9
flake,chata,7
flake,shant,7
flake,fooly,7
flake,zooko,9
flake,iozoo,7
flake,yokoo,7
flake,khara,7
flake,shaar,7
flake,bhaya,8
flake,mkapa,7
flake,dinis,9
flake,lollo,7
flake,ngata,7
flake,meike,8
flake,sopho,7
flake,peppi,7
flake,purri,7
flake,feval,7
flake,teele,9
flake,isaaa,7
flake,peppm,7
flake,esada,7
flake,phala,7
flake,nyaya,7
flake,pappu,7
flake,bukry,7
flake,avada,7
flake,meeee,8
flake,hollo,7
flake,boito,7
flake,clane,8
flake,seana,7
flake,fosco,7
flake,atala,7
flake,wdata,7
flake,muara,7
flake,boldo,7
flake,lotro,7
flake,drava,7
flake,brase,9
flake,akama,7
flake,kinin,9
flake,herry,9
flake,lyana,7
flake,whata,7
flake,thata,7
flake,hoteo,7
flake,shahr,7
flake,wenke,7
flake,sujoy,7
flake,caddr,7
flake,fraza,8
flake,riata,7
flake,murra,7
flake,puasa,7
flake,fesse,8
flake,dyana,7
flake,itaca,7
flake,peeke,7
flake,caddx,7
flake,moneo,7
flake,ibama,7
flake,khama,7
flake,smast,8
flake,azara,7
flake,mdata,7
flake,piara,7
flake,puran,7
flake,thaba,7
flake,uoodo,7
flake,stard,7
flake,siapa,7
flake,wiata,7
flake,lukey,7
flake,svara,8
flake,folco,7
flake,kozmo,7
flake,glute,7
flake,shada,7
flake,jully,7
flake,elkie,7
flake,swara,7
flake,borno,7
flake,asaba,7
flake,swang,7
flake,linix,9
flake,shads,7
flake,llane,8
flake,koito,7
flake,guthy,7
flake,juley,7
flake,urata,8
flake,winik,7
flake,leece,9
flake,asara,7
flake,hvala,7
flake,tuley,7
flake,alanh,7
flake,gurry,7
flake,bozzo,7
flake,grava,7
flake,hrung,7
flake,luddy,7
flake,iloop,7
flake,tsala,7
flake,anara,7
flake,egawa,7
flake,ruley,7
flake,guara,7
flake,seaux,7
flake,ouchy,7
flake,luthy,7
flake,mmake,13
flake,goooo,7
flake,leike,8
flake,murri,7
flake,skaar,7
flake,boooo,7
flake,grasa,7
flake,shabd,8
flake,dulay,7
flake,akara,7
flake,tuloy,7
flake,reede,9
flake,seand,7
flake,heese,9
flake,tyana,7
flake,muley,7
flake,starc,7
flake,siebe,7
flake,tiada,7
flake,ricke,7
flake,feile,8
flake,khaya,7
flake,fracs,8
flake,frvch,7
flake,cloof,7
flake,alama,9
flake,ruthy,7
flake,sonho,7
flake,swarf,8
flake,cuffy,7
flake,frays,9
flake,pleso,8
flake,arrrr,8
flake,caama,7
flake,zinin,9
flake,gokyo,7
flake,edata,7
flake,dzama,7
flake,asawa,7
flake,monjo,7
flake,dukey,7
flake,frass,10
flake,sharx,7
flake,seanc,7
flake,saara,9
flake,holbo,7
flake,claar,8
flake,wohoo,7
flake,cnddb,7
flake,purva,7
flake,ploog,7
flake,eldre,7
flake,totoo,7
flake,alawa,8
flake,hmake,14
flake,cuney,7
flake,tunks,7
flake,smads,7
flake,shali,7
flake,soldo,7
flake,shaji,7
flake,shaak,7
flake,kaala,7
flake,nyasa,7
flake,smake,14
flake,toppo,7
flake,sqart,8
flake,bobbo,7
flake,clach,8
flake,chala,7
flake,psara,7
flake,dhaba,7
flake,awada,7
flake,kombo,7
flake,yaara,7
flake,fevzi,7
flake,linin,9
flake,dossy,7
flake,guapa,7
flake,ssago,7
flake,nuity,7
flake,dosso,9
flake,nulty,7
flake,fooey,7
flake,skaff,7
flake,utata,7
flake,loara,7
flake,lydda,7
flake,krama,7
flake,sjaak,7
flake,mokpo,7
flake,nuddy,7
flake,mulry,7
flake,abaza,7
flake,brawa,7
flake,shaff,7
flake,buley,7
flake,taaza,7
flake,shamp,7
flake,leeze,8
flake,yonks,7
flake,leada,7
flake,laake,7
flake,laddr,7
flake,gwava,7
flake,favia,7
flake,neece,9
flake,reata,7
flake,ronto,7
flake,litio,8
flake,grafe,7
flake,agawa,7
flake,mussy,7
flake,lrapa,7
flake,staro,7
flake,seans,7
flake,ticke,8
flake,praya,7
flake,ihana,7
flake,oorno,8
flake,flaca,7
flake,toolo,7
flake,minia,7
flake,amala,7
flake,kollo,7
flake,tufty,7
flake,tolao,7
flake,shaef,7
flake,duppy,7
flake,siani,7
flake,cupey,7
flake,skaha,7
flake,tutty,7
flake,gollo,7
flake,obdds,7
flake,kussa,7
flake,eaddr,7
flake,biasa,8
flake,ploop,7
flake,shadd,7
flake,udata,7
flake,siadh,7
flake,ntddk,7
flake,munby,7
flake,ssafa,7
flake,sonno,7
flake,boofo,7
flake,anaba,7
flake,skadi,7
flake,faver,7
flake,epath,8
flake,klage,8
flake,feese,9
flake,quity,7
flake,purac,7
flake,kocho,7
flake,bicks,9
flake,sussi,7
flake,anapa,7
flake,ydata,7
flake,touto,7
flake,pleez,8
flake,shaes,7
flake,brana,7
flake,noaca,7
flake,gbaja,7
flake,plzzz,7
flake,smala,7
flake,sinix,9
flake,blaye,7
flake,ikawa,7
flake,asama,7
flake,bdata,7
flake,itala,7
flake,russy,8
flake,braue,10
flake,tekke,8
flake,elice,7
flake,snaga,7
flake,korky,7
flake,sfast,8
flake,fifti,7
flake,shaud,7
flake,nedda,7
flake,goboo,7
flake,amapa,7
flake,favid,7
flake,goolo,7
flake,bpath,7
flake,goblo,7
flake,seaga,7
flake,uaddr,7
flake,gotoo,7
flake,boolo,7
flake,seaes,7
flake,foolo,7
flake,adddl,7
flake,yooho,7
flake,moffo,7
flake,soavi,7
flake,gooyo,7
flake,gloog,7
flake,whaaa,7
flake,hoolo,7
flake,goobo,7
flake,goflo,7
flake,kaddr,7
flake,gooke,7
flake,fynny,7
flake,govoo,7
flake,gooto,7
flake,goofo,7
flake,hully,7
flake,gohlo,7
flake,foogo,7
flake,glool,7
flake,yohho,7
flake,gooho,7
flake,goilo,7
flake,gotlo,7
flake,goopo,7
flake,gohoo,7
flake,goyoo,7
flake,gooko,9
flake,ootlo,7
flake,ooblo,7
flake,yoolo,7
flake,goylo,7
flake,goplo,7
flake,goovo,7
lyric,sales,7
lyric,takes,7
lyric,wales,7
lyric,devel,7
lyric,newer,7
lyric,sagem,7
lyric,dover,7
lyric,sewer,7
lyric,weber,7
lyric,celeb,7
lyric,coded,9
lyric,fedex,7
lyric,pagan,9
lyric,satan,7
lyric,nobel,7
lyric,foley,7
lyric,mover,7
lyric,hates,7
lyric,yates,7
lyric,voyer,7
lyric,terre,8
lyric,mayen,8
lyric,hertz,7
lyric,eater,7
lyric,mower,8
lyric,nader,7
lyric,monet,7
lyric,vader,7
lyric,wager,7
lyric,genet,7
lyric,faber,7
lyric,serge,7
lyric,mayan,7
lyric,vogel,7
lyric,hanes,7
lyric,banda,8
lyric,meier,7
lyric,regex,7
lyric,roget,7
lyric,coder,7
lyric,chong,7
lyric,norco,7
lyric,halen,8
lyric,saber,7
lyric,melee,8
lyric,raman,7
lyric,corso,7
lyric,toned,9
lyric,zoned,9
lyric,haben,8
lyric,keyes,7
lyric,sitio,7
lyric,vowed,8
lyric,carta,7
lyric,sonet,7
lyric,daley,7
lyric,oates,7
lyric,dawes,7
lyric,cedex,7
lyric,covey,7
lyric,rapes,7
lyric,jalan,10
lyric,dagen,10
lyric,webex,7
lyric,haier,7
lyric,yarra,8
lyric,towed,8
lyric,taker,7
lyric,cavan,7
lyric,darpa,8
lyric,terme,7
lyric,sauer,7
lyric,tures,7
lyric,waxes,7
lyric,coden,7
lyric,coney,7
lyric,movei,7
lyric,moyer,7
lyric,karts,7
lyric,targa,8
lyric,rosso,7
lyric,hades,7
lyric,poked,7
lyric,hacer,7
lyric,sigia,7
lyric,eames,7
lyric,sager,7
lyric,ayala,7
lyric,nagel,7
lyric,yoder,7
lyric,gener,7
lyric,eagan,9
lyric,jurys,7
lyric,corus,7
lyric,fader,7
lyric,haney,7
lyric,sehen,7
lyric,oakes,7
lyric,fahey,7
lyric,domed,9
lyric,morro,7
lyric,rouen,7
lyric,medea,7
lyric,hagan,7
lyric,polen,7
lyric,haber,7
lyric,meteo,7
lyric,pygmy,7
lyric,cowes,8
lyric,hamer,7
lyric,cowen,7
lyric,gordo,7
lyric,hawes,7
lyric,noyes,7
lyric,gamez,7
lyric,movem,7
lyric,hager,7
lyric,namen,9
lyric,catan,7
lyric,babar,7
lyric,serre,8
lyric,howes,7
lyric,hamel,7
lyric,hales,7
lyric,corpo,7
lyric,bursa,7
lyric,bazar,7
lyric,hoyer,8
lyric,tamer,7
lyric,moyen,7
lyric,rajan,7
lyric,sagan,9
lyric,saleh,7
lyric,daten,7
lyric,taber,7
lyric,razer,7
lyric,xalan,7
lyric,kamen,9
lyric,neuer,7
lyric,banca,8
lyric,rater,7
lyric,komen,7
lyric,kabel,7
lyric,herne,7
lyric,rader,7
lyric,zales,7
lyric,seder,7
lyric,herve,7
lyric,fazer,7
lyric,valeo,7
lyric,corto,7
lyric,hagel,7
lyric,ramey,7
lyric,daman,7
lyric,famer,7
lyric,feder,7
lyric,kates,7
lyric,royer,7
lyric,sires,7
lyric,seger,7
lyric,neues,7
lyric,capel,7
lyric,dozer,7
lyric,moley,7
lyric,joris,7
lyric,rotel,7
lyric,nitin,7
lyric,byway,7
lyric,kameo,7
lyric,jager,7
lyric,petey,7
lyric,mahan,7
lyric,hafan,7
lyric,sobel,7
lyric,hofer,8
lyric,raked,9
lyric,sayer,7
lyric,madan,7
lyric,neyer,7
lyric,kegel,7
lyric,kilim,7
lyric,geyer,7
lyric,varga,7
lyric,zaman,7
lyric,jilin,7
lyric,damen,9
lyric,neces,7
lyric,voxel,7
lyric,dilip,7
lyric,zener,7
lyric,marca,8
lyric,poten,7
lyric,fogel,7
lyric,givin,7
lyric,jozef,7
lyric,terje,7
lyric,datel,7
lyric,hauer,7
lyric,negev,7
lyric,roden,7
lyric,tages,7
lyric,jalal,7
lyric,waker,7
lyric,ridin,7
lyric,redes,7
lyric,capex,7
lyric,tater,7
lyric,ragan,9
lyric,sahel,7
lyric,berge,7
lyric,yager,7
lyric,codev,7
lyric,roxen,7
lyric,bayan,7
lyric,pavan,7
lyric,raney,7
lyric,roped,7
lyric,aegee,8
lyric,woden,7
lyric,denen,7
lyric,serta,7
lyric,datei,7
lyric,rozen,7
lyric,soley,7
lyric,dower,8
lyric,ricin,7
lyric,sexey,7
lyric,eades,7
lyric,gioia,7
lyric,wader,7
lyric,marra,8
lyric,aedes,7
lyric,caney,7
lyric,coped,7
lyric,ferme,7
lyric,rowed,8
lyric,depew,7
lyric,dabei,7
lyric,calea,7
lyric,tilia,7
lyric,jouer,7
lyric,vater,7
lyric,lapin,7
lyric,hakan,7
lyric,kamel,7
lyric,sefer,7
lyric,hames,7
lyric,hartz,7
lyric,cilia,7
lyric,rexel,7
lyric,navan,7
lyric,kurth,8
lyric,bagan,7
lyric,dures,7
lyric,delen,7
lyric,tarja,8
lyric,samet,7
lyric,neves,7
lyric,recep,7
lyric,toyed,9
lyric,batam,7
lyric,ueber,7
lyric,depen,7
lyric,nihil,7
lyric,reger,7
lyric,maman,7
lyric,noael,7
lyric,soler,7
lyric,hanan,7
lyric,sagen,10
lyric,datex,7
lyric,moyes,7
lyric,gabel,7
lyric,haman,7
lyric,kahan,7
lyric,gowen,7
lyric,veces,7
lyric,robed,9
lyric,bahai,7
lyric,merwe,7
lyric,moder,7
lyric,feuer,7
lyric,petes,7
lyric,wowed,7
lyric,medem,7
lyric,dayan,7
lyric,roney,7
lyric,gazer,7
lyric,nadel,7
lyric,kemet,8
lyric,kemer,8
lyric,jaber,7
lyric,wooed,8
lyric,taney,7
lyric,bolen,9
lyric,paden,9
lyric,yolen,7
lyric,jeden,7
lyric,takei,7
lyric,hovey,8
lyric,purus,7
lyric,dager,7
lyric,saban,7
lyric,rober,7
lyric,takeo,7
lyric,fowey,8
lyric,kamer,7
lyric,merce,7
lyric,nates,7
lyric,marga,8
lyric,raper,7
lyric,coleg,7
lyric,jolee,7
lyric,dever,7
lyric,marfa,8
lyric,sigil,7
lyric,serfs,7
lyric,zabel,7
lyric,corin,10
lyric,deben,7
lyric,deuel,7
lyric,kener,7
lyric,torii,7
lyric,vivir,7
lyric,sowed,8
lyric,jafar,7
lyric,bertl,7
lyric,peper,7
lyric,tames,7
lyric,noten,9
lyric,herbe,7
lyric,robey,7
lyric,vadem,7
lyric,caley,7
lyric,kaman,8
lyric,reber,7
lyric,peder,7
lyric,zonet,7
lyric,certi,7
lyric,comed,9
lyric,sarma,10
lyric,gahan,7
lyric,makan,7
lyric,kader,7
lyric,daher,7
lyric,oakey,7
lyric,donee,7
lyric,peden,7
lyric,berle,7
lyric,daler,7
lyric,malan,7
lyric,howey,7
lyric,marja,8
lyric,neuem,7
lyric,goped,7
lyric,namer,7
lyric,reget,7
lyric,soled,9
lyric,zooey,7
lyric,lamin,8
lyric,roten,7
lyric,natan,9
lyric,dadey,7
lyric,marea,8
lyric,galan,7
lyric,duras,7
lyric,rolen,7
lyric,sarda,9
lyric,meles,7
lyric,civis,7
lyric,ronen,7
lyric,nacaa,9
lyric,moden,7
lyric,raley,7
lyric,karta,7
lyric,bahar,7
lyric,marsa,8
lyric,dovey,7
lyric,katey,7
lyric,zadeh,7
lyric,hones,8
lyric,calen,9
lyric,dauer,7
lyric,sigir,7
lyric,keyer,7
lyric,darya,8
lyric,jovem,7
lyric,logis,7
lyric,penes,7
lyric,decem,7
lyric,voced,9
lyric,corio,7
lyric,nebel,7
lyric,caked,9
lyric,calan,7
lyric,balan,7
lyric,dozed,8
lyric,gapes,7
lyric,cowed,8
lyric,dater,7
lyric,hexen,7
lyric,remer,8
lyric,sabes,7
lyric,cassa,8
lyric,tagan,7
lyric,peleg,7
lyric,saman,7
lyric,sibiu,7
lyric,jades,7
lyric,cades,7
lyric,janez,7
lyric,herre,8
lyric,nakes,7
lyric,novem,7
lyric,cusps,7
lyric,domen,7
lyric,marya,8
lyric,xanex,7
lyric,tassa,8
lyric,coria,7
lyric,sebel,7
lyric,holey,8
lyric,barta,7
lyric,vales,7
lyric,saner,7
lyric,newel,7
lyric,cogen,7
lyric,cahen,9
lyric,geier,7
lyric,galea,7
lyric,regel,7
lyric,saxes,7
lyric,motet,7
lyric,sarna,7
lyric,narva,8
lyric,aames,7
lyric,zazen,7
lyric,cemex,8
lyric,satel,7
lyric,babak,7
lyric,canet,7
lyric,paean,7
lyric,badal,7
lyric,oozed,9
lyric,dahan,7
lyric,samen,9
lyric,wades,7
lyric,ramer,7
lyric,doled,9
lyric,neben,9
lyric,mosso,7
lyric,menes,7
lyric,sates,7
lyric,fames,7
lyric,bidir,7
lyric,denes,7
lyric,valen,9
lyric,momen,7
lyric,doles,7
lyric,dalen,9
lyric,passa,7
lyric,defen,7
lyric,celex,7
lyric,wanes,7
lyric,zobel,7
lyric,monee,7
lyric,nexen,7
lyric,mewes,7
lyric,bordo,9
lyric,noter,7
lyric,doyen,7
lyric,weyer,7
lyric,ganes,7
lyric,hodel,8
lyric,yodel,7
lyric,kobes,7
lyric,naeem,7
lyric,dagan,9
lyric,joxer,7
lyric,tabel,7
lyric,carda,9
lyric,hacen,8
lyric,mures,7
lyric,varla,7
lyric,monel,7
lyric,samer,7
lyric,sones,7
lyric,kalan,11
lyric,voces,7
lyric,wedel,7
lyric,linie,7
lyric,yoked,7
lyric,fovea,7
lyric,carga,8
lyric,sanet,7
lyric,moher,7
lyric,janak,7
lyric,medes,7
lyric,seles,7
lyric,newey,7
lyric,hotes,8
lyric,genel,7
lyric,berti,7
lyric,balak,7
lyric,cilip,7
lyric,myway,7
lyric,coben,7
lyric,fogey,7
lyric,eales,7
lyric,balas,7
lyric,semel,8
lyric,metes,7
lyric,layin,11
lyric,keter,7
lyric,kivio,7
lyric,cenet,7
lyric,pelee,7
lyric,caker,7
lyric,camer,7
lyric,hazes,7
lyric,corno,10
lyric,badan,7
lyric,gamee,7
lyric,bakar,7
lyric,reves,7
lyric,kaleu,7
lyric,cagey,7
lyric,mecer,7
lyric,zaken,8
lyric,kater,7
lyric,certo,7
lyric,pawan,7
lyric,verze,7
lyric,manan,7
lyric,saget,7
lyric,caner,7
lyric,remem,8
lyric,bazan,7
lyric,rames,7
lyric,hodes,8
lyric,zinio,7
lyric,jabal,7
lyric,gabaa,9
lyric,batak,7
lyric,gavan,7
lyric,sofer,7
lyric,sezer,7
lyric,licit,7
lyric,karna,7
lyric,citie,7
lyric,daiei,7
lyric,cofee,7
lyric,sprin,8
lyric,faker,7
lyric,banya,8
lyric,hotei,8
lyric,aaraa,7
lyric,cooed,9
lyric,gayer,7
lyric,perea,7
lyric,kames,7
lyric,roces,7
lyric,banna,7
lyric,selen,7
lyric,jouet,7
lyric,pixis,7
lyric,doner,7
lyric,dades,7
lyric,salen,9
lyric,waken,7
lyric,hoger,8
lyric,burqa,7
lyric,maden,8
lyric,wever,7
lyric,cedes,7
lyric,neges,7
lyric,norio,7
lyric,molen,7
lyric,neveu,7
lyric,ratan,7
lyric,zetex,7
lyric,sobek,7
lyric,vevey,7
lyric,noris,7
lyric,nomem,7
lyric,porin,10
lyric,bikin,7
lyric,foner,7
lyric,gamea,7
lyric,gamew,7
lyric,fones,7
lyric,cinio,7
lyric,titis,7
lyric,divis,7
lyric,wagen,7
lyric,berto,7
lyric,hatem,7
lyric,banga,8
lyric,risin,7
lyric,segel,7
lyric,saker,7
lyric,reuel,7
lyric,seben,7
lyric,weder,7
lyric,sawan,7
lyric,raker,7
lyric,faden,9
lyric,kotel,7
lyric,noles,7
lyric,defeo,7
lyric,cegep,7
lyric,rager,7
lyric,jobes,7
lyric,honea,8
lyric,relea,7
lyric,wayan,7
lyric,gamex,7
lyric,foxed,9
lyric,selex,7
lyric,reden,7
lyric,herta,7
lyric,darra,8
lyric,seres,8
lyric,meris,7
lyric,naber,7
lyric,sorbo,7
lyric,hower,7
lyric,retek,7
lyric,moyet,7
lyric,wonen,7
lyric,maben,8
lyric,cager,7
lyric,solen,7
lyric,kovel,7
lyric,sater,7
lyric,harta,7
lyric,dolev,7
lyric,meget,7
lyric,cofer,7
lyric,taher,7
lyric,goten,7
lyric,facer,7
lyric,soden,7
lyric,littl,7
lyric,sarva,8
lyric,marna,7
lyric,saler,7
lyric,wikia,7
lyric,jagan,7
lyric,japen,7
lyric,veter,7
lyric,naneu,7
lyric,harga,8
lyric,facey,7
lyric,hoder,8
lyric,cabel,7
lyric,neven,8
lyric,dodea,7
lyric,roter,7
lyric,dogen,7
lyric,hazan,7
lyric,reder,7
lyric,kamei,7
lyric,gaber,7
lyric,bidil,7
lyric,patan,7
lyric,soter,7
lyric,sayan,7
lyric,doney,7
lyric,naaee,7
lyric,hooey,8
lyric,dorit,7
lyric,vaden,9
lyric,koger,7
lyric,gerbe,7
lyric,poped,7
lyric,kavan,9
lyric,peyer,7
lyric,gameq,7
lyric,xover,7
lyric,barke,7
lyric,sames,7
lyric,kanei,7
lyric,watan,7
lyric,kaler,7
lyric,halex,7
lyric,sabel,7
lyric,categ,7
lyric,foden,7
lyric,forro,8
lyric,gagan,8
lyric,kassa,8
lyric,fazem,7
lyric,bozen,7
lyric,dacey,7
lyric,fales,7
lyric,menem,7
lyric,gakes,7
lyric,vames,7
lyric,gajes,7
lyric,dayer,7
lyric,hydes,7
lyric,carya,8
lyric,kaper,7
lyric,celes,7
lyric,noweb,8
lyric,siwis,7
lyric,boten,8
lyric,weier,7
lyric,zerbe,7
lyric,holen,7
lyric,soyer,7
lyric,ceder,7
lyric,rodes,7
lyric,zoner,7
lyric,yames,7
lyric,eieio,7
lyric,balai,7
lyric,vatan,7
lyric,raben,9
lyric,carth,9
lyric,moler,7
lyric,litig,7
lyric,caber,7
lyric,eaker,7
lyric,yanez,7
lyric,moten,7
lyric,xetex,7
lyric,pebeo,7
lyric,facep,7
lyric,meder,7
lyric,memex,7
lyric,kalev,7
lyric,sader,7
lyric,jacen,9
lyric,tamen,9
lyric,wates,7
lyric,derge,7
lyric,oages,7
lyric,segev,7
lyric,nemea,8
lyric,covel,7
lyric,neger,7
lyric,errrr,7
lyric,relex,7
lyric,moies,7
lyric,delet,7
lyric,houes,8
lyric,jordo,7
lyric,dayes,7
lyric,taiex,7
lyric,serue,7
lyric,taleb,7
lyric,jodee,7
lyric,eadem,7
lyric,ieper,7
lyric,bipin,7
lyric,fadel,7
lyric,hoher,8
lyric,papen,8
lyric,nitix,7
lyric,gahes,7
lyric,celer,7
lyric,hotep,8
lyric,koryo,7
lyric,taler,7
lyric,seras,9
lyric,caban,7
lyric,cofes,7
lyric,kober,7
lyric,jorie,7
lyric,eazel,7
lyric,terah,7
lyric,matan,7
lyric,uarts,7
lyric,taked,7
lyric,mezei,7
lyric,moter,7
lyric,kaner,7
lyric,coned,9
lyric,genex,7
lyric,hohen,7
lyric,habet,7
lyric,muris,7
lyric,rotem,7
lyric,taner,7
lyric,wakey,7
lyric,redex,7
lyric,katan,11
lyric,saheb,7
lyric,racey,7
lyric,certa,7
lyric,strib,7
lyric,donen,7
lyric,bahay,7
lyric,nager,7
lyric,sadan,7
lyric,zorin,7
lyric,corvo,7
lyric,havea,7
lyric,medex,7
lyric,pelem,7
lyric,cayes,7
lyric,saket,7
lyric,balam,7
lyric,vedeo,7
lyric,narra,8
lyric,yeley,7
lyric,capet,7
lyric,gater,7
lyric,sobey,7
lyric,jagat,7
lyric,neder,7
lyric,saros,7
lyric,civit,7
lyric,kohei,7
lyric,recei,7
lyric,debes,7
lyric,seper,7
lyric,gewex,7
lyric,diniz,7
lyric,cagan,9
lyric,rever,7
lyric,dotel,7
lyric,doxey,7
lyric,raban,7
lyric,nonet,7
lyric,solem,7
lyric,yaman,7
lyric,kogel,7
lyric,raber,7
lyric,noces,7
lyric,sitia,7
lyric,peten,7
lyric,regev,7
lyric,ketek,7
lyric,hogel,8
lyric,cenex,7
lyric,aeree,7
lyric,roder,7
lyric,waber,7
lyric,warra,7
lyric,wobei,7
lyric,conet,7
lyric,poled,9
lyric,rayet,7
lyric,damer,7
lyric,divin,7
lyric,eanes,7
lyric,noria,7
lyric,koven,8
lyric,mozer,7
lyric,strin,8
lyric,caeel,7
lyric,morbo,7
lyric,cozen,7
lyric,houee,7
lyric,rayes,7
lyric,kerne,7
lyric,dorso,7
lyric,toped,7
lyric,voges,7
lyric,jabar,7
lyric,delek,7
lyric,tager,7
lyric,coxes,7
lyric,dazey,7
lyric,bahan,7
lyric,danen,9
lyric,rahel,7
lyric,mogen,7
lyric,rodel,7
lyric,eakes,7
lyric,saper,7
lyric,joner,7
lyric,seney,7
lyric,doget,7
lyric,narda,7
lyric,senex,7
lyric,morto,7
lyric,sodes,7
lyric,xanes,7
lyric,naket,7
lyric,korin,8
lyric,wawel,7
lyric,deneb,7
lyric,kagel,7
lyric,solea,7
lyric,joues,7
lyric,kadee,7
lyric,xinit,8
lyric,aaker,7
lyric,tarda,9
lyric,aalen,9
lyric,balay,7
lyric,jelen,7
lyric,capen,9
lyric,cewek,7
lyric,oisin,7
lyric,didio,7
lyric,zager,7
lyric,habel,7
lyric,dodes,7
lyric,bakan,7
lyric,tarea,8
lyric,mohel,7
lyric,aamer,7
lyric,waban,7
lyric,hanel,7
lyric,voies,7
lyric,sirus,7
lyric,colen,7
lyric,jater,7
lyric,mones,7
lyric,zanes,7
lyric,gerty,7
lyric,tipis,7
lyric,eeden,7
lyric,bacau,7
lyric,coxed,9
lyric,zarya,8
lyric,darda,8
lyric,senet,7
lyric,vezes,7
lyric,namez,7
lyric,tabet,7
lyric,hakes,7
lyric,gamey,7
lyric,aikin,7
lyric,vexel,7
lyric,cahan,7
lyric,herge,7
lyric,bidis,7
lyric,narth,7
lyric,volek,7
lyric,tarra,8
lyric,codee,7
lyric,kover,7
lyric,jazar,7
lyric,tacan,8
lyric,nexel,7
lyric,zebex,7
lyric,tahan,7
lyric,gelee,8
lyric,ganey,7
lyric,pinin,7
lyric,kedem,7
lyric,galer,7
lyric,dotes,7
lyric,roley,7
lyric,namee,7
lyric,sebek,7
lyric,joies,7
lyric,puros,7
lyric,naved,7
lyric,zedek,7
lyric,talet,7
lyric,kozel,7
lyric,xemex,8
lyric,barka,7
lyric,qotes,7
lyric,zodee,7
lyric,wowee,7
lyric,nales,7
lyric,aotea,7
lyric,genev,7
lyric,oorgo,7
lyric,namex,7
lyric,kazem,7
lyric,namea,7
lyric,burba,7
lyric,cerne,7
lyric,codea,7
lyric,jover,7
lyric,sibir,7
lyric,nodev,7
lyric,gebel,7
lyric,uotes,7
lyric,hazem,7
lyric,darna,7
lyric,semes,8
lyric,gamel,7
lyric,pijin,7
lyric,salex,7
lyric,naper,7
lyric,garra,7
lyric,rotes,7
lyric,echec,7
lyric,newex,7
lyric,codew,7
lyric,kawan,10
lyric,dalea,7
lyric,gilia,7
lyric,carpa,8
lyric,fayez,7
lyric,talex,7
lyric,gaper,7
lyric,taleo,7
lyric,meria,7
lyric,ragen,10
lyric,facel,7
lyric,gorno,7
lyric,ramel,7
lyric,zaher,7
lyric,iomem,7
lyric,tazer,7
lyric,namew,7
lyric,mener,7
lyric,karya,8
lyric,bagay,7
lyric,waner,7
lyric,nanes,7
lyric,aifia,7
lyric,kanes,7
lyric,rales,7
lyric,weeee,8
lyric,hurtt,7
lyric,rowes,8
lyric,suras,7
lyric,berty,7
lyric,genew,7
lyric,harth,8
lyric,dones,7
lyric,xaaes,7
lyric,marwa,8
lyric,coces,7
lyric,waley,7
lyric,nameq,7
lyric,farha,8
lyric,dawei,7
lyric,kozer,7
lyric,vodes,7
lyric,raden,9
lyric,codeq,7
lyric,deleo,7
lyric,xodes,7
lyric,reyer,7
lyric,fodes,7
lyric,joles,7
lyric,kayes,7
lyric,coees,7
lyric,eeves,7
lyric,sewel,7
lyric,letal,7
lyric,jojes,7
lyric,jazaa,9
lyric,mogel,7
lyric,ginia,7
lyric,fager,7
lyric,couer,7
lyric,waxer,7
lyric,najes,7
lyric,kolej,7
lyric,hyles,7
lyric,toria,7
lyric,winip,7
lyric,sarra,8
lyric,koten,7
lyric,kozee,7
lyric,qaqaa,9
lyric,bazaa,7
lyric,warna,7
lyric,valey,7
lyric,forio,7
lyric,zemel,8
lyric,jooes,7
lyric,nahes,7
lyric,aoril,7
lyric,jotel,7
lyric,popek,7
lyric,dolen,7
lyric,watez,7
lyric,wawez,7
lyric,nelem,7
lyric,waeez,8
lyric,jivin,7
lyric,lyriv,7
lyric,bacal,7
lyric,durgs,7
lyric,vejer,7
lyric,sagev,7
lyric,reven,7
lyric,nemes,8
lyric,camey,7
lyric,nidia,7
lyric,palen,9
lyric,vaneo,7
lyric,noget,7
lyric,ratee,7
lyric,homen,7
lyric,kales,7
lyric,hawea,7
lyric,zonen,7
lyric,hoyel,8
lyric,yound,7
lyric,kolev,7
lyric,hotek,8
lyric,corro,10
lyric,pures,7
lyric,hayer,7
lyric,koder,7
lyric,titin,7
lyric,maroa,8
lyric,jawan,8
lyric,zeger,7
lyric,heroe,7
lyric,sadeh,7
lyric,gemet,8
lyric,kerle,7
lyric,lilit,7
lyric,cooee,7
lyric,goris,7
lyric,melek,7
lyric,koden,7
lyric,serpe,7
lyric,zeven,7
lyric,sapey,7
lyric,malen,8
lyric,baoan,7
lyric,kaban,11
lyric,sameh,7
lyric,natef,7
lyric,oogel,7
lyric,gonen,7
lyric,wamen,8
lyric,galex,7
lyric,daney,7
lyric,farra,8
lyric,tataa,9
lyric,sigio,7
lyric,moxey,7
lyric,nones,7
lyric,herte,7
lyric,mozes,7
lyric,biwis,7
lyric,zarqa,8
lyric,dalet,7
lyric,foris,7
lyric,veges,7
lyric,nefer,7
lyric,hakea,7
lyric,hahaa,9
lyric,denel,7
lyric,natel,7
lyric,canel,7
lyric,zaner,7
lyric,cames,7
lyric,macan,7
lyric,medel,7
lyric,kaces,7
lyric,payan,7
lyric,tayeb,7
lyric,cader,7
lyric,rapel,7
lyric,lihir,7
lyric,bapak,7
lyric,canan,7
lyric,nayef,7
lyric,eevee,7
lyric,coris,7
lyric,howel,7
lyric,noder,7
lyric,babai,7
lyric,moxee,7
lyric,cerge,7
lyric,jawas,7
lyric,dinis,7
lyric,eurus,7
lyric,gaian,7
lyric,ketel,7
lyric,hader,7
lyric,perel,8
lyric,weger,7
lyric,decel,7
lyric,zowel,8
lyric,kever,7
lyric,gomen,7
lyric,namei,7
lyric,eures,7
lyric,wagan,9
lyric,venet,7
lyric,torgo,7
lyric,karaa,8
lyric,honer,8
lyric,ravan,7
lyric,sivin,7
lyric,notel,7
lyric,didim,7
lyric,logia,8
lyric,pilin,7
lyric,gabes,7
lyric,rusas,7
lyric,kalee,7
lyric,manen,7
lyric,meeee,8
lyric,nayan,9
lyric,cayey,7
lyric,seber,7
lyric,jarke,8
lyric,memel,8
lyric,wisin,7
lyric,vobes,7
lyric,tanel,7
lyric,joyed,7
lyric,davan,7
lyric,wezel,7
lyric,eader,7
lyric,valer,7
lyric,gager,7
lyric,bapat,7
lyric,vanem,7
lyric,tahaa,8
lyric,kadel,7
lyric,corbo,7
lyric,codek,7
lyric,haker,7
lyric,roues,7
lyric,yotel,7
lyric,hibis,7
lyric,kayan,11
lyric,veber,7
lyric,sajan,7
lyric,colet,7
lyric,sener,7
lyric,kinin,7
lyric,mimir,8
lyric,jobek,7
lyric,pedes,7
lyric,nebet,7
lyric,gades,7
lyric,hofel,8
lyric,uotel,7
lyric,fabel,7
lyric,norvo,7
lyric,garba,8
lyric,tarla,8
lyric,naden,9
lyric,hazer,7
lyric,voris,7
lyric,hoteo,8
lyric,volet,7
lyric,coked,7
lyric,sirin,7
lyric,kogen,7
lyric,jakab,7
lyric,oysby,7
lyric,bilin,7
lyric,rakel,7
lyric,seyer,7
lyric,couey,7
lyric,zanex,7
lyric,noyer,7
lyric,rades,7
lyric,kozen,7
lyric,yepes,7
lyric,aavan,7
lyric,yapex,7
lyric,roves,7
lyric,hayan,7
lyric,yahel,7
lyric,salei,7
lyric,forbo,7
lyric,sarka,8
lyric,cymry,7
lyric,gezer,7
lyric,seien,7
lyric,kaleo,7
lyric,gorgo,7
lyric,moneo,7
lyric,jawab,7
lyric,faget,7
lyric,iacet,7
lyric,fobes,7
lyric,mezey,7
lyric,muros,7
lyric,ramez,7
lyric,gezet,7
lyric,toril,7
lyric,iatan,7
lyric,oaked,8
lyric,saben,9
lyric,rozel,7
lyric,bivio,7
lyric,coher,7
lyric,radel,7
lyric,bakay,7
lyric,radev,7
lyric,ranee,7
lyric,sover,7
lyric,nameh,7
lyric,gamet,7
lyric,demeo,8
lyric,iecex,7
lyric,nimis,7
lyric,goyen,7
lyric,nayer,7
lyric,warta,8
lyric,doned,9
lyric,curfs,7
lyric,burna,7
lyric,borno,8
lyric,gisin,7
lyric,hocel,8
lyric,linix,7
lyric,finit,7
lyric,babas,7
lyric,farda,9
lyric,jakar,7
lyric,yibin,7
lyric,waleg,7
lyric,deber,7
lyric,jaleo,7
lyric,honen,7
lyric,oever,7
lyric,norie,7
lyric,roben,7
lyric,nacer,7
lyric,nassa,8
lyric,sadeq,7
lyric,tikis,7
lyric,xeyes,7
lyric,vates,7
lyric,coler,7
lyric,netex,7
lyric,janee,7
lyric,yohei,7
lyric,robel,7
lyric,hovea,8
lyric,veles,7
lyric,samey,7
lyric,stres,7
lyric,vener,7
lyric,doges,7
lyric,rorie,7
lyric,hidin,7
lyric,horia,7
lyric,reeep,7
lyric,geber,7
lyric,reten,7
lyric,badar,7
lyric,vatel,7
lyric,sassa,8
lyric,eezer,7
lyric,stros,7
lyric,galey,7
lyric,hobey,8
lyric,katee,7
lyric,corzo,7
lyric,bicis,7
lyric,neter,7
lyric,marda,9
lyric,karra,8
lyric,gaden,9
lyric,korjo,7
lyric,camex,7
lyric,modey,7
lyric,vexes,7
lyric,moted,7
lyric,berte,7
lyric,nemer,8
lyric,bitin,7
lyric,bikii,7
lyric,nabel,7
lyric,xarxa,8
lyric,boooo,8
lyric,jamee,7
lyric,janas,7
lyric,devey,7
lyric,haces,7
lyric,durus,7
lyric,bigip,7
lyric,rawer,7
lyric,zemer,8
lyric,gorie,7
lyric,cazes,7
lyric,kazen,8
lyric,nolet,7
lyric,turfs,7
lyric,norin,9
lyric,cilis,7
lyric,salep,7
lyric,ratez,7
lyric,coner,7
lyric,rabel,7
lyric,qader,7
lyric,wener,7
lyric,nevel,7
lyric,garma,7
lyric,kepel,7
lyric,depel,7
lyric,jerle,7
lyric,berre,7
lyric,rozek,7
lyric,harma,10
lyric,bacak,7
lyric,cepek,7
lyric,genea,7
lyric,ieder,7
lyric,bijin,7
lyric,vodeo,7
lyric,sedes,7
lyric,hazey,7
lyric,arrrr,7
lyric,kalei,7
lyric,borie,7
lyric,nofee,7
lyric,dalem,7
lyric,rozet,7
lyric,najeh,7
lyric,hoyes,8
lyric,raget,7
lyric,fayer,7
lyric,zinin,7
lyric,atric,7
lyric,kalem,7
lyric,jerre,8
lyric,jicin,7
lyric,ratea,7
lyric,fejer,7
lyric,nobes,7
lyric,ionen,7
lyric,aidin,7
lyric,vahan,7
lyric,xaman,7
lyric,dozes,7
lyric,yanes,7
lyric,turcs,7
lyric,yener,7
lyric,dalan,7
lyric,haner,7
lyric,taian,8
lyric,harua,8
lyric,titie,7
lyric,fazel,7
lyric,digis,7
lyric,carac,7
lyric,faken,8
lyric,qelei,7
lyric,ronee,7
lyric,bawah,7
lyric,nover,7
lyric,pacen,9
lyric,fayet,7
lyric,dabel,7
lyric,hanen,7
lyric,janam,7
lyric,salee,7
lyric,iodev,7
lyric,doyel,7
lyric,kadan,11
lyric,ganem,7
lyric,mprii,7
lyric,jakey,7
lyric,herze,7
lyric,noven,7
lyric,calef,7
lyric,pozen,7
lyric,roven,8
lyric,solei,7
lyric,rapet,7
lyric,gefeg,7
lyric,coues,7
lyric,darma,8
lyric,lixit,7
lyric,hixie,7
lyric,ratel,7
lyric,merve,7
lyric,cadel,7
lyric,hogen,7
lyric,nogen,7
lyric,carna,7
lyric,bayat,7
lyric,galef,7
lyric,ionel,7
lyric,tatem,7
lyric,hagey,7
lyric,gazan,7
lyric,rogen,7
lyric,ealey,7
lyric,devem,7
lyric,oifig,7
lyric,demel,8
lyric,eates,7
lyric,walet,7
lyric,vusys,7
lyric,wakan,7
lyric,peret,8
lyric,yageo,7
lyric,ratex,7
lyric,torit,7
lyric,ootes,7
lyric,rewey,7
lyric,herde,7
lyric,cober,7
lyric,oatey,7
lyric,memek,8
lyric,cales,7
lyric,danel,7
lyric,dosso,7
lyric,fooey,7
lyric,nahan,8
lyric,yawer,7
lyric,ratew,7
lyric,tamez,7
lyric,relet,7
lyric,rajen,9
lyric,horit,7
lyric,wauer,7
lyric,garva,8
lyric,warba,8
lyric,tacey,7
lyric,danan,7
lyric,peles,7
lyric,coyer,7
lyric,yanan,7
lyric,aaman,7
lyric,kagen,8
lyric,iodef,7
lyric,rogel,7
lyric,sanes,7
lyric,savan,7
lyric,menen,7
lyric,naken,9
lyric,eilis,7
lyric,penev,7
lyric,jarir,7
lyric,votel,7
lyric,sezen,7
lyric,movel,7
lyric,danet,7
lyric,alric,7
lyric,babae,7
lyric,aanet,7
lyric,deler,7
lyric,serms,9
lyric,yarka,8
lyric,soder,7
lyric,ratey,7
lyric,poria,7
lyric,nawer,7
lyric,gilis,7
lyric,gayet,7
lyric,sidis,7
lyric,perek,8
lyric,comen,7
lyric,litio,7
lyric,tawes,7
lyric,marma,9
lyric,ramee,7
lyric,balah,7
lyric,poyen,7
lyric,hamet,7
lyric,meden,7
lyric,torco,7
lyric,rouet,7
lyric,torto,7
lyric,rakan,7
lyric,decen,7
lyric,codet,7
lyric,oomen,7
lyric,oorno,9
lyric,dober,7
lyric,jodes,7
lyric,ayday,7
lyric,tifia,7
lyric,janan,9
lyric,beric,7
lyric,lazin,9
lyric,jaken,10
lyric,harra,8
lyric,herme,7
lyric,kapeh,7
lyric,metel,7
lyric,jodel,7
lyric,iogen,7
lyric,wanee,7
lyric,cisin,7
lyric,salew,7
lyric,daies,7
lyric,tarma,10
lyric,fener,7
lyric,serle,7
lyric,aound,7
lyric,kobel,7
lyric,kadet,7
lyric,lanin,10
lyric,eavan,7
lyric,uebel,7
lyric,kuras,7
lyric,remes,8
lyric,digir,7
lyric,sjres,7
lyric,cayer,7
lyric,dassa,8
lyric,hurth,7
lyric,dawan,7
lyric,boded,7
lyric,rejet,7
lyric,herle,7
lyric,voxeo,7
lyric,mowen,7
lyric,rewer,7
lyric,verbe,7
lyric,debet,7
lyric,sordo,7
lyric,meroe,7
lyric,payen,9
lyric,kenen,7
lyric,boofo,7
lyric,aorto,7
lyric,rateq,7
lyric,motek,7
lyric,lerin,7
lyric,badam,7
lyric,jarpa,8
lyric,warga,8
lyric,hodek,8
lyric,qamea,7
lyric,keler,7
lyric,saher,7
lyric,jalex,7
lyric,soner,7
lyric,aytoy,7
lyric,feree,7
lyric,rabey,7
lyric,wafaa,8
lyric,tauer,7
lyric,radan,7
lyric,sabet,7
lyric,nawet,7
lyric,citib,7
lyric,mobel,7
lyric,gabew,7
lyric,jarra,8
lyric,sikit,7
lyric,vahey,7
lyric,naced,8
lyric,jadad,7
lyric,baham,7
lyric,petek,7
lyric,wazee,7
lyric,cazet,7
lyric,badaz,7
lyric,kelen,7
lyric,miria,7
lyric,memee,7
lyric,doqei,7
lyric,lehal,8
lyric,valea,7
lyric,recen,7
lyric,fooel,7
lyric,tarta,8
lyric,jerse,7
lyric,padan,7
lyric,hadep,7
lyric,ootel,7
lyric,boogo,8
lyric,saken,10
lyric,newes,7
lyric,bigio,7
lyric,demes,8
lyric,jabes,7
lyric,taget,7
lyric,mobee,7
lyric,velev,7
lyric,boolo,8
lyric,noxen,8
lyric,seaes,7
lyric,pilih,7
lyric,cedet,7
lyric,cozey,7
lyric,eagen,9
lyric,eodem,7
lyric,auros,7
lyric,rojek,7
lyric,ailie,7
lyric,yogel,7
lyric,demet,8
lyric,bivin,7
lyric,donev,7
lyric,iogel,7
lyric,dalej,7
lyric,hooel,8
lyric,oovel,7
lyric,oobel,7
lyric,reveo,7
lyric,kepek,7
lyric,oogeo,7
lyric,oofel,7
ovary,sales,8
ovary,shows,7
ovary,cisco,7
ovary,mixed,7
ovary,pizza,7
ovary,vista,7
ovary,nikon,7
ovary,cited,7
ovary,tired,7
ovary,sluts,8
ovary,wired,7
ovary,bitch,7
ovary,wider,7
ovary,sucks,8
ovary,saves,8
ovary,hired,7
ovary,diffs,7
ovary,mixer,7
ovary,libya,7
ovary,widow,7
ovary,biker,7
ovary,aided,7
ovary,kinky,10
ovary,liter,7
ovary,nicht,8
ovary,osama,8
ovary,hipaa,7
ovary,pixar,7
ovary,viper,7
ovary,aired,7
ovary,jihad,7
ovary,bison,7
ovary,scots,8
ovary,faire,7
ovary,silky,10
ovary,vdata,7
ovary,tummy,10
ovary,yummy,10
ovary,sachs,7
ovary,milky,10
ovary,aiken,7
ovary,wiped,7
ovary,duffy,10
ovary,keene,9
ovary,plata,8
ovary,titel,7
ovary,ligne,7
ovary,umass,8
ovary,virgo,7
ovary,wiper,7
ovary,miele,7
ovary,lille,7
ovary,misco,7
ovary,nigga,7
ovary,regex,7
ovary,slows,8
ovary,visio,7
ovary,niece,7
ovary,zippo,7
ovary,viejo,7
ovary,mikey,10
ovary,shuts,7
ovary,higgs,7
ovary,loire,7
ovary,niosh,7
ovary,vijay,10
ovary,livin,7
ovary,tiled,7
ovary,liebe,7
ovary,sieve,7
ovary,sykes,8
ovary,pinoy,8
ovary,nihon,7
ovary,piled,7
ovary,riken,7
ovary,reeve,9
ovary,realy,7
ovary,girly,10
ovary,bihar,7
ovary,virol,7
ovary,mitac,7
ovary,sions,8
ovary,giver,7
ovary,neale,8
ovary,bumpy,10
ovary,hiker,7
ovary,tully,9
ovary,wilco,7
ovary,tirol,7
ovary,libxt,8
ovary,vidio,7
ovary,tioga,7
ovary,hippy,10
ovary,ziggy,12
ovary,liege,7
ovary,ripon,7
ovary,kilda,7
ovary,solis,8
ovary,cunny,10
ovary,digby,7
ovary,rigby,8
ovary,piped,7
ovary,kihei,7
ovary,libor,7
ovary,murky,8
ovary,cissp,7
ovary,dists,7
ovary,vinny,10
ovary,tiene,7
ovary,bucky,10
ovary,biden,7
ovary,gener,7
ovary,soros,8
ovary,ducky,10
ovary,stata,8
ovary,rizzo,7
ovary,zippy,10
ovary,miter,7
ovary,litas,7
ovary,biota,7
ovary,dinky,7
ovary,mirza,7
ovary,litho,7
ovary,piotr,7
ovary,lense,8
ovary,nivel,7
ovary,riyal,7
ovary,lidar,7
ovary,milla,7
ovary,liber,7
ovary,keele,9
ovary,viggo,7
ovary,killa,7
ovary,vivek,7
ovary,kiowa,7
ovary,runny,10
ovary,willi,7
ovary,piezo,7
ovary,ritek,7
ovary,gioco,7
ovary,salas,8
ovary,noire,7
ovary,rummy,10
ovary,kiran,7
ovary,curvy,10
ovary,midob,7
ovary,pilar,7
ovary,wirth,7
ovary,beene,7
ovary,niven,7
ovary,jitsu,7
ovary,dimly,7
ovary,bijou,7
ovary,tibco,7
ovary,vided,7
ovary,rioja,7
ovary,milli,7
ovary,limon,7
ovary,keefe,7
ovary,samos,8
ovary,cyclo,7
ovary,bijan,7
ovary,hiked,7
ovary,zilla,7
ovary,visco,7
ovary,aichi,9
ovary,girlz,7
ovary,soapy,7
ovary,sodas,8
ovary,hijab,7
ovary,silex,7
ovary,vireo,7
ovary,somos,8
ovary,bixby,7
ovary,histo,7
ovary,visto,7
ovary,kiddy,7
ovary,sires,8
ovary,spass,7
ovary,vichy,10
ovary,mired,7
ovary,riker,7
ovary,tener,7
ovary,nitin,7
ovary,aixam,7
ovary,birdy,7
ovary,reade,7
ovary,wimpy,10
ovary,titer,7
ovary,bilbo,7
ovary,nivea,7
ovary,viele,7
ovary,litle,7
ovary,akasa,7
ovary,seale,8
ovary,hiper,7
ovary,hitec,7
ovary,dimmu,7
ovary,yuasa,7
ovary,eisen,7
ovary,yeahs,8
ovary,limba,7
ovary,nuray,7
ovary,nishi,7
ovary,kilim,7
ovary,citgo,7
ovary,milam,7
ovary,aunty,7
ovary,shits,7
ovary,videl,7
ovary,jilin,7
ovary,satis,8
ovary,ssris,8
ovary,missa,7
ovary,vidar,7
ovary,rizal,7
ovary,beals,7
ovary,shays,7
ovary,tibor,7
ovary,solas,8
ovary,reale,8
ovary,coche,7
ovary,nifer,7
ovary,xiong,7
ovary,lijst,8
ovary,cubby,8
ovary,mitel,7
ovary,givin,7
ovary,ahava,7
ovary,liven,7
ovary,peeve,9
ovary,miler,7
ovary,citta,7
ovary,bibby,8
ovary,simpy,10
ovary,sults,8
ovary,cific,7
ovary,bizar,7
ovary,horry,9
ovary,ridin,7
ovary,smits,8
ovary,wirtz,7
ovary,kirov,7
ovary,sucky,10
ovary,vinay,10
ovary,tisch,7
ovary,pippa,7
ovary,vidya,7
ovary,mihai,7
ovary,zingy,9
ovary,ripen,7
ovary,ziply,10
ovary,kiper,7
ovary,denen,7
ovary,solus,7
ovary,birla,7
ovary,aiuto,7
ovary,sysfs,8
ovary,mizer,7
ovary,gitzo,7
ovary,wifey,10
ovary,cacia,7
ovary,dicky,7
ovary,luray,10
ovary,nimoy,10
ovary,gioia,7
ovary,cocke,7
ovary,soins,8
ovary,nimmo,7
ovary,gilly,10
ovary,kirin,7
ovary,ciber,7
ovary,riven,7
ovary,nieto,7
ovary,hirsh,7
ovary,mixin,7
ovary,turvy,10
ovary,suggs,8
ovary,nitto,7
ovary,tilia,7
ovary,kitch,7
ovary,softs,8
ovary,biola,7
ovary,mikem,7
ovary,vieja,7
ovary,dungy,10
ovary,dilly,7
ovary,viton,7
ovary,stuns,8
ovary,sikes,8
ovary,sures,8
ovary,hiver,7
ovary,tidak,7
ovary,cilia,7
ovary,tieng,7
ovary,pinay,8
ovary,maire,7
ovary,dened,7
ovary,akaka,7
ovary,yucky,10
ovary,livve,7
ovary,diggy,7
ovary,niddk,7
ovary,gilad,7
ovary,pilaf,7
ovary,gunny,10
ovary,hirer,7
ovary,nihil,7
ovary,kisco,7
ovary,vihar,7
ovary,kiser,7
ovary,aipac,7
ovary,viene,7
ovary,linky,8
ovary,jiggy,8
ovary,stiri,8
ovary,aider,7
ovary,hixon,7
ovary,dupuy,10
ovary,aisan,7
ovary,biddy,7
ovary,zilog,7
ovary,ailey,10
ovary,mirna,7
ovary,kiddo,7
ovary,winky,10
ovary,sindy,7
ovary,adama,7
ovary,vinum,7
ovary,bitzi,7
ovary,tikal,7
ovary,cutty,9
ovary,tiber,7
ovary,vieth,7
ovary,nized,7
ovary,siete,7
ovary,samus,7
ovary,bungy,10
ovary,siggy,12
ovary,nisan,7
ovary,wixom,7
ovary,buzzy,9
ovary,viren,7
ovary,eider,7
ovary,nilly,10
ovary,biter,7
ovary,hippa,7
ovary,kilby,8
ovary,hilti,7
ovary,tuffy,10
ovary,sacds,8
ovary,lipps,7
ovary,circo,7
ovary,meese,9
ovary,stoys,8
ovary,pdata,7
ovary,titen,7
ovary,somes,8
ovary,syros,8
ovary,cully,9
ovary,agata,7
ovary,riled,7
ovary,scons,8
ovary,tukey,10
ovary,binky,8
ovary,biron,7
ovary,viedo,7
ovary,lider,7
ovary,giese,7
ovary,fugly,7
ovary,kidco,7
ovary,zilch,7
ovary,jilly,9
ovary,vidor,7
ovary,cisti,7
ovary,vitex,7
ovary,bisou,7
ovary,ciena,7
ovary,limey,8
ovary,kener,7
ovary,liger,7
ovary,pitta,7
ovary,vivir,7
ovary,nited,7
ovary,pilon,7
ovary,arava,7
ovary,cincy,10
ovary,moire,7
ovary,smbfs,8
ovary,rikon,7
ovary,pista,7
ovary,nieve,7
ovary,hippi,7
ovary,miron,7
ovary,hunny,7
ovary,willo,7
ovary,rieti,7
ovary,ligon,7
ovary,cipfa,7
ovary,linco,7
ovary,wieck,7
ovary,kitab,7
ovary,filey,10
ovary,ailsa,7
ovary,eitan,7
ovary,furey,8
ovary,libxi,7
ovary,kimmo,7
ovary,jirga,7
ovary,tilak,7
ovary,huggy,8
ovary,bilan,7
ovary,wixen,7
ovary,kiton,7
ovary,sippy,10
ovary,minky,10
ovary,biosc,7
ovary,mixon,7
ovary,liisa,7
ovary,idata,7
ovary,crary,9
ovary,lieve,7
ovary,reais,8
ovary,mista,7
ovary,piven,7
ovary,nikky,10
ovary,anata,8
ovary,sumas,8
ovary,spada,7
ovary,miken,7
ovary,wildl,7
ovary,vidin,7
ovary,niddm,7
ovary,rizvi,7
ovary,yuriy,10
ovary,asada,7
ovary,rdata,7
ovary,sodus,7
ovary,liegt,8
ovary,eifel,7
ovary,girod,7
ovary,jinny,9
ovary,liban,7
ovary,libio,7
ovary,amada,7
ovary,miffy,10
ovary,litte,7
ovary,gibco,7
ovary,eirik,7
ovary,hider,7
ovary,sabes,8
ovary,pitti,7
ovary,dumpy,10
ovary,vitol,7
ovary,savas,8
ovary,hissy,9
ovary,nicci,7
ovary,eiddo,7
ovary,symes,8
ovary,zizek,7
ovary,vitek,7
ovary,videx,7
ovary,gilby,8
ovary,vizio,7
ovary,wilby,8
ovary,shuns,7
ovary,aioli,7
ovary,smuts,8
ovary,risto,7
ovary,rizzi,7
ovary,gijon,7
ovary,nicke,8
ovary,virii,7
ovary,kiten,7
ovary,saxes,8
ovary,livet,7
ovary,villi,7
ovary,lieth,7
ovary,riyad,7
ovary,cemex,7
ovary,pemex,7
ovary,mirai,7
ovary,peary,7
ovary,biber,7
ovary,milch,7
ovary,kimmi,8
ovary,nipon,7
ovary,hirai,7
ovary,wmata,8
ovary,kirch,7
ovary,bunty,7
ovary,arama,7
ovary,nixed,7
ovary,nimby,8
ovary,lucey,10
ovary,haass,8
ovary,tikki,7
ovary,pizzo,7
ovary,cummy,10
ovary,sates,8
ovary,peals,8
ovary,bidir,7
ovary,salus,7
ovary,miego,7
ovary,keepe,8
ovary,cispr,7
ovary,liman,7
ovary,mikan,7
ovary,misic,7
ovary,biped,7
ovary,celex,7
ovary,missi,7
ovary,vilna,7
ovary,mitsu,7
ovary,grata,8
ovary,nippy,10
ovary,dunny,10
ovary,finny,10
ovary,pieta,7
ovary,ahaha,7
ovary,midem,7
ovary,sdata,7
ovary,willd,7
ovary,firey,10
ovary,rihga,7
ovary,mizar,7
ovary,livio,7
ovary,vitor,7
ovary,rizla,7
ovary,nidal,7
ovary,gilli,7
ovary,hiden,7
ovary,teese,9
ovary,niraj,7
ovary,pisco,7
ovary,visar,7
ovary,arata,8
ovary,wiele,7
ovary,bikez,7
ovary,kizer,7
ovary,peele,9
ovary,sufis,8
ovary,buhay,10
ovary,prata,8
ovary,richt,8
ovary,ssues,8
ovary,genel,7
ovary,cilip,7
ovary,piker,7
ovary,haire,7
ovary,agama,7
ovary,cifor,7
ovary,heade,7
ovary,rison,7
ovary,kivio,7
ovary,cycki,7
ovary,anada,7
ovary,nikao,7
ovary,cocco,7
ovary,vieta,7
ovary,hilal,7
ovary,veale,8
ovary,jigga,7
ovary,eisai,7
ovary,pilch,7
ovary,teale,8
ovary,trata,8
ovary,tific,7
ovary,liffe,7
ovary,airco,7
ovary,sains,8
ovary,hilla,7
ovary,nizam,7
ovary,dully,9
ovary,ritch,7
ovary,riedl,7
ovary,viser,7
ovary,neave,7
ovary,sards,8
ovary,blata,8
ovary,lippe,7
ovary,kiron,7
ovary,cockk,7
ovary,splus,7
ovary,epass,8
ovary,titec,7
ovary,bibel,7
ovary,deede,9
ovary,tikva,7
ovary,ornet,7
ovary,murty,10
ovary,risch,7
ovary,mirco,7
ovary,biete,7
ovary,gibby,8
ovary,lirpa,7
ovary,libxv,7
ovary,girld,7
ovary,nippo,7
ovary,likey,8
ovary,xitel,7
ovary,bipod,7
ovary,cacfp,7
ovary,nighy,9
ovary,richy,10
ovary,cutey,7
ovary,lihtc,7
ovary,salis,8
ovary,hiway,10
ovary,cycad,7
ovary,misao,7
ovary,kitto,7
ovary,sipes,7
ovary,ruaha,7
ovary,airey,10
ovary,willl,7
ovary,tiler,7
ovary,rized,7
ovary,liopa,7
ovary,wiggy,9
ovary,diels,7
ovary,bilgi,7
ovary,liing,7
ovary,aiyar,7
ovary,billi,7
ovary,sists,8
ovary,libao,7
ovary,biffy,8
ovary,virex,7
ovary,citel,7
ovary,munky,7
ovary,liviu,7
ovary,kiril,7
ovary,widom,7
ovary,weese,9
ovary,misto,7
ovary,somis,8
ovary,citec,7
ovary,lilja,7
ovary,venez,7
ovary,dippy,7
ovary,virco,7
ovary,mihov,7
ovary,bikin,7
ovary,daire,7
ovary,riece,7
ovary,tiing,7
ovary,billa,7
ovary,videk,7
ovary,divis,7
ovary,nitta,7
ovary,mirex,7
ovary,citic,7
ovary,risin,7
ovary,bilby,9
ovary,rived,7
ovary,foire,7
ovary,cipla,7
ovary,biggy,8
ovary,liion,7
ovary,kista,7
ovary,kirja,7
ovary,piran,7
ovary,riesz,7
ovary,mikio,7
ovary,scris,8
ovary,selex,7
ovary,vizag,7
ovary,lully,8
ovary,lidge,7
ovary,kishi,7
ovary,nihal,7
ovary,tipbc,7
ovary,wmass,8
ovary,cidco,7
ovary,aiada,7
ovary,libdv,7
ovary,wixon,7
ovary,vitam,7
ovary,cunty,7
ovary,circu,7
ovary,lippo,7
ovary,cocon,7
ovary,tiran,7
ovary,giron,7
ovary,biked,7
ovary,neese,9
ovary,muhly,8
ovary,sauls,8
ovary,nizza,7
ovary,tuohy,10
ovary,siris,8
ovary,piedi,7
ovary,littl,7
ovary,kutty,7
ovary,leese,8
ovary,risso,7
ovary,tiong,7
ovary,mease,7
ovary,lillo,7
ovary,geeze,9
ovary,rirdc,7
ovary,wikia,7
ovary,bubby,7
ovary,fiddy,7
ovary,minut,7
ovary,ciego,7
ovary,caire,7
ovary,tisza,7
ovary,girsl,7
ovary,skils,8
ovary,licen,7
ovary,liuna,7
ovary,virtu,7
ovary,ndata,7
ovary,bidil,7
ovary,viena,7
ovary,somas,8
ovary,dilos,7
ovary,winny,10
ovary,teays,8
ovary,limps,7
ovary,cocci,7
ovary,kieli,7
ovary,vilar,7
ovary,pital,7
ovary,biege,7
ovary,neame,7
ovary,vison,7
ovary,wiggs,7
ovary,sloss,8
ovary,jimny,9
ovary,lippy,8
ovary,sames,8
ovary,weeke,9
ovary,suzys,8
ovary,miked,7
ovary,hisar,7
ovary,slaty,7
ovary,piton,7
ovary,limar,7
ovary,miedo,7
ovary,sokos,8
ovary,mirah,7
ovary,mihir,7
ovary,saras,8
ovary,tilth,7
ovary,titlo,7
ovary,kubby,8
ovary,wispa,7
ovary,sssis,8
ovary,piler,7
ovary,zlata,8
ovary,vidco,7
ovary,liesl,7
ovary,dills,7
ovary,dutty,9
ovary,alata,8
ovary,libia,7
ovary,milia,7
ovary,alava,7
ovary,aitoc,7
ovary,syrus,7
ovary,silts,8
ovary,libdb,7
ovary,kifer,7
ovary,hilar,7
ovary,muzny,7
ovary,siwis,8
ovary,mikli,7
ovary,tiden,7
ovary,aisin,7
ovary,keese,9
ovary,culty,7
ovary,liiga,7
ovary,sindi,9
ovary,lipan,7
ovary,licia,7
ovary,mirar,7
ovary,hitta,7
ovary,pirin,7
ovary,bizon,7
ovary,nissl,7
ovary,fdata,7
ovary,eieio,7
ovary,kikyo,7
ovary,gimpy,10
ovary,vised,7
ovary,rixon,7
ovary,litig,7
ovary,humpy,10
ovary,pieve,7
ovary,mirek,7
ovary,miete,7
ovary,memex,7
ovary,kirsh,7
ovary,milab,7
ovary,bivvy,8
ovary,sjsas,8
ovary,mifid,7
ovary,vidix,7
ovary,winni,7
ovary,deese,9
ovary,hiltz,7
ovary,hurly,10
ovary,wisco,7
ovary,killy,10
ovary,risco,7
ovary,caccc,7
ovary,riese,7
ovary,errrr,8
ovary,relex,7
ovary,nubby,8
ovary,milby,8
ovary,zpass,8
ovary,xikar,7
ovary,bunky,10
ovary,usata,8
ovary,hirsi,7
ovary,niter,7
ovary,hidta,7
ovary,nirex,7
ovary,bipin,7
ovary,liceo,7
ovary,hirth,7
ovary,eixan,7
ovary,nidcr,7
ovary,miwok,7
ovary,gipsa,7
ovary,nitix,7
ovary,gitex,7
ovary,ssids,8
ovary,nisim,7
ovary,gitar,7
ovary,nizar,7
ovary,leete,8
ovary,kindy,7
ovary,shies,7
ovary,neals,8
ovary,kitna,7
ovary,rixey,9
ovary,jhana,7
ovary,sorbs,8
ovary,titov,7
ovary,rizza,7
ovary,durty,7
ovary,tippi,7
ovary,citer,7
ovary,cityu,7
ovary,eitem,7
ovary,lindi,8
ovary,amata,8
ovary,ciona,7
ovary,tiina,7
ovary,nidcd,7
ovary,esata,8
ovary,ciuti,7
ovary,sivas,8
ovary,nisei,7
ovary,spaza,7
ovary,mikeb,7
ovary,miran,7
ovary,milad,7
ovary,kirti,7
ovary,ducey,10
ovary,pipec,7
ovary,spiss,8
ovary,niscc,7
ovary,sluis,8
ovary,pilla,7
ovary,dessy,7
ovary,sibly,10
ovary,suppy,10
ovary,virga,7
ovary,muray,10
ovary,neate,7
ovary,pirsa,7
ovary,pippo,7
ovary,kisan,7
ovary,scuds,8
ovary,bigga,8
ovary,limas,7
ovary,hiren,7
ovary,rissa,7
ovary,zirin,7
ovary,lipil,7
ovary,cipal,7
ovary,wiltz,7
ovary,rieck,7
ovary,piter,7
ovary,ninny,10
ovary,puaka,7
ovary,vider,7
ovary,saros,8
ovary,lilas,7
ovary,dubby,8
ovary,adasa,7
ovary,dilts,7
ovary,tilba,7
ovary,rippy,10
ovary,kirdy,7
ovary,gewex,7
ovary,sifts,8
ovary,lsass,8
ovary,cilea,7
ovary,mikeg,7
ovary,licka,7
ovary,libba,7
ovary,tited,7
ovary,kippa,7
ovary,gdata,7
ovary,khana,7
ovary,hirta,7
ovary,liest,8
ovary,hiney,10
ovary,pisin,7
ovary,tunny,10
ovary,boire,7
ovary,hielo,7
ovary,binny,8
ovary,nikto,7
ovary,cirad,7
ovary,wuzzy,8
ovary,visnu,7
ovary,ciria,7
ovary,pizer,7
ovary,mikeh,7
ovary,nield,7
ovary,dufty,7
ovary,viseu,7
ovary,wizzy,7
ovary,liese,7
ovary,airer,7
ovary,kirim,7
ovary,eissn,7
ovary,wisla,7
ovary,teece,9
ovary,hisao,7
ovary,jiggs,7
ovary,vitel,7
ovary,milon,7
ovary,smmes,8
ovary,vival,7
ovary,xixth,7
ovary,nibaq,7
ovary,yessy,8
ovary,sumus,7
ovary,vipin,7
ovary,nisin,7
ovary,hiser,7
ovary,zeese,9
ovary,puama,7
ovary,souks,8
ovary,hiten,7
ovary,nidhi,7
ovary,licsw,7
ovary,miker,7
ovary,kidjo,7
ovary,libtw,7
ovary,sties,8
ovary,micex,7
ovary,nilla,7
ovary,eiler,7
ovary,pilli,7
ovary,beruf,7
ovary,lifte,7
ovary,seate,7
ovary,sodes,8
ovary,butty,9
ovary,livan,7
ovary,sieze,7
ovary,mistp,7
ovary,depue,7
ovary,lihat,8
ovary,keary,8
ovary,gitai,7
ovary,deneb,7
ovary,ziped,7
ovary,tdata,7
ovary,clcik,7
ovary,vitez,7
ovary,videi,7
ovary,nitya,7
ovary,hilco,7
ovary,benef,7
ovary,qibla,7
ovary,miraz,7
ovary,numpy,7
ovary,pizzi,7
ovary,divvy,7
ovary,jeeze,9
ovary,mitad,7
ovary,dilys,7
ovary,eiken,7
ovary,titch,7
ovary,mirin,7
ovary,pifer,7
ovary,weepe,9
ovary,rikai,7
ovary,nipny,10
ovary,nease,7
ovary,feede,9
ovary,bipac,7
ovary,cmcsa,7
ovary,hildy,7
ovary,bilek,7
ovary,midtp,7
ovary,airgo,7
ovary,willm,7
ovary,wizoo,7
ovary,dites,7
ovary,higly,9
ovary,nichi,9
ovary,suchy,10
ovary,resue,7
ovary,cacho,7
ovary,veags,8
ovary,benen,7
ovary,aikin,7
ovary,airto,7
ovary,dufay,10
ovary,wilen,7
ovary,mimmo,7
ovary,nilai,7
ovary,neede,9
ovary,ridaz,7
ovary,ziele,7
ovary,wilpf,7
ovary,turky,10
ovary,cilag,7
ovary,libbi,7
ovary,nival,7
ovary,vidic,7
ovary,tisco,7
ovary,eidal,7
ovary,styes,8
ovary,biler,7
ovary,niver,7
ovary,nirsa,7
ovary,hiroo,7
ovary,esire,7
ovary,vitti,7
ovary,xemex,7
ovary,gened,7
ovary,tison,7
ovary,cocom,7
ovary,acara,10
ovary,litan,7
ovary,higgy,10
ovary,genev,7
ovary,liece,7
ovary,adnet,7
ovary,siggi,7
ovary,mitek,7
ovary,midol,7
ovary,jidai,7
ovary,misch,7
ovary,hitel,7
ovary,luffy,10
ovary,citar,7
ovary,bikel,7
ovary,piggs,7
ovary,ligia,7
ovary,wiith,7
ovary,pijin,7
ovary,bikni,7
ovary,newex,7
ovary,mitoc,7
ovary,lussy,7
ovary,mized,7
ovary,elata,8
ovary,lilys,7
ovary,libsm,7
ovary,gidon,7
ovary,vissa,7
ovary,gilia,7
ovary,tietz,7
ovary,thara,8
ovary,dhara,8
ovary,mirta,7
ovary,nissa,7
ovary,stows,8
ovary,ripng,7
ovary,bittu,7
ovary,bemus,7
ovary,dinny,7
ovary,middy,7
ovary,airam,7
ovary,naire,7
ovary,liryc,7
ovary,tihng,7
ovary,cisac,7
ovary,libin,7
ovary,sibby,8
ovary,cided,7
ovary,aipla,7
ovary,aifia,7
ovary,acasa,7
ovary,weeee,10
ovary,suras,8
ovary,mizco,7
ovary,genew,7
ovary,winey,10
ovary,lione,7
ovary,fviii,7
ovary,figgy,11
ovary,libbb,7
ovary,hivan,7
ovary,diyos,7
ovary,aitch,7
ovary,vinoy,10
ovary,bidar,7
ovary,hixxy,8
ovary,lissy,8
ovary,hirao,7
ovary,pisek,7
ovary,skuas,8
ovary,kidan,7
ovary,bisac,7
ovary,rifai,7
ovary,jeeve,9
ovary,gizeh,7
ovary,limor,7
ovary,aiton,7
ovary,sotos,8
ovary,milpo,7
ovary,olley,7
ovary,multy,10
ovary,airth,7
ovary,niper,7
ovary,lidle,7
ovary,sipos,7
ovary,pindi,7
ovary,hrary,7
ovary,wised,7
ovary,wilga,7
ovary,libgc,7
ovary,sowas,8
ovary,aitor,7
ovary,xindi,9
ovary,eitel,7
ovary,sakis,8
ovary,paire,7
ovary,hzrry,7
ovary,wizip,7
ovary,kippy,10
ovary,leafe,7
ovary,gibbo,7
ovary,nikah,7
ovary,arawa,7
ovary,pichi,7
ovary,kinny,10
ovary,widor,7
ovary,yilan,7
ovary,tucky,10
ovary,millo,7
ovary,bipap,7
ovary,bijna,7
ovary,hxrry,8
ovary,jivin,7
ovary,lilik,7
ovary,ciryl,7
ovary,lieff,7
ovary,riden,7
ovary,cidoc,7
ovary,lipka,7
ovary,vieni,7
ovary,pippy,7
ovary,nidia,7
ovary,sharh,7
ovary,nisar,7
ovary,mizzy,9
ovary,gieco,7
ovary,piede,7
ovary,bipan,7
ovary,coire,7
ovary,bigby,9
ovary,shoos,7
ovary,bisto,7
ovary,meece,9
ovary,baire,7
ovary,niton,7
ovary,aippg,7
ovary,biffa,7
ovary,nipah,7
ovary,nissi,7
ovary,libdl,8
ovary,wildy,7
ovary,kibby,8
ovary,ziyad,7
ovary,cjcsi,7
ovary,titin,7
ovary,wicke,7
ovary,tisak,7
ovary,voire,7
ovary,ddata,7
ovary,sibos,8
ovary,slaby,7
ovary,kiewa,7
ovary,ruffy,10
ovary,ciwba,7
ovary,liten,7
ovary,minny,10
ovary,filby,8
ovary,pharo,7
ovary,pisac,7
ovary,spdes,8
ovary,hitop,7
ovary,reate,7
ovary,skyes,8
ovary,rilex,7
ovary,nitel,7
ovary,milah,7
ovary,lilit,7
ovary,nihar,7
ovary,milen,7
ovary,riego,7
ovary,niota,7
ovary,pirsf,7
ovary,bisca,7
ovary,vibez,7
ovary,kiksu,7
ovary,spons,8
ovary,nicey,10
ovary,nitti,7
ovary,gpass,8
ovary,lenne,7
ovary,suomy,10
ovary,hiley,10
ovary,kiker,7
ovary,tirer,7
ovary,gitta,7
ovary,livny,8
ovary,riewe,7
ovary,sukey,10
ovary,summy,10
ovary,bihan,7
ovary,sulis,8
ovary,piata,8
ovary,cocca,7
ovary,duley,10
ovary,wilno,7
ovary,suply,9
ovary,lijkt,8
ovary,denel,7
ovary,girll,7
ovary,biiab,7
ovary,bisco,7
ovary,kichi,9
ovary,libes,7
ovary,yuppy,10
ovary,kizza,7
ovary,vixel,7
ovary,mizan,7
ovary,rinky,10
ovary,lirik,7
ovary,misja,7
ovary,fwire,8
ovary,bitez,7
ovary,likly,7
ovary,jiten,7
ovary,piloc,7
ovary,leade,7
ovary,tider,7
ovary,richi,9
ovary,biull,7
ovary,lihir,7
ovary,miten,7
ovary,witan,7
ovary,ciney,10
ovary,lilya,7
ovary,tussy,9
ovary,nidek,7
ovary,kiona,7
ovary,livni,7
ovary,lipke,7
ovary,mitja,7
ovary,khara,10
ovary,wirel,7
ovary,lisez,7
ovary,schls,7
ovary,sulks,8
ovary,ritva,7
ovary,litke,7
ovary,ngata,8
ovary,uifsa,7
ovary,sffas,8
ovary,wikid,7
ovary,tized,7
ovary,higby,8
ovary,kitti,7
ovary,sidey,7
ovary,gizzi,7
ovary,kihuy,10
ovary,teele,9
ovary,tiede,7
ovary,misso,7
ovary,witek,7
ovary,tissa,7
ovary,vissi,7
ovary,pilin,7
ovary,xilai,7
ovary,lient,8
ovary,leage,7
ovary,disas,7
ovary,bioch,7
ovary,kirsi,7
ovary,billg,7
ovary,asaka,7
ovary,ninoy,10
ovary,meeee,10
ovary,misdn,7
ovary,rieff,7
ovary,withi,7
ovary,gioca,7
ovary,nirav,7
ovary,mitta,7
ovary,aijaz,7
ovary,bitar,7
ovary,lienz,7
ovary,rietz,7
ovary,viver,7
ovary,wisin,7
ovary,diyas,7
ovary,yippy,10
ovary,liceu,7
ovary,vieng,7
ovary,biblo,7
ovary,midco,7
ovary,hitam,7
ovary,wdata,7
ovary,lixin,7
ovary,viven,7
ovary,miraj,7
ovary,nikol,7
ovary,ribon,7
ovary,gilan,7
ovary,taire,7
ovary,hijaz,7
ovary,sener,7
ovary,akama,7
ovary,libol,8
ovary,eichi,9
ovary,nibib,7
ovary,ciega,7
ovary,herry,9
ovary,hidef,7
ovary,eiter,7
ovary,mumby,9
ovary,visti,7
ovary,surfy,10
ovary,beede,7
ovary,bezug,7
ovary,gidea,7
ovary,riday,7
ovary,riney,10
ovary,tiefe,7
ovary,liebl,7
ovary,whata,8
ovary,vrata,8
ovary,stmts,8
ovary,bihac,7
ovary,thata,8
ovary,rieth,7
ovary,niesr,7
ovary,hiler,7
ovary,lippa,7
ovary,tissu,7
ovary,jivan,7
ovary,lunny,10
ovary,kisor,7
ovary,sdwis,9
ovary,vivan,7
ovary,riolo,7
ovary,kindi,9
ovary,bilin,7
ovary,bijoy,8
ovary,skyos,8
ovary,sujoy,10
ovary,libpt,7
ovary,viden,7
ovary,scapy,7
ovary,riata,8
ovary,libet,7
ovary,frary,8
ovary,puasa,7
ovary,mikec,7
ovary,jimma,7
ovary,risca,7
ovary,hiryu,7
ovary,viata,8
ovary,peeke,9
ovary,xivth,7
ovary,vidna,7
ovary,milic,7
ovary,rific,7
ovary,aitel,7
ovary,mizzi,7
ovary,liuwa,7
ovary,mixta,7
ovary,mivac,7
ovary,kioti,7
ovary,biran,7
ovary,limin,7
ovary,ailed,7
ovary,rizer,7
ovary,rindi,9
ovary,jiddu,7
ovary,azara,8
ovary,yukky,9
ovary,ripto,7
ovary,titti,7
ovary,nisou,7
ovary,biham,7
ovary,lipsi,7
ovary,gissi,7
ovary,bieng,7
ovary,tilaa,7
ovary,bivar,7
ovary,linyi,8
ovary,aizen,7
ovary,luaka,7
ovary,mised,7
ovary,wiata,8
ovary,bivio,7
ovary,ossia,7
ovary,aidem,7
ovary,vivia,7
ovary,eunny,10
ovary,poire,7
ovary,titor,7
ovary,lukey,10
ovary,xiith,7
ovary,nessy,9
ovary,kieso,7
ovary,diols,7
ovary,sumes,8
ovary,bided,7
ovary,liden,7
ovary,pietz,7
ovary,lenze,8
ovary,iecex,7
ovary,liphp,7
ovary,iisli,7
ovary,givan,7
ovary,limbu,7
ovary,belur,7
ovary,biolo,7
ovary,nibco,7
ovary,fucky,8
ovary,pirjo,7
ovary,rilly,10
ovary,saavy,7
ovary,gisin,7
ovary,soras,8
ovary,lizka,7
ovary,yifan,7
ovary,visad,7
ovary,tiona,7
ovary,yibin,7
ovary,ligar,7
ovary,kilar,7
ovary,kitai,7
ovary,pirep,7
ovary,pisan,7
ovary,guthy,7
ovary,leape,7
ovary,milov,7
ovary,urata,8
ovary,airex,7
ovary,iisgp,7
ovary,gillo,7
ovary,pieno,7
ovary,wicky,9
ovary,siles,8
ovary,citea,7
ovary,leece,8
ovary,asara,10
ovary,fixly,9
ovary,pirlo,7
ovary,riter,7
ovary,aitna,7
ovary,licca,7
ovary,tuley,10
ovary,piron,7
ovary,rieng,7
ovary,wistv,7
ovary,kitco,7
ovary,biodn,7
ovary,aieee,8
ovary,gurry,7
ovary,riede,7
ovary,stres,8
ovary,vitec,7
ovary,vener,7
ovary,hidin,7
ovary,silvy,10
ovary,xieng,7
ovary,stros,8
ovary,tirar,7
ovary,riber,7
ovary,signy,9
ovary,biela,7
ovary,sumos,8
ovary,lietz,7
ovary,nidec,7
ovary,anara,9
ovary,ruley,10
ovary,girla,7
ovary,samas,8
ovary,luthy,7
ovary,viken,7
ovary,piver,7
ovary,ribby,8
ovary,limbe,7
ovary,wilna,7
ovary,wicht,7
ovary,gilla,7
ovary,tidel,7
ovary,bitin,7
ovary,biedl,7
ovary,miptc,7
ovary,bikii,7
ovary,libxp,7
ovary,biini,7
ovary,virdi,7
ovary,liebt,8
ovary,libtk,7
ovary,mizen,7
ovary,ridem,7
ovary,eisel,7
ovary,limma,7
ovary,eikon,7
ovary,dulay,10
ovary,syles,8
ovary,akara,10
ovary,auray,10
ovary,millz,7
ovary,munny,8
ovary,kisah,7
ovary,wivco,7
ovary,tuloy,10
ovary,nibsc,7
ovary,reede,9
ovary,cihan,7
ovary,tirso,7
ovary,giran,7
ovary,furay,8
ovary,gigex,7
ovary,muley,10
ovary,lians,7
ovary,scios,8
ovary,liros,7
ovary,ricke,8
ovary,pipsc,7
ovary,minun,7
ovary,hitek,7
ovary,bijar,7
ovary,wener,7
ovary,ciwem,7
ovary,birol,7
ovary,hiptv,7
ovary,liong,7
ovary,ligth,7
ovary,kidtv,7
ovary,teaze,7
ovary,cirac,7
ovary,alama,7
ovary,eiben,7
ovary,hitti,7
ovary,ruthy,7
ovary,cuffy,10
ovary,pifco,7
ovary,liona,7
ovary,genea,7
ovary,bijin,7
ovary,piola,7
ovary,citek,7
ovary,cienc,7
ovary,arrrr,8
ovary,burny,10
ovary,liron,7
ovary,giolo,7
ovary,pieza,7
ovary,bioed,7
ovary,qipao,7
ovary,cbcnz,7
ovary,shils,7
ovary,wiken,7
ovary,suhas,7
ovary,edata,7
ovary,witth,7
ovary,liley,8
ovary,kitap,7
ovary,asawa,7
ovary,kitao,7
ovary,dukey,10
ovary,frass,8
ovary,aidin,7
ovary,libec,7
ovary,rivel,7
ovary,sharx,8
ovary,ayaka,7
ovary,wiker,7
ovary,kipor,7
ovary,vigny,9
ovary,aippi,7
ovary,kilic,7
ovary,aidid,7
ovary,yener,7
ovary,viega,7
ovary,gihon,7
ovary,ciita,7
ovary,bixel,7
ovary,skyds,8
ovary,timmi,8
ovary,pilau,7
ovary,viraj,7
ovary,miggy,12
ovary,sease,7
ovary,skiis,8
ovary,pidof,7
ovary,eilon,7
ovary,nisam,7
ovary,ororo,7
ovary,viith,7
ovary,filix,7
ovary,gindy,7
ovary,uitar,7
ovary,qiong,7
ovary,viddi,7
ovary,sprgs,8
ovary,girlw,7
ovary,cioni,7
ovary,pizda,7
ovary,linny,8
ovary,yindi,9
ovary,gisli,7
ovary,alawa,7
ovary,hidey,7
ovary,nirad,7
ovary,cuney,10
ovary,vivtv,7
ovary,giono,7
ovary,pixpo,7
ovary,villy,10
ovary,nikau,7
ovary,lixit,8
ovary,nippa,7
ovary,mikao,7
ovary,jinky,9
ovary,hinky,10
ovary,ticet,7
ovary,citoh,7
ovary,hiran,7
ovary,upaya,7
ovary,liesa,7
ovary,libcw,7
ovary,riesa,7
ovary,videp,7
ovary,offit,7
ovary,awada,7
ovary,sacos,8
ovary,piolo,7
ovary,virna,7
ovary,eissa,7
ovary,mirch,7
ovary,rised,7
ovary,gibex,7
ovary,girba,7
ovary,tenen,7
ovary,nised,7
ovary,sbics,7
ovary,kieff,7
ovary,licet,7
ovary,aidoo,7
ovary,kivel,7
ovary,okoro,8
ovary,gizzy,8
ovary,biram,7
ovary,kisii,7
ovary,jirsa,7
ovary,rizon,7
ovary,nulty,7
ovary,yeary,9
ovary,widex,7
ovary,utata,8
ovary,biren,7
ovary,aiyer,7
ovary,mugzy,7
ovary,wiota,7
ovary,nison,7
ovary,tipsa,7
ovary,kaire,7
ovary,weaks,8
ovary,pitac,7
ovary,kiene,7
ovary,stuks,8
ovary,cirio,7
ovary,mizel,7
ovary,bista,7
ovary,highy,9
ovary,buley,10
ovary,billo,7
ovary,tided,7
ovary,mitla,7
ovary,qpass,8
ovary,jener,7
ovary,piher,7
ovary,kisna,7
ovary,leeze,8
ovary,giong,7
ovary,cizek,7
ovary,hibel,7
ovary,hitex,7
ovary,tihar,7
ovary,neece,9
ovary,riebe,7
ovary,nikel,7
ovary,sidis,8
ovary,kiong,7
ovary,litio,7
ovary,iifwp,7
ovary,sluys,8
ovary,keawe,7
ovary,chiri,7
ovary,cipac,7
ovary,agawa,7
ovary,fujiy,8
ovary,ligos,7
ovary,miney,10
ovary,mipim,7
ovary,mussy,8
ovary,ticke,8
ovary,bifid,7
ovary,ihana,7
ovary,airpo,7
ovary,bireh,7
ovary,diwas,7
ovary,zizou,7
ovary,iipga,7
ovary,mikva,7
ovary,heale,8
ovary,bispo,7
ovary,winna,8
ovary,piltz,7
ovary,zieve,7
ovary,tifia,7
ovary,mital,7
ovary,miggs,7
ovary,kisch,7
ovary,kilwa,7
ovary,biffu,7
ovary,nidan,7
ovary,vicci,7
ovary,tufty,7
ovary,millf,7
ovary,sharn,8
ovary,piech,7
ovary,bikol,7
ovary,beese,7
ovary,riton,7
ovary,rixen,7
ovary,aitec,7
ovary,cisin,7
ovary,srugs,8
ovary,cacha,7
ovary,aidez,7
ovary,fener,7
ovary,duppy,10
ovary,cupey,10
ovary,witco,7
ovary,bwire,7
ovary,kisgb,7
ovary,tutty,8
ovary,vivar,7
ovary,sjres,8
ovary,rijen,7
ovary,bizen,7
ovary,birck,7
ovary,biley,8
ovary,sabas,8
ovary,iidea,7
ovary,recue,7
ovary,bihor,7
ovary,hijau,7
ovary,udata,7
ovary,vincy,10
ovary,rieju,7
ovary,aiyyo,7
ovary,vited,7
ovary,pilou,7
ovary,nihei,7
ovary,kitta,7
ovary,adire,7
ovary,riyaz,7
ovary,pilen,7
ovary,wichi,8
ovary,munby,9
ovary,uited,7
ovary,pirib,7
ovary,kenen,7
ovary,bishi,7
ovary,pihak,7
ovary,tirau,7
ovary,cikgu,7
ovary,kurwy,10
ovary,direx,7
ovary,kitlv,7
ovary,vitto,7
ovary,lmass,8
ovary,milou,7
ovary,libgb,7
ovary,eipen,7
ovary,zidek,7
ovary,subfs,8
ovary,riepe,7
ovary,nisaa,7
ovary,cipec,7
ovary,kidou,7
ovary,lince,7
ovary,hivid,7
ovary,adass,7
ovary,cisar,7
ovary,vipac,7
ovary,nilan,7
ovary,pirno,7
ovary,piena,7
ovary,eibar,7
ovary,girlc,7
ovary,pieck,7
ovary,styls,8
ovary,chura,7
ovary,miltf,7
ovary,feese,9
ovary,symas,8
ovary,systs,8
ovary,vivec,7
ovary,kittu,7
ovary,nihad,7
ovary,liran,7
ovary,hirap,7
ovary,liggy,8
ovary,eisch,7
ovary,kiryu,7
ovary,giray,10
ovary,cipel,7
ovary,virag,7
ovary,anapa,7
ovary,aiusa,7
ovary,sadus,7
ovary,ydata,7
ovary,lizst,8
ovary,lieto,7
ovary,citib,7
ovary,virez,7
ovary,shaes,7
ovary,niked,7
ovary,mirer,7
ovary,siels,8
ovary,tiggs,7
ovary,kissq,7
ovary,simmy,7
ovary,cideo,7
ovary,vitta,7
ovary,kitaj,7
ovary,spils,8
ovary,licly,9
ovary,asama,7
ovary,lipno,7
ovary,bdata,7
ovary,miria,7
ovary,sitex,7
ovary,fiata,8
ovary,russy,9
ovary,giogo,7
ovary,rieni,7
ovary,omata,7
ovary,pillo,7
ovary,mijag,7
ovary,riina,7
ovary,niran,7
ovary,nitsa,7
ovary,zilli,7
ovary,kicky,10
ovary,kilik,7
ovary,rilem,7
ovary,vijai,7
ovary,giftd,7
ovary,billh,7
ovary,wicki,7
ovary,amapa,7
ovary,viron,7
ovary,vilja,7
ovary,gioal,7
ovary,samis,8
ovary,saxis,8
ovary,tifac,7
ovary,girlq,7
ovary,seaes,7
ovary,pilih,7
ovary,mikah,7
ovary,giola,7
ovary,liget,7
ovary,piklz,7
ovary,bitel,7
ovary,kissa,7
ovary,aissa,7
ovary,sadis,8
ovary,bisch,7
ovary,swmus,7
ovary,riscc,7
ovary,bivin,7
ovary,liges,7
ovary,giogl,7
ovary,hully,9
ovary,scbas,8
ovary,gioga,7
ovary,gioel,7
ovary,gioog,7
salvo,pulse,7
salvo,busty,9
salvo,saver,12
salvo,sluts,7
salvo,saves,10
salvo,scuba,8
salvo,tulsa,7
salvo,pagan,12
salvo,kinky,9
salvo,risky,8
salvo,nifty,8
salvo,tummy,9
salvo,yummy,9
salvo,husky,9
salvo,duffy,9
salvo,seuss,7
salvo,mikey,8
salvo,raman,9
salvo,shuts,8
salvo,vijay,8
salvo,euler,8
salvo,girly,8
salvo,souza,7
salvo,lizzy,8
salvo,chica,7
salvo,nutty,10
salvo,tully,8
salvo,cavan,9
salvo,cunny,9
salvo,bulma,7
salvo,murky,9
salvo,vinny,8
salvo,bucky,9
salvo,sousa,7
salvo,eagan,12
salvo,ducky,9
salvo,inria,7
salvo,bushy,9
salvo,fussy,9
salvo,hagan,7
salvo,busby,7
salvo,slush,7
salvo,runny,9
salvo,rummy,9
salvo,rajan,9
salvo,pulau,7
salvo,tulle,8
salvo,tulum,7
salvo,naman,9
salvo,daman,9
salvo,nolte,7
salvo,laban,8
salvo,spass,7
salvo,vichy,8
salvo,culpa,7
salvo,tubby,8
salvo,hulme,7
salvo,yello,7
salvo,nulla,8
salvo,invia,7
salvo,nuray,9
salvo,kimmy,7
salvo,zaman,9
salvo,aunty,9
salvo,bucci,7
salvo,sacco,7
salvo,bizzy,7
salvo,furby,7
salvo,taman,9
salvo,maran,7
salvo,stull,7
salvo,ouray,9
salvo,huffy,7
salvo,cubby,8
salvo,taran,7
salvo,cuddy,7
salvo,bibby,7
salvo,horry,8
salvo,kiely,9
salvo,ously,9
salvo,culos,7
salvo,vinay,8
salvo,yulia,7
salvo,ragan,8
salvo,bayan,8
salvo,pavan,9
salvo,gumby,7
salvo,kursy,9
salvo,nulls,8
salvo,wifey,8
salvo,luray,9
salvo,tucci,7
salvo,nimoy,8
salvo,musky,9
salvo,tushy,9
salvo,scull,8
salvo,baran,10
salvo,busey,9
salvo,fulda,7
salvo,hakan,8
salvo,dungy,9
salvo,lacan,9
salvo,hulse,7
salvo,navan,9
salvo,bugsy,9
salvo,tinny,8
salvo,bagan,12
salvo,nutch,7
salvo,yucky,9
salvo,gunny,9
salvo,cushy,9
salvo,maman,8
salvo,linky,8
salvo,hanan,7
salvo,innis,7
salvo,haman,8
salvo,kahan,7
salvo,winky,8
salvo,souci,7
salvo,bungy,9
salvo,dayan,8
salvo,buzzy,8
salvo,tuffy,9
salvo,ounty,9
salvo,sabio,7
salvo,dubey,7
salvo,pulsa,7
salvo,falta,7
salvo,cully,8
salvo,tukey,9
salvo,binky,7
salvo,wishy,8
salvo,innit,7
salvo,bulla,7
salvo,stupa,7
salvo,fugly,9
salvo,stutz,7
salvo,sould,7
salvo,limey,8
salvo,vulns,7
salvo,haran,8
salvo,lagan,12
salvo,kaman,12
salvo,kissy,9
salvo,cincy,8
salvo,noooo,10
salvo,visby,7
salvo,gahan,9
salvo,makan,9
salvo,hunny,9
salvo,sarno,7
salvo,tubey,7
salvo,laman,9
salvo,dulug,7
salvo,furey,9
salvo,lucci,7
salvo,huggy,8
salvo,minky,8
salvo,posto,7
salvo,natan,9
salvo,nikky,8
salvo,nacaa,8
salvo,yuriy,9
salvo,soupy,7
salvo,savio,7
salvo,jinny,8
salvo,muzzy,7
salvo,wazoo,7
salvo,ponto,7
salvo,miffy,8
salvo,pongo,7
salvo,tagan,9
salvo,saman,11
salvo,savas,9
salvo,robbo,7
salvo,hissy,8
salvo,nicci,7
salvo,ballo,8
salvo,hussy,9
salvo,sacro,7
salvo,sluty,7
salvo,smuts,7
salvo,saner,7
salvo,melco,7
salvo,tulia,7
salvo,kulik,7
salvo,paean,9
salvo,stuur,7
salvo,bunty,9
salvo,dahan,9
salvo,nimby,7
salvo,lucey,9
salvo,cummy,9
salvo,sates,7
salvo,lumby,7
salvo,tichy,8
salvo,slutz,7
salvo,dunny,9
salvo,bulan,7
salvo,finny,8
salvo,guidi,7
salvo,cissy,8
salvo,dagan,10
salvo,firey,8
salvo,samer,12
salvo,follo,10
salvo,yulee,7
salvo,bulle,7
salvo,buhay,9
salvo,steet,7
salvo,fulks,7
salvo,ssues,7
salvo,sawai,7
salvo,safed,8
salvo,timey,8
salvo,badan,9
salvo,dulux,7
salvo,dully,8
salvo,ritch,8
salvo,pawan,9
salvo,yaboo,7
salvo,manan,9
salvo,saddo,7
salvo,bazan,9
salvo,yajoo,7
salvo,yanoo,7
salvo,listy,8
salvo,hulen,8
salvo,gabaa,10
salvo,murty,9
salvo,gavan,9
salvo,dulac,7
salvo,lusby,7
salvo,posso,7
salvo,gibby,7
salvo,aaraa,10
salvo,canoo,9
salvo,likey,8
salvo,stubb,7
salvo,richy,8
salvo,culls,8
salvo,hiway,8
salvo,airey,8
salvo,skuld,7
salvo,mkiii,7
salvo,wiggy,7
salvo,eelco,8
salvo,sasco,8
salvo,biffy,7
salvo,munky,9
salvo,ratan,9
salvo,lulls,8
salvo,lulac,7
salvo,jelco,9
salvo,daran,8
salvo,bussy,9
salvo,huddy,7
salvo,cular,7
salvo,saker,8
salvo,zulus,7
salvo,sawan,7
salvo,biggy,8
salvo,hulst,7
salvo,bulow,7
salvo,lully,7
salvo,javan,9
salvo,stuka,7
salvo,cunty,9
salvo,sater,9
salvo,muhly,9
salvo,tuohy,9
salvo,wussy,8
salvo,bubby,7
salvo,entel,8
salvo,hazan,8
salvo,qusay,9
salvo,patan,9
salvo,sayan,8
salvo,bulks,7
salvo,winny,8
salvo,kavan,12
salvo,sloss,7
salvo,jimny,8
salvo,soucy,7
salvo,sames,10
salvo,invit,7
salvo,watan,9
salvo,snugg,7
salvo,balta,7
salvo,invis,7
salvo,sfusd,7
salvo,steil,7
salvo,saras,9
salvo,forro,8
salvo,hulle,8
salvo,gagan,11
salvo,kubby,8
salvo,paran,10
salvo,muzny,8
salvo,vatan,9
salvo,fuddy,7
salvo,nucci,7
salvo,sahai,7
salvo,ingin,8
salvo,sader,12
salvo,tulse,7
salvo,kundu,7
salvo,hurly,9
salvo,killy,7
salvo,wwiii,8
salvo,stext,8
salvo,stuhl,7
salvo,nasaa,10
salvo,nubby,8
salvo,iayoo,9
salvo,bunky,9
salvo,burby,7
salvo,lulea,8
salvo,kullu,8
salvo,dulas,7
salvo,evere,7
salvo,oussy,9
salvo,bajan,9
salvo,yobbo,7
salvo,ciety,8
salvo,rixey,8
salvo,durty,9
salvo,matan,9
salvo,lviii,8
salvo,tulku,7
salvo,julee,7
salvo,culms,7
salvo,cumby,7
salvo,kulow,7
salvo,sarco,8
salvo,dubay,7
salvo,kasaa,7
salvo,ducey,9
salvo,spiss,8
salvo,uulib,7
salvo,muray,9
salvo,katan,8
salvo,stria,9
salvo,firmy,8
salvo,strib,7
salvo,rusby,7
salvo,scuds,7
salvo,sadan,11
salvo,bulga,7
salvo,ninny,8
salvo,ticky,8
salvo,dubby,8
salvo,studt,7
salvo,pelli,7
salvo,pully,8
salvo,tulla,8
salvo,cagan,7
salvo,hulyk,7
salvo,dulin,7
salvo,fulla,8
salvo,hiney,8
salvo,tunny,9
salvo,lavan,9
salvo,binny,7
salvo,eulas,7
salvo,yulin,7
salvo,tibby,7
salvo,yaman,9
salvo,wuzzy,7
salvo,sdult,7
salvo,iulia,7
salvo,smush,7
salvo,dufty,9
salvo,wizzy,8
salvo,dulls,8
salvo,yaooo,7
salvo,milko,7
salvo,duany,9
salvo,strin,8
salvo,souks,7
salvo,oulun,7
salvo,bahan,9
salvo,stuhr,7
salvo,kulak,7
salvo,saper,10
salvo,butty,7
salvo,stulz,7
salvo,bulis,7
salvo,aulis,7
salvo,mimsy,8
salvo,bakan,9
salvo,titch,7
salvo,dulse,7
salvo,hulot,7
salvo,cahan,7
salvo,dufay,9
salvo,zulia,7
salvo,stute,7
salvo,wallo,8
salvo,tacan,9
salvo,sadao,7
salvo,turky,9
salvo,tahan,9
salvo,exeem,7
salvo,nelli,8
salvo,vitti,7
salvo,vallo,8
salvo,kello,8
salvo,higgy,9
salvo,sardo,7
salvo,kumeu,7
salvo,kelco,9
salvo,luffy,9
salvo,tinky,8
salvo,lussy,9
salvo,fulke,7
salvo,kawan,9
salvo,mombo,7
salvo,romio,7
salvo,siusi,7
salvo,gorno,7
salvo,velco,9
salvo,scutt,8
salvo,lulau,7
salvo,hsrry,8
salvo,sculp,8
salvo,torro,10
salvo,sabai,7
salvo,tiggy,12
salvo,winey,8
salvo,fviii,8
salvo,banan,9
salvo,krlly,7
salvo,figgy,10
salvo,aitch,8
salvo,vinoy,8
salvo,phiri,7
salvo,hixxy,7
salvo,lissy,8
salvo,skuas,7
salvo,milpo,7
salvo,kaxaa,7
salvo,kulit,7
salvo,kaaaa,7
salvo,jazaa,11
salvo,sbull,7
salvo,kulin,7
salvo,yatoo,7
salvo,kslly,7
salvo,inzip,7
salvo,sauro,7
salvo,qaqaa,10
salvo,bulat,7
salvo,rucci,7
salvo,kinny,9
salvo,tucky,9
salvo,yamoo,7
salvo,millo,7
salvo,kflly,7
salvo,aulus,7
salvo,hxrry,7
salvo,sagev,7
salvo,mugsy,9
salvo,stuey,7
salvo,mizzy,8
salvo,aulos,7
salvo,lelli,9
salvo,corro,8
salvo,collo,10
salvo,mollo,8
salvo,kibby,7
salvo,gelli,10
salvo,sture,7
salvo,ginty,8
salvo,jawan,7
salvo,ruffy,9
salvo,fulop,7
salvo,birty,7
salvo,minny,8
salvo,nicey,8
salvo,nitti,7
salvo,buzby,7
salvo,inhib,7
salvo,baoan,9
salvo,kaban,7
salvo,livny,8
salvo,zollo,8
salvo,stuph,7
salvo,duley,8
salvo,hahaa,8
salvo,sahoo,7
salvo,macan,9
salvo,rinky,8
salvo,likly,8
salvo,payan,8
salvo,gushy,9
salvo,ciney,8
salvo,tussy,9
salvo,canan,8
salvo,lollo,9
salvo,gaian,9
salvo,snuba,7
salvo,wagan,12
salvo,kihuy,9
salvo,karaa,7
salvo,ravan,9
salvo,fulls,8
salvo,bialy,7
salvo,wwwva,7
salvo,tulin,7
salvo,ninoy,8
salvo,souda,7
salvo,hollo,10
salvo,kulov,7
salvo,nayan,7
salvo,aulas,7
salvo,pulga,7
salvo,davan,9
salvo,tahaa,8
salvo,lulav,7
salvo,kayan,8
salvo,sajan,9
salvo,herry,8
salvo,stelt,8
salvo,mumby,8
salvo,tules,8
salvo,riney,8
salvo,souad,7
salvo,kulka,7
salvo,lunny,9
salvo,bijoy,7
salvo,julen,8
salvo,ninty,8
salvo,hulet,8
salvo,aavan,9
salvo,scums,7
salvo,sanko,7
salvo,insid,7
salvo,tumby,7
salvo,riety,8
salvo,hulin,7
salvo,yukky,8
salvo,husby,7
salvo,fello,9
salvo,welco,9
salvo,seuls,7
salvo,iatan,9
salvo,safey,7
salvo,naran,9
salvo,lukey,9
salvo,yulan,7
salvo,jully,8
salvo,cadoo,8
salvo,fucky,9
salvo,tulis,7
salvo,borno,8
salvo,layan,8
salvo,jinty,8
salvo,juley,8
salvo,bulba,7
salvo,gillo,7
salvo,telli,10
salvo,wicky,8
salvo,hulka,7
salvo,fixly,8
salvo,ladan,9
salvo,hults,7
salvo,tuley,8
salvo,lello,10
salvo,sanjo,8
salvo,julin,7
salvo,vasan,9
salvo,luddy,7
salvo,skutt,7
salvo,stube,7
salvo,garan,10
salvo,giesy,8
salvo,gifty,8
salvo,ouchy,9
salvo,samas,9
salvo,snuka,7
salvo,sanso,9
salvo,ribby,7
salvo,goooo,9
salvo,fullt,8
salvo,scuti,8
salvo,masan,9
salvo,boooo,10
salvo,dulay,7
salvo,auray,9
salvo,siuya,7
salvo,ponro,7
salvo,munny,9
salvo,tulln,8
salvo,tuloy,7
salvo,szucs,7
salvo,furay,9
salvo,romao,7
salvo,sarlo,7
salvo,sasan,10
salvo,felli,7
salvo,daboo,7
salvo,hitti,7
salvo,cuffy,9
salvo,arrrr,7
salvo,burny,9
salvo,kulas,7
salvo,infil,7
salvo,julis,7
salvo,pulex,7
salvo,karve,7
salvo,dukey,9
salvo,vahan,9
salvo,xaman,9
salvo,sagoo,7
salvo,taian,9
salvo,jadoo,9
salvo,miggy,11
salvo,jifty,8
salvo,saijo,7
salvo,baboo,8
salvo,linny,8
salvo,cuney,9
salvo,kadan,10
salvo,sough,7
salvo,scuol,8
salvo,rubey,7
salvo,jinky,8
salvo,nelco,9
salvo,hinky,8
salvo,ribsy,8
salvo,steir,7
salvo,gazan,9
salvo,tulls,8
salvo,kombo,7
salvo,gunby,7
salvo,wakan,9
salvo,gizzy,8
salvo,nahan,9
salvo,gusti,8
salvo,mugzy,8
salvo,mallo,7
salvo,chirs,7
salvo,danan,8
salvo,invid,7
salvo,yanan,9
salvo,nuddy,7
salvo,aaman,9
salvo,stuks,8
salvo,pulak,7
salvo,sanes,9
salvo,savan,11
salvo,buley,8
salvo,inbis,7
salvo,tuleh,8
salvo,pulis,7
salvo,nulle,8
salvo,sapno,7
salvo,sluys,7
salvo,fujiy,9
salvo,miney,8
salvo,mussy,9
salvo,chira,7
salvo,rakan,9
salvo,rallo,8
salvo,safai,7
salvo,oorno,9
salvo,janan,8
salvo,tiffy,8
salvo,varan,10
salvo,sanno,10
salvo,fusty,9
salvo,kollo,10
salvo,kulim,7
salvo,vicci,7
salvo,tufty,9
salvo,bulit,7
salvo,pasan,9
salvo,ccccd,7
salvo,girty,8
salvo,pallo,9
salvo,sruti,7
salvo,srugs,7
salvo,tulee,9
salvo,jalta,8
salvo,eavan,9
salvo,tutty,9
salvo,stupp,7
salvo,gollo,7
salvo,fisty,8
salvo,dawan,9
salvo,sabas,9
salvo,szulc,7
salvo,bubsy,7
salvo,vincy,8
salvo,eulen,8
salvo,stutt,7
salvo,munby,9
salvo,kulpa,7
salvo,kurwy,9
salvo,culin,7
salvo,faran,10
salvo,aulin,7
salvo,soult,7
salvo,saher,11
salvo,bulut,7
salvo,dallo,8
salvo,souma,7
salvo,bisby,8
salvo,slusa,7
salvo,liggy,12
salvo,giray,8
salvo,wafaa,9
salvo,radan,9
salvo,saeko,7
salvo,hisey,8
salvo,kubly,7
salvo,licly,8
salvo,russy,9
salvo,vishy,8
salvo,pillo,7
salvo,padan,9
salvo,kulig,7
salvo,kicky,8
salvo,kasan,12
salvo,hulan,7
salvo,tulig,7
salvo,taxan,8
salvo,mifty,8
salvo,vulne,7
salvo,poglo,7
salvo,hully,8
salvo,riely,8
stork,busty,7
stork,radar,8
stork,chile,7
stork,xanax,8
stork,sells,7
stork,qatar,8
stork,kazaa,8
stork,chili,7
stork,hamas,7
stork,param,8
stork,kauai,7
stork,chico,7
stork,terre,9
stork,tummy,7
stork,yummy,7
stork,husky,7
stork,aztec,7
stork,duffy,7
stork,keene,8
stork,seuss,7
stork,raman,8
stork,karat,8
stork,nagar,7
stork,dakar,8
stork,chimp,7
stork,texan,8
stork,dalai,7
stork,loire,7
stork,fatah,8
stork,reeve,8
stork,jalan,8
stork,chica,7
stork,azres,7
stork,bumpy,7
stork,nutty,7
stork,tully,7
stork,yarra,13
stork,izmir,7
stork,izumi,7
stork,cunny,7
stork,bajar,8
stork,paras,8
stork,kagan,10
stork,casas,8
stork,murky,9
stork,barak,7
stork,remax,7
stork,bucky,7
stork,tamar,8
stork,kazan,8
stork,eagan,10
stork,ducky,7
stork,bloor,8
stork,ezmlm,7
stork,bushy,7
stork,beebe,8
stork,fussy,7
stork,azusa,7
stork,keele,8
stork,hagar,7
stork,nzlug,7
stork,catan,9
stork,runny,7
stork,babar,8
stork,najaf,8
stork,camas,8
stork,davao,8
stork,noire,7
stork,bazar,8
stork,rummy,7
stork,curvy,7
stork,rajan,8
stork,rabat,8
stork,beene,8
stork,xalan,8
stork,keefe,8
stork,temas,7
stork,tatar,8
stork,naman,8
stork,daman,8
stork,karas,8
stork,sires,7
stork,tabac,8
stork,henan,8
stork,steht,8
stork,saarc,7
stork,dalam,8
stork,tarry,9
stork,zaman,8
stork,aunty,7
stork,taman,8
stork,bajaj,8
stork,poppa,7
stork,gaiam,8
stork,azria,7
stork,maran,8
stork,zagat,7
stork,rafah,8
stork,solas,7
stork,huffy,7
stork,taran,8
stork,cuddy,7
stork,ozawa,7
stork,gutsy,7
stork,kalam,8
stork,sults,7
stork,horry,9
stork,chita,7
stork,ously,7
stork,ragan,10
stork,pavan,7
stork,kursy,7
stork,hanae,7
stork,azden,7
stork,medan,8
stork,musky,9
stork,tushy,7
stork,baran,10
stork,hynny,7
stork,hamap,7
stork,galax,8
stork,nakai,7
stork,reman,8
stork,chios,7
stork,barat,8
stork,hayat,7
stork,turvy,7
stork,busey,7
stork,hakan,8
stork,dungy,7
stork,sikes,7
stork,nagai,7
stork,zadar,8
stork,rajah,8
stork,tamas,8
stork,yucky,7
stork,ozaki,7
stork,takao,8
stork,tawas,7
stork,hamad,7
stork,ramat,8
stork,remap,7
stork,batam,8
stork,pappa,7
stork,gunny,7
stork,zakat,8
stork,cushy,7
stork,taras,8
stork,vagas,7
stork,kanab,8
stork,maman,7
stork,haram,7
stork,hanan,7
stork,kemah,7
stork,haman,8
stork,kahan,8
stork,hamar,7
stork,bahai,7
stork,cutty,7
stork,rence,11
stork,nawaz,7
stork,bungy,7
stork,panax,8
stork,buzzy,7
stork,gence,11
stork,rzepa,7
stork,tabak,7
stork,tuffy,7
stork,slorc,7
stork,ounty,7
stork,pasar,8
stork,heian,8
stork,poppe,7
stork,dubey,7
stork,meese,8
stork,cully,7
stork,zanax,8
stork,tukey,7
stork,tence,11
stork,hayao,7
stork,karam,8
stork,camac,8
stork,haran,8
stork,jafar,7
stork,canad,8
stork,chive,7
stork,zafar,8
stork,kaman,8
stork,casar,8
stork,demme,8
stork,moire,8
stork,noooo,7
stork,gahan,8
stork,valar,8
stork,makan,8
stork,hunny,7
stork,malak,7
stork,havas,7
stork,tubey,7
stork,malan,8
stork,furey,7
stork,azumi,7
stork,garam,8
stork,vence,7
stork,natas,8
stork,ramah,8
stork,natan,8
stork,skort,7
stork,galan,8
stork,tanah,8
stork,caran,9
stork,kasai,7
stork,zajac,8
stork,farad,8
stork,ramad,8
stork,yuriy,7
stork,bahar,8
stork,geran,8
stork,yaxay,7
stork,nazar,8
stork,balad,8
stork,nayar,8
stork,redan,8
stork,ganar,8
stork,muzzy,7
stork,azuli,7
stork,calan,9
stork,balan,10
stork,damas,8
stork,chieh,7
stork,dahab,8
stork,chiks,7
stork,naias,8
stork,kabat,8
stork,caras,8
stork,tagan,10
stork,cyndy,7
stork,dumpy,7
stork,herre,9
stork,hadas,7
stork,zarah,8
stork,ozric,7
stork,hussy,7
stork,azuma,7
stork,kanai,7
stork,waaay,9
stork,ragas,7
stork,navas,8
stork,babak,7
stork,paean,8
stork,bunty,7
stork,dahan,8
stork,parag,8
stork,kamat,8
stork,xliii,7
stork,cummy,7
stork,sates,9
stork,keepe,8
stork,hadar,7
stork,dalat,8
stork,garay,8
stork,talat,8
stork,razak,7
stork,rawat,7
stork,pawar,7
stork,cabas,8
stork,dunny,7
stork,azeem,7
stork,hamax,7
stork,dagan,7
stork,hadac,7
stork,tadao,8
stork,palas,8
stork,chika,7
stork,hadad,7
stork,kalan,8
stork,namah,8
stork,mazak,7
stork,cajas,8
stork,teese,8
stork,vanaf,8
stork,ozeki,7
stork,peele,8
stork,nanao,8
stork,temat,7
stork,steet,7
stork,rafat,8
stork,kakar,8
stork,deman,7
stork,balak,7
stork,teman,8
stork,fahad,8
stork,balas,8
stork,eagar,7
stork,farre,7
stork,dadar,8
stork,ozdip,7
stork,kamas,8
stork,badan,7
stork,wahab,8
stork,bakar,8
stork,dully,7
stork,pawan,8
stork,manan,8
stork,bazan,8
stork,hajar,7
stork,chisq,7
stork,waqar,8
stork,woooo,7
stork,banat,8
stork,deede,8
stork,gabaa,8
stork,koori,7
stork,batak,7
stork,murty,9
stork,gavan,7
stork,malam,7
stork,danah,8
stork,nagao,7
stork,bence,8
stork,kadar,8
stork,nadav,7
stork,aaraa,8
stork,cabac,8
stork,uence,9
stork,cutey,7
stork,nawab,7
stork,nakao,8
stork,damar,8
stork,mkiii,7
stork,kabar,8
stork,czrds,7
stork,wiggy,8
stork,rahab,8
stork,nahar,8
stork,remar,7
stork,munky,9
stork,ratan,8
stork,weese,7
stork,naiad,8
stork,ganas,8
stork,daran,8
stork,bussy,7
stork,huddy,7
stork,nadar,8
stork,basak,7
stork,cence,10
stork,foire,7
stork,renan,8
stork,biggy,11
stork,pasay,8
stork,panam,8
stork,revan,8
stork,panas,8
stork,wayan,7
stork,seres,8
stork,rajab,8
stork,cunty,7
stork,halas,7
stork,neese,8
stork,muhly,9
stork,nasar,8
stork,spkrs,7
stork,chism,7
stork,nagas,7
stork,kutty,7
stork,wussy,7
stork,geeze,7
stork,aaaah,9
stork,jagan,8
stork,patas,8
stork,doory,7
stork,dagar,7
stork,hazan,8
stork,doorn,7
stork,patan,8
stork,tagar,7
stork,nanas,8
stork,heman,8
stork,zahar,8
stork,varas,8
stork,kavan,7
stork,teran,8
stork,sames,9
stork,weeke,7
stork,watan,8
stork,chimo,7
stork,dawah,7
stork,gagan,9
stork,takai,7
stork,calas,8
stork,azeez,7
stork,dutty,7
stork,gzmes,7
stork,paran,8
stork,rajat,8
stork,silts,7
stork,muzny,8
stork,keese,8
stork,culty,7
stork,chiou,7
stork,warre,8
stork,ketan,8
stork,harav,7
stork,zayas,8
stork,balai,7
stork,kalas,8
stork,vatan,8
stork,varad,8
stork,rehau,7
stork,dayak,7
stork,fuddy,7
stork,qamar,8
stork,humpy,7
stork,canam,8
stork,nanab,8
stork,wagar,7
stork,gamay,8
stork,garak,7
stork,rajas,8
stork,deese,8
stork,canas,8
stork,hurly,7
stork,fatar,8
stork,wwiii,8
stork,stext,8
stork,nasaa,8
stork,errrr,7
stork,wasat,8
stork,azhoo,7
stork,bunky,7
stork,toooo,7
stork,talas,8
stork,rehan,7
stork,faraj,8
stork,toora,7
stork,celan,8
stork,meran,8
stork,oussy,7
stork,bajan,10
stork,danas,8
stork,izzle,7
stork,durty,7
stork,karak,7
stork,matan,8
stork,khiri,7
stork,nznog,7
stork,stero,7
stork,soort,7
stork,kasaa,8
stork,chipp,7
stork,ducey,7
stork,ezrin,7
stork,katan,8
stork,bahay,8
stork,tatas,8
stork,balam,8
stork,zakah,8
stork,meete,8
stork,jagat,7
stork,chiyo,7
stork,gaias,8
stork,marre,9
stork,cagan,10
stork,izawa,7
stork,ezula,7
stork,gabay,8
stork,tunny,7
stork,raban,8
stork,boire,7
stork,yaman,8
stork,izumo,7
stork,rabah,8
stork,dufty,7
stork,aamas,8
stork,ework,7
stork,warra,7
stork,kamay,8
stork,duany,7
stork,teece,7
stork,datai,7
stork,izzet,7
stork,zeese,8
stork,karry,9
stork,peete,8
stork,panay,8
stork,jabar,7
stork,hanah,7
stork,yanai,7
stork,damai,7
stork,bahan,10
stork,vehas,7
stork,talay,8
stork,talar,8
stork,payam,8
stork,butty,7
stork,selfs,7
stork,paxar,8
stork,balay,8
stork,numpy,7
stork,cemap,7
stork,bakan,10
stork,kabab,8
stork,tzeng,7
stork,pesan,8
stork,waban,8
stork,azadi,7
stork,ragaz,7
stork,melan,8
stork,kalai,7
stork,parad,8
stork,geman,8
stork,mayak,7
stork,cahan,7
stork,yasar,8
stork,tarra,13
stork,skoro,7
stork,neede,8
stork,belau,7
stork,galad,8
stork,ezust,7
stork,kamae,8
stork,jazar,7
stork,nawaf,7
stork,tacan,8
stork,turky,7
stork,tahan,8
stork,datap,8
stork,barad,8
stork,namaz,8
stork,esire,7
stork,noory,7
stork,poort,7
stork,voort,7
stork,chipz,7
stork,faaaq,7
stork,hamam,7
stork,higgy,11
stork,azlea,7
stork,basar,8
stork,banas,8
stork,chilo,7
stork,izmit,7
stork,faraz,8
stork,chits,7
stork,xwork,7
stork,cakap,8
stork,garra,8
stork,neman,7
stork,kawan,8
stork,ranap,8
stork,kasay,8
stork,casac,8
stork,padam,8
stork,azego,7
stork,katas,8
stork,naire,7
stork,chiva,7
stork,kamar,8
stork,famas,8
stork,hsrry,9
stork,yzhoo,7
stork,talaq,8
stork,tiggy,11
stork,banan,9
stork,noora,7
stork,figgy,9
stork,baras,8
stork,masak,7
stork,jeeve,7
stork,kaxaa,8
stork,multy,9
stork,uarry,7
stork,letal,8
stork,kaaaa,9
stork,yarry,8
stork,davar,8
stork,nzmes,7
stork,harar,7
stork,qaqaa,8
stork,bazaa,8
stork,iazaa,8
stork,paire,8
stork,oazaa,8
stork,hzrry,7
stork,tucky,7
stork,qajar,8
stork,wzrez,7
stork,hxrry,8
stork,aazak,7
stork,najah,8
stork,uazaa,8
stork,pakai,7
stork,caray,8
stork,savrs,7
stork,coire,7
stork,azmet,7
stork,czaja,7
stork,baire,9
stork,pazar,8
stork,hatay,7
stork,taaat,9
stork,ramas,8
stork,patak,7
stork,falah,8
stork,baram,8
stork,voire,7
stork,ruffy,7
stork,chieu,7
stork,narai,7
stork,garai,7
stork,smorr,7
stork,gajah,8
stork,hoooo,7
stork,pappe,7
stork,sbirs,7
stork,kaban,8
stork,kamaz,8
stork,czasu,7
stork,nahas,8
stork,farra,10
stork,tataa,8
stork,oasas,8
stork,carag,8
stork,femap,7
stork,duley,7
stork,barab,8
stork,hahaa,7
stork,tahar,8
stork,mamak,7
stork,tamai,7
stork,macan,8
stork,ience,11
stork,fwire,7
stork,payan,9
stork,gushy,7
stork,bapak,7
stork,tussy,7
stork,datar,8
stork,canan,8
stork,boord,7
stork,babai,7
stork,nzaid,7
stork,jawas,7
stork,sulks,7
stork,izzie,7
stork,gaian,8
stork,farag,8
stork,gemme,8
stork,rabac,8
stork,palay,8
stork,noori,7
stork,peran,8
stork,wagan,10
stork,teele,8
stork,karaa,8
stork,ravan,7
stork,tawaf,7
stork,parar,8
stork,aadac,8
stork,banac,8
stork,nanay,8
stork,pappu,7
stork,chise,7
stork,meeee,8
stork,nayan,8
stork,kadam,8
stork,davan,7
stork,chidi,7
stork,velan,8
stork,cadam,8
stork,tahaa,8
stork,kayan,9
stork,taire,10
stork,hahas,7
stork,hazar,7
stork,stelt,8
stork,chito,7
stork,izzue,7
stork,tabar,8
stork,katar,8
stork,beede,8
stork,parah,8
stork,xamax,8
stork,dabar,8
stork,jakab,7
stork,penan,7
stork,noort,7
stork,kalat,8
stork,aavan,7
stork,nadab,8
stork,jaray,7
stork,rakai,7
stork,ozuna,7
stork,fayad,8
stork,hayan,9
stork,reran,8
stork,falar,8
stork,peeke,8
stork,taxat,8
stork,dasar,8
stork,gatas,8
stork,yeman,8
stork,kalaw,8
stork,yukky,7
stork,habay,7
stork,racak,7
stork,patai,7
stork,iatan,8
stork,eunny,7
stork,naran,8
stork,poire,7
stork,bakay,8
stork,shors,7
stork,fawad,7
stork,ianag,8
stork,haras,7
stork,karaj,8
stork,danai,7
stork,yawar,7
stork,scuro,7
stork,fucky,7
stork,paray,8
stork,hadaf,7
stork,rahat,8
stork,kayah,8
stork,babas,8
stork,fajar,8
stork,jakar,7
stork,gadag,8
stork,bloot,8
stork,rzult,7
stork,guthy,7
stork,pajak,7
stork,nzetc,7
stork,gasat,8
stork,najam,8
stork,tuley,7
stork,hakam,7
stork,najab,8
stork,fasab,8
stork,chiew,7
stork,vasan,8
stork,badar,8
stork,jamas,7
stork,kabah,8
stork,garan,8
stork,ruley,7
stork,chido,7
stork,ouchy,7
stork,harre,10
stork,karra,13
stork,kadaj,8
stork,goooo,7
stork,zagar,7
stork,aalas,8
stork,masan,8
stork,gehad,7
stork,boooo,7
stork,janas,7
stork,depan,8
stork,kasam,8
stork,getan,8
stork,munny,8
stork,qalam,8
stork,tuloy,7
stork,reede,8
stork,heese,8
stork,muley,9
stork,palam,8
stork,gehan,7
stork,cemac,7
stork,tzble,7
stork,temme,8
stork,galah,8
stork,pecam,7
stork,ruthy,7
stork,cuffy,7
stork,bacak,7
stork,chima,7
stork,sedes,8
stork,arrrr,7
stork,chiki,7
stork,burny,7
stork,nzfsa,7
stork,yairi,8
stork,banai,7
stork,harad,7
stork,jerre,7
stork,nzads,7
stork,dzama,7
stork,dukey,7
stork,vahan,8
stork,xaman,8
stork,naras,8
stork,kalay,8
stork,baaad,9
stork,dalan,8
stork,taian,8
stork,zabar,8
stork,carac,8
stork,miggy,10
stork,xajax,8
stork,farai,7
stork,menan,8
stork,bawah,7
stork,najar,8
stork,mecab,7
stork,janam,7
stork,zwire,7
stork,kanas,8
stork,cuney,7
stork,kadan,8
stork,tejan,8
stork,basah,8
stork,czyli,7
stork,bzang,7
stork,pelan,8
stork,jedan,8
stork,tasar,8
stork,rubey,7
stork,pahat,8
stork,bayat,8
stork,ramar,8
stork,parap,8
stork,waaah,9
stork,gazan,8
stork,marak,7
stork,waqas,8
stork,oakar,8
stork,gabab,8
stork,wakan,8
stork,garaj,8
stork,vadas,8
stork,palak,7
stork,ozami,7
stork,datat,8
stork,selys,7
stork,nulty,7
stork,nahan,8
stork,nawas,7
stork,srock,8
stork,danan,8
stork,tzset,7
stork,kaire,10
stork,yanan,8
stork,taxas,8
stork,nuddy,7
stork,aaman,8
stork,stuks,8
stork,ramai,7
stork,nedan,8
stork,sanes,8
stork,buley,7
stork,nence,11
stork,palac,8
stork,datab,8
stork,babae,8
stork,darat,8
stork,gawad,7
stork,jamai,7
stork,vasai,7
stork,javah,7
stork,boors,7
stork,neece,7
stork,meire,7
stork,balah,8
stork,eawag,7
stork,larra,11
stork,fujiy,7
stork,mussy,9
stork,perre,8
stork,deyan,9
stork,hamat,7
stork,etock,7
stork,rakan,8
stork,wagah,7
stork,janan,7
stork,chiho,7
stork,varan,8
stork,fusty,7
stork,pajar,8
stork,harra,10
stork,tufty,7
stork,tasas,8
stork,nadac,8
stork,pasan,8
stork,ccccd,7
stork,tehan,7
stork,sfock,7
stork,beese,8
stork,stofk,7
stork,deran,10
stork,razas,8
stork,rajam,8
stork,carax,8
stork,tamao,8
stork,nadas,8
stork,taraz,8
stork,bwire,7
stork,kahaf,8
stork,eavan,7
stork,pajas,8
stork,tutty,7
stork,pavao,8
stork,dawan,8
stork,nagat,7
stork,veran,8
stork,namac,8
stork,nzctu,7
stork,nzcer,7
stork,bubsy,7
stork,jamat,7
stork,adire,7
stork,ctock,8
stork,solrs,7
stork,kurwy,7
stork,faran,8
stork,necas,7
stork,nawar,7
stork,kazar,8
stork,badam,8
stork,chura,7
stork,kasak,7
stork,nemax,7
stork,aytoy,7
stork,feree,8
stork,azuki,7
stork,stosk,8
stork,wafaa,8
stork,radan,8
stork,jarra,12
stork,palao,8
stork,baham,8
stork,gabai,7
stork,pahad,8
stork,kubly,7
stork,rztes,7
stork,badaz,7
stork,falaq,8
stork,russy,7
stork,waray,8
stork,lehal,7
stork,qasas,8
stork,danao,8
stork,padan,8
stork,wakai,7
stork,kasan,8
stork,kawas,7
stork,taxan,8
stork,seaes,8
stork,ranae,8
stork,casad,8
stork,maqam,7
stork,yazad,8
stork,fynny,7
stork,goorg,7
stork,chike,7
stork,hully,7
stork,chigi,7
stork,iamas,8
